id,name,pos,team,team_name,price,gw,opp,home,p_start,xp,pts_goal,pts_ast,pts_cs,pts_dc,pts_bonus,pts_sv,pts_app,p_cs,per_match,p_start_base,xg,xa,bonus90,selected_by,status,news,pen1,prior
1,Raya,GK,1,ARS,6.0,1,COV,True,0.654,2.5687085963812626,0.0,0.0,1.4116936703356813,0.0,0.0,0.0,1.2429219050363542,0.5394984919747113,3.9266717509348643,0.6541694237033444,0.0,0.0,0.0,37.8,a,,False,True
1,Raya,GK,1,ARS,6.0,2,AVL,False,0.654,2.1379595588431677,0.0,0.0,1.0551516399469356,0.0,0.0,0.0,1.2429219050363542,0.4032409654572262,3.2682046597957455,0.6541694237033444,0.0,0.0,0.0,37.8,a,,False,True
1,Raya,GK,1,ARS,6.0,3,CHE,True,0.654,2.1348742855392517,0.0,0.0,1.052702991029758,0.0,0.0,0.0,1.2429219050363542,0.4023051800060677,3.2634883383167477,0.6541694237033444,0.0,0.0,0.0,37.8,a,,False,True
1,Raya,GK,1,ARS,6.0,4,SUN,False,0.654,2.3990558289279083,0.0,0.0,1.2679631950398857,0.0,0.0,0.0,1.2429219050363542,0.48456987941356583,3.6673310338268617,0.6541694237033444,0.0,0.0,0.0,37.8,a,,False,True
1,Raya,GK,1,ARS,6.0,5,BHA,False,0.654,2.043916150234044,0.0,0.0,0.9812600226587778,0.0,0.0,0.0,1.2429219050363542,0.37500224983908903,3.124444641058198,0.6541694237033444,0.0,0.0,0.0,37.8,a,,False,True
1,Raya,GK,1,ARS,6.0,6,LEE,True,0.654,2.332976600052742,0.0,0.0,1.2131003747470162,0.0,0.0,0.0,1.2429219050363542,0.4636032848644491,3.566318625602273,0.6541694237033444,0.0,0.0,0.0,37.8,a,,False,True
2,Arrizabalaga,GK,1,ARS,5.0,1,COV,True,0.487,1.9138947521867107,0.0,0.0,1.0518254624743877,0.0,0.0,0.0,0.9260769068076531,0.5394984919747113,3.9266717509348643,0.48740889831981743,0.0,0.0,0.0,0.1,a,,False,True
2,Arrizabalaga,GK,1,ARS,5.0,2,AVL,False,0.487,1.592952032714738,0.0,0.0,0.7861729389237048,0.0,0.0,0.0,0.9260769068076531,0.4032409654572262,3.2682046597957455,0.48740889831981743,0.0,0.0,0.0,0.1,a,,False,True
2,Arrizabalaga,GK,1,ARS,5.0,3,CHE,True,0.487,1.5906532556585375,0.0,0.0,0.7843484983004532,0.0,0.0,0.0,0.9260769068076531,0.4023051800060677,3.2634883383167477,0.48740889831981743,0.0,0.0,0.0,0.1,a,,False,True
2,Arrizabalaga,GK,1,ARS,5.0,4,SUN,False,0.487,1.7874897789716278,0.0,0.0,0.9447346843357316,0.0,0.0,0.0,0.9260769068076531,0.48456987941356583,3.6673310338268617,0.48740889831981743,0.0,0.0,0.0,0.1,a,,False,True
2,Arrizabalaga,GK,1,ARS,5.0,5,BHA,False,0.487,1.5228821203594336,0.0,0.0,0.7311177338460932,0.0,0.0,0.0,0.9260769068076531,0.37500224983908903,3.124444641058198,0.48740889831981743,0.0,0.0,0.0,0.1,a,,False,True
2,Arrizabalaga,GK,1,ARS,5.0,6,LEE,True,0.487,1.7382554323622492,0.0,0.0,0.9038574653329184,0.0,0.0,0.0,0.9260769068076531,0.4636032848644491,3.566318625602273,0.48740889831981743,0.0,0.0,0.0,0.1,a,,False,True
3,Meslier,GK,1,ARS,5.0,1,COV,True,0.405,1.5907966783129603,0.0,0.0,0.8742593864983939,0.0,0.0,0.0,0.7697393315535027,0.5394984919747113,3.9266717509348643,0.40512596397552775,0.0,0.0,0.0,0.0,a,,False,True
3,Meslier,GK,1,ARS,5.0,2,AVL,False,0.405,1.324034563269063,0.0,0.0,0.653453539381125,0.0,0.0,0.0,0.7697393315535027,0.4032409654572262,3.2682046597957455,0.40512596397552775,0.0,0.0,0.0,0.0,a,,False,True
3,Meslier,GK,1,ARS,5.0,3,CHE,True,0.405,1.3221238589834656,0.0,0.0,0.6519370954492255,0.0,0.0,0.0,0.7697393315535027,0.4023051800060677,3.2634883383167477,0.40512596397552775,0.0,0.0,0.0,0.0,a,,False,True
3,Meslier,GK,1,ARS,5.0,4,SUN,False,0.405,1.485731020296476,0.0,0.0,0.7852473580437044,0.0,0.0,0.0,0.7697393315535027,0.48456987941356583,3.6673310338268617,0.40512596397552775,0.0,0.0,0.0,0.0,a,,False,True
3,Meslier,GK,1,ARS,5.0,5,BHA,False,0.405,1.2657936470968743,0.0,0.0,0.6076925918362106,0.0,0.0,0.0,0.7697393315535027,0.37500224983908903,3.124444641058198,0.40512596397552775,0.0,0.0,0.0,0.0,a,,False,True
3,Meslier,GK,1,ARS,5.0,6,LEE,True,0.405,1.444808271041,0.0,0.0,0.7512709107317245,0.0,0.0,0.0,0.7697393315535027,0.4636032848644491,3.566318625602273,0.40512596397552775,0.0,0.0,0.0,0.0,a,,False,True
4,Gabriel,DEF,1,ARS,8.0,1,COV,True,0.794,3.1160099472578517,0.0,0.0,1.7124758820225578,0.0,0.0,0.0,1.5077447964374362,0.5394984919747113,3.9266717509348643,0.7935498928618085,0.0,0.0,0.0,29.6,a,,False,True
4,Gabriel,DEF,1,ARS,8.0,2,AVL,False,0.794,2.593483457631377,0.0,0.0,1.2799672997442963,0.0,0.0,0.0,1.5077447964374362,0.4032409654572262,3.2682046597957455,0.7935498928618085,0.0,0.0,0.0,29.6,a,,False,True
4,Gabriel,DEF,1,ARS,8.0,3,CHE,True,0.794,2.5897408212270165,0.0,0.0,1.2769969299662625,0.0,0.0,0.0,1.5077447964374362,0.4023051800060677,3.2634883383167477,0.7935498928618085,0.0,0.0,0.0,29.6,a,,False,True
4,Gabriel,DEF,1,ARS,8.0,4,SUN,False,0.794,2.9102101489820917,0.0,0.0,1.5381215035707787,0.0,0.0,0.0,1.5077447964374362,0.48456987941356583,3.6673310338268617,0.7935498928618085,0.0,0.0,0.0,29.6,a,,False,True
4,Gabriel,DEF,1,ARS,8.0,5,BHA,False,0.794,2.479402710164385,0.0,0.0,1.1903319807309851,0.0,0.0,0.0,1.5077447964374362,0.37500224983908903,3.124444641058198,0.7935498928618085,0.0,0.0,0.0,29.6,a,,False,True
4,Gabriel,DEF,1,ARS,8.0,6,LEE,True,0.794,2.8300517632577558,0.0,0.0,1.4715693481382643,0.0,0.0,0.0,1.5077447964374362,0.4636032848644491,3.566318625602273,0.7935498928618085,0.0,0.0,0.0,29.6,a,,False,True
5,J.Timber,DEF,1,ARS,6.5,1,COV,True,0.0,0.0,0.0,0.0,0.0,0.0,0.0,0.0,0.0,0.5394984919747113,3.9266717509348643,0.7778423902092173,0.0,0.0,0.0,0.1,i,Groin injury - Unknown return date,False,True
5,J.Timber,DEF,1,ARS,6.5,2,AVL,False,0.0,0.0,0.0,0.0,0.0,0.0,0.0,0.0,0.0,0.4032409654572262,3.2682046597957455,0.7778423902092173,0.0,0.0,0.0,0.1,i,Groin injury - Unknown return date,False,True
5,J.Timber,DEF,1,ARS,6.5,3,CHE,True,0.467,1.5230877416977233,0.0,0.0,0.7510320547427258,0.0,0.0,0.0,0.8867403248385076,0.4023051800060677,3.2634883383167477,0.7778423902092173,0.0,0.0,0.0,0.1,i,Groin injury - Unknown return date,False,True
5,J.Timber,DEF,1,ARS,6.5,4,SUN,False,0.467,1.7115633222241955,0.0,0.0,0.9046055837434565,0.0,0.0,0.0,0.8867403248385076,0.48456987941356583,3.6673310338268617,0.7778423902092173,0.0,0.0,0.0,0.1,i,Groin injury - Unknown return date,False,True
5,J.Timber,DEF,1,ARS,6.5,5,BHA,False,0.467,1.458195292606253,0.0,0.0,0.7000623512368105,0.0,0.0,0.0,0.8867403248385076,0.37500224983908903,3.124444641058198,0.7778423902092173,0.0,0.0,0.0,0.1,i,Groin injury - Unknown return date,False,True
5,J.Timber,DEF,1,ARS,6.5,6,LEE,True,0.467,1.6644202823916734,0.0,0.0,0.8654646892987384,0.0,0.0,0.0,0.8867403248385076,0.4636032848644491,3.566318625602273,0.7778423902092173,0.0,0.0,0.0,0.1,i,Groin injury - Unknown return date,False,True
6,Saliba,DEF,1,ARS,6.0,1,COV,True,0.0,0.0,0.0,0.0,0.0,0.0,0.0,0.0,0.0,0.5394984919747113,3.9266717509348643,0.7370693522264651,0.0,0.0,0.0,0.3,i,Back injury - Unknown return date,False,True
6,Saliba,DEF,1,ARS,6.0,2,AVL,False,0.0,0.0,0.0,0.0,0.0,0.0,0.0,0.0,0.0,0.4032409654572262,3.2682046597957455,0.7370693522264651,0.0,0.0,0.0,0.3,i,Back injury - Unknown return date,False,True
6,Saliba,DEF,1,ARS,6.0,3,CHE,True,0.442,1.4432503413130486,0.0,0.0,0.7116643642186169,0.0,0.0,0.0,0.8402590615381701,0.4023051800060677,3.2634883383167477,0.7370693522264651,0.0,0.0,0.0,0.3,i,Back injury - Unknown return date,False,True
6,Saliba,DEF,1,ARS,6.0,4,SUN,False,0.442,1.6218463857016663,0.0,0.0,0.8571878571067518,0.0,0.0,0.0,0.8402590615381701,0.48456987941356583,3.6673310338268617,0.7370693522264651,0.0,0.0,0.0,0.3,i,Back injury - Unknown return date,False,True
6,Saliba,DEF,1,ARS,6.0,5,BHA,False,0.442,1.3817594325913296,0.0,0.0,0.6633663968936745,0.0,0.0,0.0,0.8402590615381701,0.37500224983908903,3.124444641058198,0.7370693522264651,0.0,0.0,0.0,0.3,i,Back injury - Unknown return date,False,True
6,Saliba,DEF,1,ARS,6.0,6,LEE,True,0.442,1.5771744955235065,0.0,0.0,0.820098654876242,0.0,0.0,0.0,0.8402590615381701,0.4636032848644491,3.566318625602273,0.7370693522264651,0.0,0.0,0.0,0.3,i,Back injury - Unknown return date,False,True
7,Lewis-Skelly,MID,1,ARS,5.5,1,COV,True,0.27,0.6598491858349131,0.0,0.0,0.14592656722673922,0.0,0.0,0.0,0.5139226186081739,0.5394984919747113,2.439498491974711,0.27048558874114415,0.0,0.0,0.0,0.7,a,,False,True
7,Lewis-Skelly,MID,1,ARS,5.5,2,AVL,False,0.27,0.622993488554419,0.0,0.0,0.1090708699462452,0.0,0.0,0.0,0.5139226186081739,0.4032409654572262,2.303240965457226,0.27048558874114415,0.0,0.0,0.0,0.7,a,,False,True
7,Lewis-Skelly,MID,1,ARS,5.5,3,CHE,True,0.27,0.6227403720757271,0.0,0.0,0.1088177534675532,0.0,0.0,0.0,0.5139226186081739,0.4023051800060677,2.3023051800060674,0.27048558874114415,0.0,0.0,0.0,0.7,a,,False,True
7,Lewis-Skelly,MID,1,ARS,5.5,4,SUN,False,0.27,0.6449917877275775,0.0,0.0,0.13106916911940358,0.0,0.0,0.0,0.5139226186081739,0.48456987941356583,2.384569879413566,0.27048558874114415,0.0,0.0,0.0,0.7,a,,False,True
7,Lewis-Skelly,MID,1,ARS,5.5,5,BHA,False,0.27,0.6153553229351535,0.0,0.0,0.10143270432697962,0.0,0.0,0.0,0.5139226186081739,0.37500224983908903,2.2750022498390887,0.27048558874114415,0.0,0.0,0.0,0.7,a,,False,True
7,Lewis-Skelly,MID,1,ARS,5.5,6,LEE,True,0.27,0.6393206260570627,0.0,0.0,0.12539800744888888,0.0,0.0,0.0,0.5139226186081739,0.4636032848644491,2.363603284864449,0.27048558874114415,0.0,0.0,0.0,0.7,a,,False,True
8,Calafiori,DEF,1,ARS,5.5,1,COV,True,0.639,2.5109838775086617,0.0,0.0,1.3799697058621874,0.0,0.0,0.0,1.214990625618402,0.5394984919747113,3.9266717509348643,0.6394687503254748,0.0,0.0,0.0,40.4,a,,False,True
8,Calafiori,DEF,1,ARS,5.5,2,AVL,False,0.639,2.0899147496074786,0.0,0.0,1.0314399850438816,0.0,0.0,0.0,1.214990625618402,0.4032409654572262,3.2682046597957455,0.6394687503254748,0.0,0.0,0.0,40.4,a,,False,True
8,Calafiori,DEF,1,ARS,5.5,3,CHE,True,0.639,2.0868988094051706,0.0,0.0,1.0290463628317812,0.0,0.0,0.0,1.214990625618402,0.4023051800060677,3.2634883383167477,0.6394687503254748,0.0,0.0,0.0,40.4,a,,False,True
8,Calafiori,DEF,1,ARS,5.5,4,SUN,False,0.639,2.3451435932310947,0.0,0.0,1.2394691809358358,0.0,0.0,0.0,1.214990625618402,0.48456987941356583,3.6673310338268617,0.6394687503254748,0.0,0.0,0.0,40.4,a,,False,True
8,Calafiori,DEF,1,ARS,5.5,5,BHA,False,0.639,1.9979847100786123,0.0,0.0,0.959208880295375,0.0,0.0,0.0,1.214990625618402,0.37500224983908903,3.124444641058198,0.6394687503254748,0.0,0.0,0.0,40.4,a,,False,True
8,Calafiori,DEF,1,ARS,5.5,6,LEE,True,0.639,2.28054931477635,0.0,0.0,1.1858392528762174,0.0,0.0,0.0,1.214990625618402,0.4636032848644491,3.566318625602273,0.6394687503254748,0.0,0.0,0.0,40.4,a,,False,True
9,Hincapie,DEF,1,ARS,5.5,1,COV,True,0.532,2.090404061307993,0.0,0.0,1.148830266675562,0.0,0.0,0.0,1.011484526441403,0.5394984919747113,3.9266717509348643,0.5323602770744227,0.0,0.0,0.0,1.7,a,,False,True
9,Hincapie,DEF,1,ARS,5.5,2,AVL,False,0.532,1.7398623382247824,0.0,0.0,0.8586778883942666,0.0,0.0,0.0,1.011484526441403,0.4032409654572262,3.2682046597957455,0.5323602770744227,0.0,0.0,0.0,1.7,a,,False,True
9,Hincapie,DEF,1,ARS,5.5,3,CHE,True,0.532,1.7373515560154509,0.0,0.0,0.8566851883860227,0.0,0.0,0.0,1.011484526441403,0.4023051800060677,3.2634883383167477,0.5323602770744227,0.0,0.0,0.0,1.7,a,,False,True
9,Hincapie,DEF,1,ARS,5.5,4,SUN,False,0.532,1.952341365291697,0.0,0.0,1.031863021066102,0.0,0.0,0.0,1.011484526441403,0.48456987941356583,3.6673310338268617,0.5323602770744227,0.0,0.0,0.0,1.7,a,,False,True
9,Hincapie,DEF,1,ARS,5.5,5,BHA,False,0.532,1.6633302148174374,0.0,0.0,0.7985452065114773,0.0,0.0,0.0,1.011484526441403,0.37500224983908903,3.124444641058198,0.5323602770744227,0.0,0.0,0.0,1.7,a,,False,True
9,Hincapie,DEF,1,ARS,5.5,6,LEE,True,0.532,1.8985663716613002,0.0,0.0,0.9872158927322024,0.0,0.0,0.0,1.011484526441403,0.4636032848644491,3.566318625602273,0.5323602770744227,0.0,0.0,0.0,1.7,a,,False,True
10,White,DEF,1,ARS,5.5,1,COV,True,0.442,1.7345349063047877,0.0,0.0,0.9532540793674841,0.0,0.0,0.0,0.8392899969788599,0.5394984919747113,3.9266717509348643,0.4417315773572947,0.0,0.0,0.0,5.1,a,,False,True
10,White,DEF,1,ARS,5.5,2,AVL,False,0.442,1.4436691994980353,0.0,0.0,0.7124970709059957,0.0,0.0,0.0,0.8392899969788599,0.4032409654572262,3.2682046597957455,0.4417315773572947,0.0,0.0,0.0,5.1,a,,False,True
10,White,DEF,1,ARS,5.5,3,CHE,True,0.442,1.4415858513717934,0.0,0.0,0.7108436069723626,0.0,0.0,0.0,0.8392899969788599,0.4023051800060677,3.2634883383167477,0.4417315773572947,0.0,0.0,0.0,5.1,a,,False,True
10,White,DEF,1,ARS,5.5,4,SUN,False,0.442,1.6199759222636978,0.0,0.0,0.8561992686927541,0.0,0.0,0.0,0.8392899969788599,0.48456987941356583,3.6673310338268617,0.4417315773572947,0.0,0.0,0.0,5.1,a,,False,True
10,White,DEF,1,ARS,5.5,5,BHA,False,0.442,1.3801658596601842,0.0,0.0,0.6626013413358204,0.0,0.0,0.0,0.8392899969788599,0.37500224983908903,3.124444641058198,0.4417315773572947,0.0,0.0,0.0,5.1,a,,False,True
10,White,DEF,1,ARS,5.5,6,LEE,True,0.442,1.5753555518459912,0.0,0.0,0.8191528411647853,0.0,0.0,0.0,0.8392899969788599,0.4636032848644491,3.566318625602273,0.4417315773572947,0.0,0.0,0.0,5.1,a,,False,True
11,Mosquera,DEF,1,ARS,5.5,1,COV,True,0.394,1.5479333381087197,0.0,0.0,0.8507028390017192,0.0,0.0,0.0,0.7489990325028708,0.5394984919747113,3.9266717509348643,0.3942100171067741,0.0,0.0,0.0,6.1,a,,False,True
11,Mosquera,DEF,1,ARS,5.5,2,AVL,False,0.394,1.2883590148465198,0.0,0.0,0.635846511564181,0.0,0.0,0.0,0.7489990325028708,0.4032409654572262,3.2682046597957455,0.3942100171067741,0.0,0.0,0.0,6.1,a,,False,True
11,Mosquera,DEF,1,ARS,5.5,3,CHE,True,0.394,1.2864997936756029,0.0,0.0,0.6343709275693431,0.0,0.0,0.0,0.7489990325028708,0.4023051800060677,3.2634883383167477,0.3942100171067741,0.0,0.0,0.0,6.1,a,,False,True
11,Mosquera,DEF,1,ARS,5.5,4,SUN,False,0.394,1.4456986295810907,0.0,0.0,0.764089201812197,0.0,0.0,0.0,0.7489990325028708,0.48456987941356583,3.6673310338268617,0.3942100171067741,0.0,0.0,0.0,6.1,a,,False,True
11,Mosquera,DEF,1,ARS,5.5,5,BHA,False,0.394,1.231687375400721,0.0,0.0,0.5913185732965842,0.0,0.0,0.0,0.7489990325028708,0.37500224983908903,3.124444641058198,0.3942100171067741,0.0,0.0,0.0,6.1,a,,False,True
11,Mosquera,DEF,1,ARS,5.5,6,LEE,True,0.394,1.4058785264068792,0.0,0.0,0.7310282354286846,0.0,0.0,0.0,0.7489990325028708,0.4636032848644491,3.566318625602273,0.3942100171067741,0.0,0.0,0.0,6.1,a,,False,True
12,Saka,MID,1,ARS,9.5,1,COV,True,0.792,2.2145454939542795,0.28305342900979047,0.0,0.42715216251483346,0.0,0.0,0.0,1.5043399024296555,0.5394984919747113,2.796998491974711,0.7917578433840292,0.07150000000000001,0.0,0.0,10.0,a,,True,True
12,Saka,MID,1,ARS,9.5,2,AVL,False,0.792,2.00329615993859,0.1796870603344272,0.0,0.31926919717450725,0.0,0.0,0.0,1.5043399024296555,0.4032409654572262,2.530187956681755,0.7917578433840292,0.045389398244905774,0.0,0.0,10.0,a,,True,True
12,Saka,MID,1,ARS,9.5,3,CHE,True,0.792,2.0405442732001413,0.2176760890666579,0.0,0.3185282817038278,0.0,0.0,0.0,1.5043399024296555,0.4023051800060677,2.5772327868312743,0.7917578433840292,0.054985521365041326,0.0,0.0,10.0,a,,True,True
12,Saka,MID,1,ARS,9.5,4,SUN,False,0.792,2.0664001563655523,0.1783982512425527,0.0,0.383662002693344,0.0,0.0,0.0,1.5043399024296555,0.48456987941356583,2.609889088731488,0.7917578433840292,0.04506384186358443,0.0,0.0,10.0,a,,True,True
12,Saka,MID,1,ARS,9.5,5,BHA,False,0.792,1.9660981379585936,0.16484726293218202,0.0,0.29691097259675603,0.0,0.0,0.0,1.5043399024296555,0.37500224983908903,2.483206392443617,0.7917578433840292,0.041640828520905615,0.0,0.0,10.0,a,,True,True
12,Saka,MID,1,ARS,9.5,6,LEE,True,0.792,2.0997355529381654,0.22833411349848204,0.0,0.36706153701002797,0.0,0.0,0.0,1.5043399024296555,0.4636032848644491,2.6519921090566614,0.7917578433840292,0.05767776483844248,0.0,0.0,10.0,a,,True,True
13,Rice,MID,1,ARS,7.5,1,COV,True,0.77,1.877549222589467,0.0,0.0,0.4152226277358197,0.0,0.0,0.0,1.4623265948536472,0.5394984919747113,2.439498491974711,0.7696455762387617,0.0,0.0,0.0,17.9,a,,False,True
13,Rice,MID,1,ARS,7.5,2,AVL,False,0.77,1.7726792200760486,0.0,0.0,0.3103526252224015,0.0,0.0,0.0,1.4623265948536472,0.4032409654572262,2.303240965457226,0.7696455762387617,0.0,0.0,0.0,17.9,a,,False,True
13,Rice,MID,1,ARS,7.5,3,CHE,True,0.77,1.771958996943256,0.0,0.0,0.30963240208960874,0.0,0.0,0.0,1.4623265948536472,0.4023051800060677,2.3023051800060674,0.7696455762387617,0.0,0.0,0.0,17.9,a,,False,True
13,Rice,MID,1,ARS,7.5,4,SUN,False,0.77,1.8352736589228484,0.0,0.0,0.37294706406920114,0.0,0.0,0.0,1.4623265948536472,0.48456987941356583,2.384569879413566,0.7696455762387617,0.0,0.0,0.0,17.9,a,,False,True
13,Rice,MID,1,ARS,7.5,5,BHA,False,0.77,1.750945417521885,0.0,0.0,0.2886188226682378,0.0,0.0,0.0,1.4623265948536472,0.37500224983908903,2.2750022498390887,0.7696455762387617,0.0,0.0,0.0,17.9,a,,False,True
13,Rice,MID,1,ARS,7.5,6,LEE,True,0.77,1.819136812179329,0.0,0.0,0.3568102173256817,0.0,0.0,0.0,1.4623265948536472,0.4636032848644491,2.363603284864449,0.7696455762387617,0.0,0.0,0.0,17.9,a,,False,True
14,Eze,MID,1,ARS,6.5,1,COV,True,0.64,1.5604795993245792,0.0,0.0,0.34510223857996114,0.0,0.0,0.0,1.215377360744618,0.5394984919747113,2.439498491974711,0.6396722951287463,0.0,0.0,0.0,2.0,a,,False,True
14,Eze,MID,1,ARS,6.5,2,AVL,False,0.64,1.4733194346085736,0.0,0.0,0.2579420738639554,0.0,0.0,0.0,1.215377360744618,0.4032409654572262,2.303240965457226,0.6396722951287463,0.0,0.0,0.0,2.0,a,,False,True
14,Eze,MID,1,ARS,6.5,3,CHE,True,0.64,1.4727208385812829,0.0,0.0,0.2573434778366648,0.0,0.0,0.0,1.215377360744618,0.4023051800060677,2.3023051800060674,0.6396722951287463,0.0,0.0,0.0,2.0,a,,False,True
14,Eze,MID,1,ARS,6.5,4,SUN,False,0.64,1.5253432876593536,0.0,0.0,0.3099659269147355,0.0,0.0,0.0,1.215377360744618,0.48456987941356583,2.384569879413566,0.6396722951287463,0.0,0.0,0.0,2.0,a,,False,True
14,Eze,MID,1,ARS,6.5,5,BHA,False,0.64,1.4552559105776317,0.0,0.0,0.23987854983301363,0.0,0.0,0.0,1.215377360744618,0.37500224983908903,2.2750022498390887,0.6396722951287463,0.0,0.0,0.0,2.0,a,,False,True
14,Eze,MID,1,ARS,6.5,6,LEE,True,0.64,1.5119315380030862,0.0,0.0,0.2965541772584681,0.0,0.0,0.0,1.215377360744618,0.4636032848644491,2.363603284864449,0.6396722951287463,0.0,0.0,0.0,2.0,a,,False,True
15,Ødegaard,MID,1,ARS,6.5,1,COV,True,0.533,1.2991886403509243,0.0,0.0,0.2873173787833049,0.0,0.0,0.0,1.0118712615676193,0.5394984919747113,2.439498491974711,0.5325638218776944,0.0,0.0,0.0,9.7,a,,False,True
15,Ødegaard,MID,1,ARS,6.5,2,AVL,False,0.533,1.226622811269171,0.0,0.0,0.21475154970155172,0.0,0.0,0.0,1.0118712615676193,0.4032409654572262,2.303240965457226,0.5325638218776944,0.0,0.0,0.0,9.7,a,,False,True
15,Ødegaard,MID,1,ARS,6.5,3,CHE,True,0.533,1.2261244457928444,0.0,0.0,0.21425318422522519,0.0,0.0,0.0,1.0118712615676193,0.4023051800060677,2.3023051800060674,0.5325638218776944,0.0,0.0,0.0,9.7,a,,False,True
15,Ødegaard,MID,1,ARS,6.5,4,SUN,False,0.533,1.2699356485149214,0.0,0.0,0.2580643869473021,0.0,0.0,0.0,1.0118712615676193,0.48456987941356583,2.384569879413566,0.5325638218776944,0.0,0.0,0.0,9.7,a,,False,True
15,Ødegaard,MID,1,ARS,6.5,5,BHA,False,0.533,1.2115838929546585,0.0,0.0,0.19971263138703924,0.0,0.0,0.0,1.0118712615676193,0.37500224983908903,2.2750022498390887,0.5325638218776944,0.0,0.0,0.0,9.7,a,,False,True
15,Ødegaard,MID,1,ARS,6.5,6,LEE,True,0.533,1.2587695987900838,0.0,0.0,0.24689833722246446,0.0,0.0,0.0,1.0118712615676193,0.4636032848644491,2.363603284864449,0.5325638218776944,0.0,0.0,0.0,9.7,a,,False,True
16,Madueke,MID,1,ARS,6.5,1,COV,True,0.442,1.0781000640613612,0.0,0.0,0.23842333195628534,0.0,0.0,0.0,0.8396767321050759,0.5394984919747113,2.439498491974711,0.4419351221605663,0.0,0.0,0.0,0.3,a,,False,True
16,Madueke,MID,1,ARS,6.5,2,AVL,False,0.442,1.0178830774345597,0.0,0.0,0.17820634532948396,0.0,0.0,0.0,0.8396767321050759,0.4032409654572262,2.303240965457226,0.4419351221605663,0.0,0.0,0.0,0.3,a,,False,True
16,Madueke,MID,1,ARS,6.5,3,CHE,True,0.442,1.017469520976886,0.0,0.0,0.17779278887181013,0.0,0.0,0.0,0.8396767321050759,0.4023051800060677,2.3023051800060674,0.4419351221605663,0.0,0.0,0.0,0.3,a,,False,True
16,Madueke,MID,1,ARS,6.5,4,SUN,False,0.442,1.0538251809590409,0.0,0.0,0.21414844885396508,0.0,0.0,0.0,0.8396767321050759,0.48456987941356583,2.384569879413566,0.4419351221605663,0.0,0.0,0.0,0.3,a,,False,True
16,Madueke,MID,1,ARS,6.5,5,BHA,False,0.442,1.0054033971982008,0.0,0.0,0.165726665093125,0.0,0.0,0.0,0.8396767321050759,0.37500224983908903,2.2750022498390887,0.4419351221605663,0.0,0.0,0.0,0.3,a,,False,True
16,Madueke,MID,1,ARS,6.5,6,LEE,True,0.442,1.044559306435686,0.0,0.0,0.2048825743306101,0.0,0.0,0.0,0.8396767321050759,0.4636032848644491,2.363603284864449,0.4419351221605663,0.0,0.0,0.0,0.3,a,,False,True
17,Merino,MID,1,ARS,6.0,1,COV,True,0.336,0.8201432003478111,0.0,0.0,0.18137581197387534,0.0,0.0,0.0,0.6387673883739358,0.5394984919747113,2.439498491974711,0.3361933623020715,0.0,0.0,0.0,0.7,a,,False,True
17,Merino,MID,1,ARS,6.0,2,AVL,False,0.336,0.7743343243689341,0.0,0.0,0.13556693599499833,0.0,0.0,0.0,0.6387673883739358,0.4032409654572262,2.303240965457226,0.3361933623020715,0.0,0.0,0.0,0.7,a,,False,True
17,Merino,MID,1,ARS,6.0,3,CHE,True,0.336,0.7740197195117158,0.0,0.0,0.13525233113777999,0.0,0.0,0.0,0.6387673883739358,0.4023051800060677,2.3023051800060674,0.3361933623020715,0.0,0.0,0.0,0.7,a,,False,True
17,Merino,MID,1,ARS,6.0,4,SUN,False,0.336,0.8016765654042918,0.0,0.0,0.162909177030356,0.0,0.0,0.0,0.6387673883739358,0.48456987941356583,2.384569879413566,0.3361933623020715,0.0,0.0,0.0,0.7,a,,False,True
17,Merino,MID,1,ARS,6.0,5,BHA,False,0.336,0.7648406556181806,0.0,0.0,0.12607326724424478,0.0,0.0,0.0,0.6387673883739358,0.37500224983908903,2.2750022498390887,0.3361933623020715,0.0,0.0,0.0,0.7,a,,False,True
17,Merino,MID,1,ARS,6.0,6,LEE,True,0.336,0.7946277354867999,0.0,0.0,0.15586034711286417,0.0,0.0,0.0,0.6387673883739358,0.4636032848644491,2.363603284864449,0.3361933623020715,0.0,0.0,0.0,0.7,a,,False,True
18,Martinelli,MID,1,ARS,6.5,1,COV,True,0.394,0.9621712894939309,0.0,0.0,0.21278552186484412,0.0,0.0,0.0,0.7493857676290868,0.5394984919747113,2.439498491974711,0.39441356191004573,0.0,0.0,0.0,0.2,a,,False,True
18,Martinelli,MID,1,ARS,6.5,2,AVL,False,0.394,0.9084294731231171,0.0,0.0,0.1590437054940303,0.0,0.0,0.0,0.7493857676290868,0.4032409654572262,2.303240965457226,0.39441356191004573,0.0,0.0,0.0,0.2,a,,False,True
18,Martinelli,MID,1,ARS,6.5,3,CHE,True,0.394,0.9080603866501421,0.0,0.0,0.15867461902105526,0.0,0.0,0.0,0.7493857676290868,0.4023051800060677,2.3023051800060674,0.39441356191004573,0.0,0.0,0.0,0.2,a,,False,True
18,Martinelli,MID,1,ARS,6.5,4,SUN,False,0.394,0.9405066997629127,0.0,0.0,0.19112093213382583,0.0,0.0,0.0,0.7493857676290868,0.48456987941356583,2.384569879413566,0.39441356191004573,0.0,0.0,0.0,0.2,a,,False,True
18,Martinelli,MID,1,ARS,6.5,5,BHA,False,0.394,0.8972917407124028,0.0,0.0,0.147905973083316,0.0,0.0,0.0,0.7493857676290868,0.37500224983908903,2.2750022498390887,0.39441356191004573,0.0,0.0,0.0,0.2,a,,False,True
18,Martinelli,MID,1,ARS,6.5,6,LEE,True,0.394,0.9322371905256718,0.0,0.0,0.18285142289658496,0.0,0.0,0.0,0.7493857676290868,0.4636032848644491,2.363603284864449,0.39441356191004573,0.0,0.0,0.0,0.2,a,,False,True
19,Zubimendi,MID,1,ARS,5.5,1,COV,True,0.27,0.6580426399793016,0.0,0.0,0.14552704709258385,0.0,0.0,0.0,0.5125155928867178,0.5394984919747113,2.439498491974711,0.2697450488877462,0.0,0.0,0.0,1.1,a,,False,True
19,Zubimendi,MID,1,ARS,5.5,2,AVL,False,0.27,0.6212878468275193,0.0,0.0,0.10877225394080146,0.0,0.0,0.0,0.5125155928867178,0.4032409654572262,2.303240965457226,0.2697450488877462,0.0,0.0,0.0,1.1,a,,False,True
19,Zubimendi,MID,1,ARS,5.5,3,CHE,True,0.27,0.6210354233352481,0.0,0.0,0.10851983044853027,0.0,0.0,0.0,0.5125155928867178,0.4023051800060677,2.3023051800060674,0.2697450488877462,0.0,0.0,0.0,1.1,a,,False,True
19,Zubimendi,MID,1,ARS,5.5,4,SUN,False,0.27,0.6432259186986593,0.0,0.0,0.13071032581194159,0.0,0.0,0.0,0.5125155928867178,0.48456987941356583,2.384569879413566,0.2697450488877462,0.0,0.0,0.0,1.1,a,,False,True
19,Zubimendi,MID,1,ARS,5.5,5,BHA,False,0.27,0.6136705931025777,0.0,0.0,0.10115500021585988,0.0,0.0,0.0,0.5125155928867178,0.37500224983908903,2.2750022498390887,0.2697450488877462,0.0,0.0,0.0,1.1,a,,False,True
19,Zubimendi,MID,1,ARS,5.5,6,LEE,True,0.27,0.6375702836269983,0.0,0.0,0.12505469074028056,0.0,0.0,0.0,0.5125155928867178,0.4636032848644491,2.363603284864449,0.2697450488877462,0.0,0.0,0.0,1.1,a,,False,True
20,Dowman,MID,1,ARS,5.5,1,COV,True,0.27,0.6574464693564624,0.0,0.0,0.14539520312832668,0.0,0.0,0.0,0.5120512662281358,0.5394984919747113,2.439498491974711,0.26950066643586096,0.0,0.0,0.0,0.1,a,,False,True
20,Dowman,MID,1,ARS,5.5,2,AVL,False,0.27,0.6207249751530982,0.0,0.0,0.10867370892496245,0.0,0.0,0.0,0.5120512662281358,0.4032409654572262,2.303240965457226,0.26950066643586096,0.0,0.0,0.0,0.1,a,,False,True
20,Dowman,MID,1,ARS,5.5,3,CHE,True,0.27,0.62047278035037,0.0,0.0,0.10842151412223425,0.0,0.0,0.0,0.5120512662281358,0.4023051800060677,2.3023051800060674,0.26950066643586096,0.0,0.0,0.0,0.1,a,,False,True
20,Dowman,MID,1,ARS,5.5,4,SUN,False,0.27,0.6426431716648365,0.0,0.0,0.13059190543670077,0.0,0.0,0.0,0.5120512662281358,0.48456987941356583,2.384569879413566,0.26950066643586096,0.0,0.0,0.0,0.1,a,,False,True
20,Dowman,MID,1,ARS,5.5,5,BHA,False,0.27,0.6131146224747175,0.0,0.0,0.10106335624658172,0.0,0.0,0.0,0.5120512662281358,0.37500224983908903,2.2750022498390887,0.26950066643586096,0.0,0.0,0.0,0.1,a,,False,True
20,Dowman,MID,1,ARS,5.5,6,LEE,True,0.27,0.6369926604609591,0.0,0.0,0.12494139423282331,0.0,0.0,0.0,0.5120512662281358,0.4636032848644491,2.363603284864449,0.26950066643586096,0.0,0.0,0.0,0.1,a,,False,True
22,Nwaneri,MID,1,ARS,5.5,1,COV,True,0.269,0.6572500546157974,0.0,0.0,0.14535176573464148,0.0,0.0,0.0,0.511898288881156,0.5394984919747113,2.439498491974711,0.2694201520427137,0.0,0.0,0.0,0.0,a,,False,True
22,Nwaneri,MID,1,ARS,5.5,2,AVL,False,0.269,0.6205395311044926,0.0,0.0,0.10864124222333654,0.0,0.0,0.0,0.511898288881156,0.4032409654572262,2.303240965457226,0.2694201520427137,0.0,0.0,0.0,0.0,a,,False,True
22,Nwaneri,MID,1,ARS,5.5,3,CHE,True,0.269,0.620287411645962,0.0,0.0,0.10838912276480606,0.0,0.0,0.0,0.511898288881156,0.4023051800060677,2.3023051800060674,0.2694201520427137,0.0,0.0,0.0,0.0,a,,False,True
22,Nwaneri,MID,1,ARS,5.5,4,SUN,False,0.269,0.6424511794680783,0.0,0.0,0.13055289058692235,0.0,0.0,0.0,0.511898288881156,0.48456987941356583,2.384569879413566,0.2694201520427137,0.0,0.0,0.0,0.0,a,,False,True
22,Nwaneri,MID,1,ARS,5.5,5,BHA,False,0.269,0.612931452049163,0.0,0.0,0.10103316316800708,0.0,0.0,0.0,0.511898288881156,0.37500224983908903,2.2750022498390887,0.2694201520427137,0.0,0.0,0.0,0.0,a,,False,True
22,Nwaneri,MID,1,ARS,5.5,6,LEE,True,0.269,0.6368023563768374,0.0,0.0,0.12490406749568138,0.0,0.0,0.0,0.511898288881156,0.4636032848644491,2.363603284864449,0.2694201520427137,0.0,0.0,0.0,0.0,a,,False,True
23,Fábio Vieira,MID,1,ARS,5.5,1,COV,True,0.269,0.6571853789549202,0.0,0.0,0.14533746262208555,0.0,0.0,0.0,0.5118479163328347,0.5394984919747113,2.439498491974711,0.26939364017517614,0.0,0.0,0.0,0.0,a,,False,True
23,Fábio Vieira,MID,1,ARS,5.5,2,AVL,False,0.269,0.6204784678851093,0.0,0.0,0.10863055155227463,0.0,0.0,0.0,0.5118479163328347,0.4032409654572262,2.303240965457226,0.26939364017517614,0.0,0.0,0.0,0.0,a,,False,True
23,Fábio Vieira,MID,1,ARS,5.5,3,CHE,True,0.269,0.6202263732359987,0.0,0.0,0.10837845690316407,0.0,0.0,0.0,0.5118479163328347,0.4023051800060677,2.3023051800060674,0.26939364017517614,0.0,0.0,0.0,0.0,a,,False,True
23,Fábio Vieira,MID,1,ARS,5.5,4,SUN,False,0.269,0.6423879600673013,0.0,0.0,0.13054004373446665,0.0,0.0,0.0,0.5118479163328347,0.48456987941356583,2.384569879413566,0.26939364017517614,0.0,0.0,0.0,0.0,a,,False,True
23,Fábio Vieira,MID,1,ARS,5.5,5,BHA,False,0.269,0.6128711374908677,0.0,0.0,0.10102322115803306,0.0,0.0,0.0,0.5118479163328347,0.37500224983908903,2.2750022498390887,0.26939364017517614,0.0,0.0,0.0,0.0,a,,False,True
23,Fábio Vieira,MID,1,ARS,5.5,6,LEE,True,0.269,0.6367396928396377,0.0,0.0,0.12489177650680308,0.0,0.0,0.0,0.5118479163328347,0.4636032848644491,2.363603284864449,0.26939364017517614,0.0,0.0,0.0,0.0,a,,False,True
24,Nelson,MID,1,ARS,5.5,1,COV,True,0.269,0.6571640863049667,0.0,0.0,0.145332753722868,0.0,0.0,0.0,0.5118313325820987,0.5394984919747113,2.439498491974711,0.2693849118853151,0.0,0.0,0.0,0.0,a,,False,True
24,Nelson,MID,1,ARS,5.5,2,AVL,False,0.269,0.620458364530343,0.0,0.0,0.10862703194824427,0.0,0.0,0.0,0.5118313325820987,0.4032409654572262,2.303240965457226,0.2693849118853151,0.0,0.0,0.0,0.0,a,,False,True
24,Nelson,MID,1,ARS,5.5,3,CHE,True,0.269,0.620206278049039,0.0,0.0,0.10837494546694038,0.0,0.0,0.0,0.5118313325820987,0.4023051800060677,2.3023051800060674,0.2693849118853151,0.0,0.0,0.0,0.0,a,,False,True
24,Nelson,MID,1,ARS,5.5,4,SUN,False,0.269,0.6423671468501999,0.0,0.0,0.1305358142681012,0.0,0.0,0.0,0.5118313325820987,0.48456987941356583,2.384569879413566,0.2693849118853151,0.0,0.0,0.0,0.0,a,,False,True
24,Nelson,MID,1,ARS,5.5,5,BHA,False,0.269,0.6128512806117966,0.0,0.0,0.10101994802969792,0.0,0.0,0.0,0.5118313325820987,0.37500224983908903,2.2750022498390887,0.2693849118853151,0.0,0.0,0.0,0.0,a,,False,True
24,Nelson,MID,1,ARS,5.5,6,LEE,True,0.269,0.636719062625051,0.0,0.0,0.12488773004295226,0.0,0.0,0.0,0.5118313325820987,0.4636032848644491,2.363603284864449,0.2693849118853151,0.0,0.0,0.0,0.0,a,,False,True
25,Gyökeres,FWD,1,ARS,7.5,1,COV,True,0.685,1.3009011271938704,0.0,0.0,0.0,0.0,0.0,0.0,1.3009011271938704,0.5394984919747113,1.9,0.6846848037862476,0.0,0.0,0.0,8.4,a,,False,True
25,Gyökeres,FWD,1,ARS,7.5,2,AVL,False,0.685,1.3009011271938704,0.0,0.0,0.0,0.0,0.0,0.0,1.3009011271938704,0.4032409654572262,1.9,0.6846848037862476,0.0,0.0,0.0,8.4,a,,False,True
25,Gyökeres,FWD,1,ARS,7.5,3,CHE,True,0.685,1.3009011271938704,0.0,0.0,0.0,0.0,0.0,0.0,1.3009011271938704,0.4023051800060677,1.9,0.6846848037862476,0.0,0.0,0.0,8.4,a,,False,True
25,Gyökeres,FWD,1,ARS,7.5,4,SUN,False,0.685,1.3009011271938704,0.0,0.0,0.0,0.0,0.0,0.0,1.3009011271938704,0.48456987941356583,1.9,0.6846848037862476,0.0,0.0,0.0,8.4,a,,False,True
25,Gyökeres,FWD,1,ARS,7.5,5,BHA,False,0.685,1.3009011271938704,0.0,0.0,0.0,0.0,0.0,0.0,1.3009011271938704,0.37500224983908903,1.9,0.6846848037862476,0.0,0.0,0.0,8.4,a,,False,True
25,Gyökeres,FWD,1,ARS,7.5,6,LEE,True,0.685,1.3009011271938704,0.0,0.0,0.0,0.0,0.0,0.0,1.3009011271938704,0.4636032848644491,1.9,0.6846848037862476,0.0,0.0,0.0,8.4,a,,False,True
26,Havertz,FWD,1,ARS,7.5,1,COV,True,0.587,1.1149252149018405,0.0,0.0,0.0,0.0,0.0,0.0,1.1149252149018405,0.5394984919747113,1.9,0.5868027446851792,0.0,0.0,0.0,6.3,a,,False,True
26,Havertz,FWD,1,ARS,7.5,2,AVL,False,0.587,1.1149252149018405,0.0,0.0,0.0,0.0,0.0,0.0,1.1149252149018405,0.4032409654572262,1.9,0.5868027446851792,0.0,0.0,0.0,6.3,a,,False,True
26,Havertz,FWD,1,ARS,7.5,3,CHE,True,0.587,1.1149252149018405,0.0,0.0,0.0,0.0,0.0,0.0,1.1149252149018405,0.4023051800060677,1.9,0.5868027446851792,0.0,0.0,0.0,6.3,a,,False,True
26,Havertz,FWD,1,ARS,7.5,4,SUN,False,0.587,1.1149252149018405,0.0,0.0,0.0,0.0,0.0,0.0,1.1149252149018405,0.48456987941356583,1.9,0.5868027446851792,0.0,0.0,0.0,6.3,a,,False,True
26,Havertz,FWD,1,ARS,7.5,5,BHA,False,0.587,1.1149252149018405,0.0,0.0,0.0,0.0,0.0,0.0,1.1149252149018405,0.37500224983908903,1.9,0.5868027446851792,0.0,0.0,0.0,6.3,a,,False,True
26,Havertz,FWD,1,ARS,7.5,6,LEE,True,0.587,1.1149252149018405,0.0,0.0,0.0,0.0,0.0,0.0,1.1149252149018405,0.4636032848644491,1.9,0.5868027446851792,0.0,0.0,0.0,6.3,a,,False,True
27,G.Jesus,FWD,1,ARS,6.0,1,COV,True,0.42,0.7971001238798181,0.0,0.0,0.0,0.0,0.0,0.0,0.7971001238798181,0.5394984919747113,1.9,0.41952638098937794,0.0,0.0,0.0,0.4,a,,False,True
27,G.Jesus,FWD,1,ARS,6.0,2,AVL,False,0.42,0.7971001238798181,0.0,0.0,0.0,0.0,0.0,0.0,0.7971001238798181,0.4032409654572262,1.9,0.41952638098937794,0.0,0.0,0.0,0.4,a,,False,True
27,G.Jesus,FWD,1,ARS,6.0,3,CHE,True,0.42,0.7971001238798181,0.0,0.0,0.0,0.0,0.0,0.0,0.7971001238798181,0.4023051800060677,1.9,0.41952638098937794,0.0,0.0,0.0,0.4,a,,False,True
27,G.Jesus,FWD,1,ARS,6.0,4,SUN,False,0.42,0.7971001238798181,0.0,0.0,0.0,0.0,0.0,0.0,0.7971001238798181,0.48456987941356583,1.9,0.41952638098937794,0.0,0.0,0.0,0.4,a,,False,True
27,G.Jesus,FWD,1,ARS,6.0,5,BHA,False,0.42,0.7971001238798181,0.0,0.0,0.0,0.0,0.0,0.0,0.7971001238798181,0.37500224983908903,1.9,0.41952638098937794,0.0,0.0,0.0,0.4,a,,False,True
27,G.Jesus,FWD,1,ARS,6.0,6,LEE,True,0.42,0.7971001238798181,0.0,0.0,0.0,0.0,0.0,0.0,0.7971001238798181,0.4636032848644491,1.9,0.41952638098937794,0.0,0.0,0.0,0.4,a,,False,True
31,Konsa,DEF,1,ARS,4.5,1,COV,True,0.217,0.8540068167557096,0.0,0.0,0.46933934792602594,0.0,0.0,0.0,0.41322856983131717,0.5394984919747113,3.9266717509348643,0.21748872096385116,0.0,0.0,0.0,12.2,a,,False,True
31,Konsa,DEF,1,ARS,4.5,2,AVL,False,0.217,0.7107976513070751,0.0,0.0,0.35080144727008244,0.0,0.0,0.0,0.41322856983131717,0.4032409654572262,3.2682046597957455,0.21748872096385116,0.0,0.0,0.0,12.2,a,,False,True
31,Konsa,DEF,1,ARS,4.5,3,CHE,True,0.217,0.7097719045809534,0.0,0.0,0.34998735614660625,0.0,0.0,0.0,0.41322856983131717,0.4023051800060677,3.2634883383167477,0.21748872096385116,0.0,0.0,0.0,12.2,a,,False,True
31,Konsa,DEF,1,ARS,4.5,4,SUN,False,0.217,0.7976031358980421,0.0,0.0,0.42155393316505607,0.0,0.0,0.0,0.41322856983131717,0.48456987941356583,3.6673310338268617,0.21748872096385116,0.0,0.0,0.0,12.2,a,,False,True
31,Konsa,DEF,1,ARS,4.5,5,BHA,False,0.217,0.6795314687061065,0.0,0.0,0.3262350387042801,0.0,0.0,0.0,0.41322856983131717,0.37500224983908903,3.124444641058198,0.21748872096385116,0.0,0.0,0.0,12.2,a,,False,True
31,Konsa,DEF,1,ARS,4.5,6,LEE,True,0.217,0.7756340764317979,0.0,0.0,0.40331394183923586,0.0,0.0,0.0,0.41322856983131717,0.4636032848644491,3.566318625602273,0.21748872096385116,0.0,0.0,0.0,12.2,a,,False,True
452,Bruno G.,MID,1,ARS,7.0,1,COV,True,0.547,1.3334929171916359,0.0,0.0,0.2949038174241691,0.0,0.0,0.0,1.0385890997674667,0.5394984919747113,2.439498491974711,0.7288344559771697,0.0,0.0,0.0,3.6,d,Thigh injury - 75% chance of playing,False,True
452,Bruno G.,MID,1,ARS,7.0,2,AVL,False,0.547,1.2590110320325114,0.0,0.0,0.22042193226504458,0.0,0.0,0.0,1.0385890997674667,0.4032409654572262,2.303240965457226,0.7288344559771697,0.0,0.0,0.0,3.6,d,Thigh injury - 75% chance of playing,False,True
452,Bruno G.,MID,1,ARS,7.0,3,CHE,True,0.656,1.5101994090268276,0.0,0.0,0.2638924893058677,0.0,0.0,0.0,1.24630691972096,0.4023051800060677,2.3023051800060674,0.7288344559771697,0.0,0.0,0.0,3.6,d,Thigh injury - 75% chance of playing,False,True
452,Bruno G.,MID,1,ARS,7.0,4,SUN,False,0.656,1.564161021721738,0.0,0.0,0.31785410200077807,0.0,0.0,0.0,1.24630691972096,0.48456987941356583,2.384569879413566,0.7288344559771697,0.0,0.0,0.0,3.6,d,Thigh injury - 75% chance of playing,False,True
452,Bruno G.,MID,1,ARS,7.0,5,BHA,False,0.656,1.4922900243974784,0.0,0.0,0.2459831046765184,0.0,0.0,0.0,1.24630691972096,0.37500224983908903,2.2750022498390887,0.7288344559771697,0.0,0.0,0.0,3.6,d,Thigh injury - 75% chance of playing,False,True
452,Bruno G.,MID,1,ARS,7.0,6,LEE,True,0.656,1.5504079628430285,0.0,0.0,0.3041010431220686,0.0,0.0,0.0,1.24630691972096,0.4636032848644491,2.363603284864449,0.7288344559771697,0.0,0.0,0.0,3.6,d,Thigh injury - 75% chance of playing,False,True
557,Tzolis,MID,1,ARS,6.5,1,COV,True,0.376,0.916182140102312,0.0,0.0,0.2026149573715272,0.0,0.0,0.0,0.7135671827307848,0.5394984919747113,2.439498491974711,0.3755616751214657,0.0,0.0,0.0,25.4,a,,False,True
557,Tzolis,MID,1,ARS,6.5,2,AVL,False,0.376,0.8650090351954978,0.0,0.0,0.15144185246471298,0.0,0.0,0.0,0.7135671827307848,0.4032409654572262,2.303240965457226,0.3755616751214657,0.0,0.0,0.0,25.4,a,,False,True
557,Tzolis,MID,1,ARS,6.5,3,CHE,True,0.376,0.8646575900439064,0.0,0.0,0.15109040731312157,0.0,0.0,0.0,0.7135671827307848,0.4023051800060677,2.3023051800060674,0.3755616751214657,0.0,0.0,0.0,25.4,a,,False,True
557,Tzolis,MID,1,ARS,6.5,4,SUN,False,0.376,0.8955530583567503,0.0,0.0,0.18198587562596544,0.0,0.0,0.0,0.7135671827307848,0.48456987941356583,2.384569879413566,0.3755616751214657,0.0,0.0,0.0,25.4,a,,False,True
557,Tzolis,MID,1,ARS,6.5,5,BHA,False,0.376,0.8544036558546715,0.0,0.0,0.14083647312388667,0.0,0.0,0.0,0.7135671827307848,0.37500224983908903,2.2750022498390887,0.3755616751214657,0.0,0.0,0.0,25.4,a,,False,True
557,Tzolis,MID,1,ARS,6.5,6,LEE,True,0.376,0.8876788089862914,0.0,0.0,0.17411162625550655,0.0,0.0,0.0,0.7135671827307848,0.4636032848644491,2.363603284864449,0.3755616751214657,0.0,0.0,0.0,25.4,a,,False,True
28,Martinez,GK,2,AVL,5.0,1,BHA,False,0.596,1.2813524451236677,0.0,0.0,0.4823323870573427,0.0,0.0,0.0,1.131920716880361,0.20240629969532878,2.1508305391253755,0.5957477457265059,0.0,0.0,0.0,4.4,a,,False,True
28,Martinez,GK,2,AVL,5.0,2,ARS,True,0.596,1.3283115671856782,0.0,0.0,0.5122013246043294,0.0,0.0,0.0,1.131920716880361,0.21494052150365556,2.229654374211389,0.5957477457265059,0.0,0.0,0.0,4.4,a,,False,True
28,Martinez,GK,2,AVL,5.0,3,HUL,False,0.596,1.6117505440894706,0.0,0.0,0.7062273867144959,0.0,0.0,0.0,1.131920716880361,0.2963617536870667,2.7054244949327737,0.5957477457265059,0.0,0.0,0.0,4.4,a,,False,True
28,Martinez,GK,2,AVL,5.0,4,NFO,True,0.596,1.692885887449629,0.0,0.0,0.7656112012871192,0.0,0.0,0.0,1.131920716880361,0.32128161909931663,2.8416152634957585,0.5957477457265059,0.0,0.0,0.0,4.4,a,,False,True
28,Martinez,GK,2,AVL,5.0,5,TOT,False,0.596,1.5374620764943054,0.0,0.0,0.6532633370921318,0.0,0.0,0.0,1.131920716880361,0.27413588292117097,2.580726637277313,0.5957477457265059,0.0,0.0,0.0,4.4,a,,False,True
28,Martinez,GK,2,AVL,5.0,6,BRE,True,0.596,1.469026738723969,0.0,0.0,0.6057433154377168,0.0,0.0,0.0,1.131920716880361,0.25419454785306045,2.465853625568506,0.5957477457265059,0.0,0.0,0.0,4.4,a,,False,True
29,M.Bizot,GK,2,AVL,4.5,1,BHA,False,0.293,0.6308113094346949,0.0,0.0,0.23745279904861705,0.0,0.0,0.0,0.5572458946083688,0.20240629969532878,2.1508305391253755,0.29328731295177307,0.0,0.0,0.0,0.1,a,,False,True
29,M.Bizot,GK,2,AVL,4.5,2,ARS,True,0.293,0.6539293402236254,0.0,0.0,0.25215731198503977,0.0,0.0,0.0,0.5572458946083688,0.21494052150365556,2.229654374211389,0.29328731295177307,0.0,0.0,0.0,0.1,a,,False,True
29,M.Bizot,GK,2,AVL,4.5,3,HUL,False,0.293,0.793466680512741,0.0,0.0,0.34767656960222004,0.0,0.0,0.0,0.5572458946083688,0.2963617536870667,2.7054244949327737,0.29328731295177307,0.0,0.0,0.0,0.1,a,,False,True
29,M.Bizot,GK,2,AVL,4.5,4,NFO,True,0.293,0.8334097050734155,0.0,0.0,0.3769112910657345,0.0,0.0,0.0,0.5572458946083688,0.32128161909931663,2.8416152634957585,0.29328731295177307,0.0,0.0,0.0,0.1,a,,False,True
29,M.Bizot,GK,2,AVL,4.5,5,TOT,False,0.293,0.7568943809101283,0.0,0.0,0.3216023059424484,0.0,0.0,0.0,0.5572458946083688,0.27413588292117097,2.580726637277313,0.29328731295177307,0.0,0.0,0.0,0.1,a,,False,True
29,M.Bizot,GK,2,AVL,4.5,6,BRE,True,0.293,0.7232035839753747,0.0,0.0,0.29820814362726,0.0,0.0,0.0,0.5572458946083688,0.25419454785306045,2.465853625568506,0.29328731295177307,0.0,0.0,0.0,0.1,a,,False,True
30,Digne,DEF,2,AVL,4.5,1,BHA,False,0.0,0.0,0.0,0.0,0.0,0.0,0.0,0.0,0.0,0.20240629969532878,2.1508305391253755,0.6010688431668142,0.0,0.0,0.0,0.1,u,Has joined Paris Saint-Germain permanently,False,True
30,Digne,DEF,2,AVL,4.5,2,ARS,True,0.0,0.0,0.0,0.0,0.0,0.0,0.0,0.0,0.0,0.21494052150365556,2.229654374211389,0.6010688431668142,0.0,0.0,0.0,0.1,u,Has joined Paris Saint-Germain permanently,False,True
30,Digne,DEF,2,AVL,4.5,3,HUL,False,0.361,0.9756878228666429,0.0,0.0,0.4275211594741764,0.0,0.0,0.0,0.6852184812101682,0.2963617536870667,2.7054244949327737,0.6010688431668142,0.0,0.0,0.0,0.1,u,Has joined Paris Saint-Germain permanently,False,True
30,Digne,DEF,2,AVL,4.5,4,NFO,True,0.361,1.0248038394927343,0.0,0.0,0.4634696906946895,0.0,0.0,0.0,0.6852184812101682,0.32128161909931663,2.8416152634957585,0.6010688431668142,0.0,0.0,0.0,0.1,u,Has joined Paris Saint-Germain permanently,False,True
30,Digne,DEF,2,AVL,4.5,5,TOT,False,0.361,0.9307166246388343,0.0,0.0,0.3954588912430595,0.0,0.0,0.0,0.6852184812101682,0.27413588292117097,2.580726637277313,0.6010688431668142,0.0,0.0,0.0,0.1,u,Has joined Paris Saint-Germain permanently,False,True
30,Digne,DEF,2,AVL,4.5,6,BRE,True,0.361,0.8892886716834939,0.0,0.0,0.36669221476164104,0.0,0.0,0.0,0.6852184812101682,0.25419454785306045,2.465853625568506,0.6010688431668142,0.0,0.0,0.0,0.1,u,Has joined Paris Saint-Germain permanently,False,True
32,Cash,DEF,2,AVL,4.5,1,BHA,False,0.589,1.2658683048633983,0.0,0.0,0.4765037781046001,0.0,0.0,0.0,1.1182423419645597,0.20240629969532878,2.1508305391253755,0.5885486010339789,0.0,0.0,0.0,8.7,a,,False,True
32,Cash,DEF,2,AVL,4.5,2,ARS,True,0.589,1.3122599627314044,0.0,0.0,0.5060117729459613,0.0,0.0,0.0,1.1182423419645597,0.21494052150365556,2.229654374211389,0.5885486010339789,0.0,0.0,0.0,8.7,a,,False,True
32,Cash,DEF,2,AVL,4.5,3,HUL,False,0.589,1.5922738016957427,0.0,0.0,0.6976931821299989,0.0,0.0,0.0,1.1182423419645597,0.2963617536870667,2.7054244949327737,0.5885486010339789,0.0,0.0,0.0,8.7,a,,False,True
32,Cash,DEF,2,AVL,4.5,4,NFO,True,0.589,1.6724286880072299,0.0,0.0,0.7563593898353379,0.0,0.0,0.0,1.1182423419645597,0.32128161909931663,2.8416152634957585,0.5885486010339789,0.0,0.0,0.0,8.7,a,,False,True
32,Cash,DEF,2,AVL,4.5,5,TOT,False,0.589,1.5188830520206873,0.0,0.0,0.6453691615458792,0.0,0.0,0.0,1.1182423419645597,0.27413588292117097,2.580726637277313,0.5885486010339789,0.0,0.0,0.0,8.7,a,,False,True
32,Cash,DEF,2,AVL,4.5,6,BRE,True,0.589,1.4512747016829088,0.0,0.0,0.5984233821175341,0.0,0.0,0.0,1.1182423419645597,0.25419454785306045,2.465853625568506,0.5885486010339789,0.0,0.0,0.0,8.7,a,,False,True
33,Mings,DEF,2,AVL,4.5,1,BHA,False,0.555,1.1936474276451183,0.0,0.0,0.44931807425189757,0.0,0.0,0.0,1.0544438863360974,0.20240629969532878,2.1508305391253755,0.5549704664926829,0.0,0.0,0.0,0.4,a,,False,True
33,Mings,DEF,2,AVL,4.5,2,ARS,True,0.555,1.2373923281735455,0.0,0.0,0.47714256594825705,0.0,0.0,0.0,1.0544438863360974,0.21494052150365556,2.229654374211389,0.5549704664926829,0.0,0.0,0.0,0.4,a,,False,True
33,Mings,DEF,2,AVL,4.5,3,HUL,False,0.555,1.5014306940135724,0.0,0.0,0.6578880827772039,0.0,0.0,0.0,1.0544438863360974,0.2963617536870667,2.7054244949327737,0.5549704664926829,0.0,0.0,0.0,0.4,a,,False,True
33,Mings,DEF,2,AVL,4.5,4,NFO,True,0.555,1.5770125483749688,0.0,0.0,0.7132072401082888,0.0,0.0,0.0,1.0544438863360974,0.32128161909931663,2.8416152634957585,0.5549704664926829,0.0,0.0,0.0,0.4,a,,False,True
33,Mings,DEF,2,AVL,4.5,5,TOT,False,0.555,1.4322270657798835,0.0,0.0,0.608549275308583,0.0,0.0,0.0,1.0544438863360974,0.27413588292117097,2.580726637277313,0.5549704664926829,0.0,0.0,0.0,0.4,a,,False,True
33,Mings,DEF,2,AVL,4.5,6,BRE,True,0.555,1.368475936884427,0.0,0.0,0.5642818672076383,0.0,0.0,0.0,1.0544438863360974,0.25419454785306045,2.465853625568506,0.5549704664926829,0.0,0.0,0.0,0.4,a,,False,True
34,Pau,DEF,2,AVL,4.5,1,BHA,False,0.482,1.035838570183365,0.0,0.0,0.38991496216670296,0.0,0.0,0.0,0.9150387478451504,0.20240629969532878,2.1508305391253755,0.48159934097113183,0.0,0.0,0.0,0.5,a,,False,True
34,Pau,DEF,2,AVL,4.5,2,ARS,True,0.482,1.0738000772136063,0.0,0.0,0.41406085401660764,0.0,0.0,0.0,0.9150387478451504,0.21494052150365556,2.229654374211389,0.48159934097113183,0.0,0.0,0.0,0.5,a,,False,True
34,Pau,DEF,2,AVL,4.5,3,HUL,False,0.482,1.302930653806781,0.0,0.0,0.5709105010589609,0.0,0.0,0.0,0.9150387478451504,0.2963617536870667,2.7054244949327737,0.48159934097113183,0.0,0.0,0.0,0.5,a,,False,True
34,Pau,DEF,2,AVL,4.5,4,NFO,True,0.482,1.3685200381930662,0.0,0.0,0.6189160640974763,0.0,0.0,0.0,0.9150387478451504,0.32128161909931663,2.8416152634957585,0.48159934097113183,0.0,0.0,0.0,0.5,a,,False,True
34,Pau,DEF,2,AVL,4.5,5,TOT,False,0.482,1.242876247739399,0.0,0.0,0.5280946422055012,0.0,0.0,0.0,0.9150387478451504,0.27413588292117097,2.580726637277313,0.48159934097113183,0.0,0.0,0.0,0.5,a,,False,True
34,Pau,DEF,2,AVL,4.5,6,BRE,True,0.482,1.1875534810050685,0.0,0.0,0.489679706897955,0.0,0.0,0.0,0.9150387478451504,0.25419454785306045,2.465853625568506,0.48159934097113183,0.0,0.0,0.0,0.5,a,,False,True
35,Bogarde,MID,2,AVL,5.0,1,BHA,False,0.182,0.3818909753474883,0.0,0.0,0.036766032911110795,0.0,0.0,0.0,0.3451249424363775,0.20240629969532878,2.1024062996953288,0.18164470654546183,0.0,0.0,0.0,0.1,a,,False,True
35,Bogarde,MID,2,AVL,5.0,2,ARS,True,0.182,0.3841677503896375,0.0,0.0,0.03904280795326004,0.0,0.0,0.0,0.3451249424363775,0.21494052150365556,2.1149405215036556,0.18164470654546183,0.0,0.0,0.0,0.1,a,,False,True
35,Bogarde,MID,2,AVL,5.0,3,HUL,False,0.182,0.39895748621616317,0.0,0.0,0.05383254377978567,0.0,0.0,0.0,0.3451249424363775,0.2963617536870667,2.1963617536870665,0.18164470654546183,0.0,0.0,0.0,0.1,a,,False,True
35,Bogarde,MID,2,AVL,5.0,4,NFO,True,0.182,0.4034840478561237,0.0,0.0,0.05835910541974621,0.0,0.0,0.0,0.3451249424363775,0.32128161909931663,2.2212816190993165,0.18164470654546183,0.0,0.0,0.0,0.1,a,,False,True
35,Bogarde,MID,2,AVL,5.0,5,TOT,False,0.182,0.3949202744431747,0.0,0.0,0.049795332006797186,0.0,0.0,0.0,0.3451249424363775,0.27413588292117097,2.174135882921171,0.18164470654546183,0.0,0.0,0.0,0.1,a,,False,True
35,Bogarde,MID,2,AVL,5.0,6,BRE,True,0.182,0.391298036486603,0.0,0.0,0.04617309405022552,0.0,0.0,0.0,0.3451249424363775,0.25419454785306045,2.15419454785306,0.18164470654546183,0.0,0.0,0.0,0.1,a,,False,True
36,Maatsen,DEF,2,AVL,4.5,1,BHA,False,0.374,0.8054663949159088,0.0,0.0,0.30319724321965674,0.0,0.0,0.0,0.7115326486681515,0.20240629969532878,2.1508305391253755,0.3744908677200797,0.0,0.0,0.0,0.8,a,,False,True
36,Maatsen,DEF,2,AVL,4.5,2,ARS,True,0.374,0.8349852013142944,0.0,0.0,0.3219730496244417,0.0,0.0,0.0,0.7115326486681515,0.21494052150365556,2.229654374211389,0.3744908677200797,0.0,0.0,0.0,0.8,a,,False,True
36,Maatsen,DEF,2,AVL,4.5,3,HUL,False,0.374,1.0131567666585328,0.0,0.0,0.44393908118925657,0.0,0.0,0.0,0.7115326486681515,0.2963617536870667,2.7054244949327737,0.3744908677200797,0.0,0.0,0.0,0.8,a,,False,True
36,Maatsen,DEF,2,AVL,4.5,4,NFO,True,0.374,1.0641589657531496,0.0,0.0,0.4812681292760609,0.0,0.0,0.0,0.7115326486681515,0.32128161909931663,2.8416152634957585,0.3744908677200797,0.0,0.0,0.0,0.8,a,,False,True
36,Maatsen,DEF,2,AVL,4.5,5,TOT,False,0.374,0.9664585577423045,0.0,0.0,0.410645538673438,0.0,0.0,0.0,0.7115326486681515,0.27413588292117097,2.580726637277313,0.3744908677200797,0.0,0.0,0.0,0.8,a,,False,True
36,Maatsen,DEF,2,AVL,4.5,6,BRE,True,0.374,0.9234396639098543,0.0,0.0,0.38077414718082375,0.0,0.0,0.0,0.7115326486681515,0.25419454785306045,2.465853625568506,0.3744908677200797,0.0,0.0,0.0,0.8,a,,False,True
37,Lindelöf,DEF,2,AVL,4.5,1,BHA,False,0.284,0.6105394198430867,0.0,0.0,0.2298219641958849,0.0,0.0,0.0,0.5393381192056084,0.20240629969532878,2.1508305391253755,0.2838621680029518,0.0,0.0,0.0,0.3,a,,False,True
37,Lindelöf,DEF,2,AVL,4.5,2,ARS,True,0.284,0.6329145245609096,0.0,0.0,0.24405392970285097,0.0,0.0,0.0,0.5393381192056084,0.21494052150365556,2.229654374211389,0.2838621680029518,0.0,0.0,0.0,0.3,a,,False,True
37,Lindelöf,DEF,2,AVL,4.5,3,HUL,False,0.284,0.767967662499908,0.0,0.0,0.33650355965907014,0.0,0.0,0.0,0.5393381192056084,0.2963617536870667,2.7054244949327737,0.2838621680029518,0.0,0.0,0.0,0.3,a,,False,True
37,Lindelöf,DEF,2,AVL,4.5,4,NFO,True,0.284,0.806627069326185,0.0,0.0,0.3647987877481223,0.0,0.0,0.0,0.5393381192056084,0.32128161909931663,2.8416152634957585,0.2838621680029518,0.0,0.0,0.0,0.3,a,,False,True
37,Lindelöf,DEF,2,AVL,4.5,5,TOT,False,0.284,0.7325706582805055,0.0,0.0,0.3112672242136278,0.0,0.0,0.0,0.5393381192056084,0.27413588292117097,2.580726637277313,0.2838621680029518,0.0,0.0,0.0,0.3,a,,False,True
37,Lindelöf,DEF,2,AVL,4.5,6,BRE,True,0.284,0.699962556131815,0.0,0.0,0.2886248617923992,0.0,0.0,0.0,0.5393381192056084,0.25419454785306045,2.465853625568506,0.2838621680029518,0.0,0.0,0.0,0.3,a,,False,True
38,A.García,DEF,2,AVL,4.0,1,BHA,False,0.09,0.19410671202740973,0.0,0.0,0.0730665119595544,0.0,0.0,0.0,0.17146992575344883,0.20240629969532878,2.1508305391253755,0.09024732934392043,0.0,0.0,0.0,1.8,a,,False,True
38,A.García,DEF,2,AVL,4.0,2,ARS,True,0.09,0.20122035263256804,0.0,0.0,0.07759123213397766,0.0,0.0,0.0,0.17146992575344883,0.21494052150365556,2.229654374211389,0.09024732934392043,0.0,0.0,0.0,1.8,a,,False,True
38,A.García,DEF,2,AVL,4.0,3,HUL,False,0.09,0.24415733540930762,0.0,0.0,0.10698342715975413,0.0,0.0,0.0,0.17146992575344883,0.2963617536870667,2.7054244949327737,0.09024732934392043,0.0,0.0,0.0,1.8,a,,False,True
38,A.García,DEF,2,AVL,4.0,4,NFO,True,0.09,0.25644818855341295,0.0,0.0,0.1159792323640161,0.0,0.0,0.0,0.17146992575344883,0.32128161909931663,2.8416152634957585,0.09024732934392043,0.0,0.0,0.0,1.8,a,,False,True
38,A.García,DEF,2,AVL,4.0,5,TOT,False,0.09,0.232903686780994,0.0,0.0,0.09896012524389332,0.0,0.0,0.0,0.17146992575344883,0.27413588292117097,2.580726637277313,0.09024732934392043,0.0,0.0,0.0,1.8,a,,False,True
38,A.García,DEF,2,AVL,4.0,6,BRE,True,0.09,0.22253670426058123,0.0,0.0,0.09176151631009635,0.0,0.0,0.0,0.17146992575344883,0.25419454785306045,2.465853625568506,0.09024732934392043,0.0,0.0,0.0,1.8,a,,False,True
39,Nedeljkovic,DEF,2,AVL,4.0,1,BHA,False,0.0,0.0,0.0,0.0,0.0,0.0,0.0,0.0,0.0,0.20240629969532878,2.1508305391253755,0.08361534329969483,0.0,0.0,0.0,0.3,u,Has joined Rangers on loan for the rest of the season,False,True
39,Nedeljkovic,DEF,2,AVL,4.0,2,ARS,True,0.0,0.0,0.0,0.0,0.0,0.0,0.0,0.0,0.0,0.21494052150365556,2.229654374211389,0.08361534329969483,0.0,0.0,0.0,0.3,u,Has joined Rangers on loan for the rest of the season,False,True
39,Nedeljkovic,DEF,2,AVL,4.0,3,HUL,False,0.05,0.13572899874912442,0.0,0.0,0.05947293546106483,0.0,0.0,0.0,0.09532149136165209,0.2963617536870667,2.7054244949327737,0.08361534329969483,0.0,0.0,0.0,0.3,u,Has joined Rangers on loan for the rest of the season,False,True
39,Nedeljkovic,DEF,2,AVL,4.0,4,NFO,True,0.05,0.14256158146971035,0.0,0.0,0.06447377490449076,0.0,0.0,0.0,0.09532149136165209,0.32128161909931663,2.8416152634957585,0.08361534329969483,0.0,0.0,0.0,0.3,u,Has joined Rangers on loan for the rest of the season,False,True
39,Nedeljkovic,DEF,2,AVL,4.0,5,TOT,False,0.05,0.1294730062431657,0.0,0.0,0.05501271830692478,0.0,0.0,0.0,0.09532149136165209,0.27413588292117097,2.580726637277313,0.08361534329969483,0.0,0.0,0.0,0.3,u,Has joined Rangers on loan for the rest of the season,False,True
39,Nedeljkovic,DEF,2,AVL,4.0,6,BRE,True,0.05,0.12370991845722465,0.0,0.0,0.05101095452074645,0.0,0.0,0.0,0.09532149136165209,0.25419454785306045,2.465853625568506,0.08361534329969483,0.0,0.0,0.0,0.3,u,Has joined Rangers on loan for the rest of the season,False,True
41,Buendía,MID,2,AVL,6.0,1,BHA,False,0.726,1.6784400655948615,0.15124062817894746,0.0,0.14702904337231987,0.0,0.0,0.0,1.380170394043594,0.20240629969532878,2.310610442299857,0.7264054705492601,0.041640828520905615,0.0,0.0,1.3,a,,True,True
41,Buendía,MID,2,AVL,6.0,2,ARS,True,0.726,1.6587785938293416,0.12247422912278125,0.0,0.15613397066296628,0.0,0.0,0.0,1.380170394043594,0.21494052150365556,2.2835436420585906,0.7264054705492601,0.033720624110987016,0.0,0.0,1.3,a,,True,True
41,Buendía,MID,2,AVL,6.0,3,HUL,False,0.726,1.8100689913002785,0.21461979811682685,0.0,0.2152787991398576,0.0,0.0,0.0,1.380170394043594,0.2963617536870667,2.491816299141612,0.7264054705492601,0.0590909090909091,0.0,0.0,1.3,a,,True,True
41,Buendía,MID,2,AVL,6.0,4,NFO,True,0.726,1.8187713864678121,0.20522026672355084,0.0,0.23338072570066723,0.0,0.0,0.0,1.380170394043594,0.32128161909931663,2.503796378477955,0.7264054705492601,0.056502951875727694,0.0,0.0,1.3,a,,True,True
41,Buendía,MID,2,AVL,6.0,5,TOT,False,0.726,1.7472241333581262,0.1679199342867421,0.0,0.19913380502779007,0.0,0.0,0.0,1.380170394043594,0.27413588292117097,2.4053014524202165,0.7264054705492601,0.04623311389980918,0.0,0.0,1.3,a,,True,True
41,Buendía,MID,2,AVL,6.0,6,BRE,True,0.726,1.7663689493192782,0.20155024513142544,0.0,0.18464831014425878,0.0,0.0,0.0,1.380170394043594,0.25419454785306045,2.4316570027806454,0.7264054705492601,0.055492490985517055,0.0,0.0,1.3,a,,True,True
44,Bailey,MID,2,AVL,5.5,1,BHA,False,0.543,1.1425758701444615,0.0,0.0,0.10999993389984836,0.0,0.0,0.0,1.0325759362446132,0.20240629969532878,2.1024062996953288,0.5434610190761122,0.0,0.0,0.0,0.2,a,,False,True
44,Bailey,MID,2,AVL,5.5,2,ARS,True,0.543,1.1493877311017409,0.0,0.0,0.11681179485712766,0.0,0.0,0.0,1.0325759362446132,0.21494052150365556,2.1149405215036556,0.5434610190761122,0.0,0.0,0.0,0.2,a,,False,True
44,Bailey,MID,2,AVL,5.5,3,HUL,False,0.543,1.1936369969185703,0.0,0.0,0.161061060673957,0.0,0.0,0.0,1.0325759362446132,0.2963617536870667,2.1963617536870665,0.5434610190761122,0.0,0.0,0.0,0.2,a,,False,True
44,Bailey,MID,2,AVL,5.5,4,NFO,True,0.543,1.207179972370751,0.0,0.0,0.17460403612613792,0.0,0.0,0.0,1.0325759362446132,0.32128161909931663,2.2212816190993165,0.5434610190761122,0.0,0.0,0.0,0.2,a,,False,True
44,Bailey,MID,2,AVL,5.5,5,TOT,False,0.543,1.1815581025422826,0.0,0.0,0.14898216629766936,0.0,0.0,0.0,1.0325759362446132,0.27413588292117097,2.174135882921171,0.5434610190761122,0.0,0.0,0.0,0.2,a,,False,True
44,Bailey,MID,2,AVL,5.5,6,BRE,True,0.543,1.170720764264429,0.0,0.0,0.1381448280198158,0.0,0.0,0.0,1.0325759362446132,0.25419454785306045,2.15419454785306,0.5434610190761122,0.0,0.0,0.0,0.2,a,,False,True
45,McGinn,MID,2,AVL,5.5,1,BHA,False,0.436,0.917390341230701,0.0,0.0,0.0883205041630868,0.0,0.0,0.0,0.8290698370676142,0.20240629969532878,2.1024062996953288,0.4363525458250601,0.0,0.0,0.0,3.2,a,,False,True
45,McGinn,MID,2,AVL,5.5,2,ARS,True,0.436,0.9228596808267003,0.0,0.0,0.09378984375908618,0.0,0.0,0.0,0.8290698370676142,0.21494052150365556,2.1149405215036556,0.4363525458250601,0.0,0.0,0.0,3.2,a,,False,True
45,McGinn,MID,2,AVL,5.5,3,HUL,False,0.436,0.9583880427741451,0.0,0.0,0.12931820570653094,0.0,0.0,0.0,0.8290698370676142,0.2963617536870667,2.1963617536870665,0.4363525458250601,0.0,0.0,0.0,3.2,a,,False,True
45,McGinn,MID,2,AVL,5.5,4,NFO,True,0.436,0.9692618894883982,0.0,0.0,0.14019205242078406,0.0,0.0,0.0,0.8290698370676142,0.32128161909931663,2.2212816190993165,0.4363525458250601,0.0,0.0,0.0,3.2,a,,False,True
45,McGinn,MID,2,AVL,5.5,5,TOT,False,0.436,0.9486897274822678,0.0,0.0,0.11961989041465357,0.0,0.0,0.0,0.8290698370676142,0.27413588292117097,2.174135882921171,0.4363525458250601,0.0,0.0,0.0,3.2,a,,False,True
45,McGinn,MID,2,AVL,5.5,6,BRE,True,0.436,0.9399882751581472,0.0,0.0,0.11091843809053299,0.0,0.0,0.0,0.8290698370676142,0.25419454785306045,2.15419454785306,0.4363525458250601,0.0,0.0,0.0,3.2,a,,False,True
46,Barkley,MID,2,AVL,5.0,1,BHA,False,0.163,0.3422566498020346,0.0,0.0,0.03295029226395907,0.0,0.0,0.0,0.3093063575380755,0.20240629969532878,2.1024062996953288,0.16279281975688184,0.0,0.0,0.0,0.2,a,,False,True
46,Barkley,MID,2,AVL,5.0,2,ARS,True,0.163,0.3442971311136703,0.0,0.0,0.03499077357559478,0.0,0.0,0.0,0.3093063575380755,0.21494052150365556,2.1149405215036556,0.16279281975688184,0.0,0.0,0.0,0.2,a,,False,True
46,Barkley,MID,2,AVL,5.0,3,HUL,False,0.163,0.35755192308888756,0.0,0.0,0.04824556555081206,0.0,0.0,0.0,0.3093063575380755,0.2963617536870667,2.1963617536870665,0.16279281975688184,0.0,0.0,0.0,0.2,a,,False,True
46,Barkley,MID,2,AVL,5.0,4,NFO,True,0.163,0.36160869824730973,0.0,0.0,0.052302340709234216,0.0,0.0,0.0,0.3093063575380755,0.32128161909931663,2.2212816190993165,0.16279281975688184,0.0,0.0,0.0,0.2,a,,False,True
46,Barkley,MID,2,AVL,5.0,5,TOT,False,0.163,0.35393371091535536,0.0,0.0,0.04462735337727985,0.0,0.0,0.0,0.3093063575380755,0.27413588292117097,2.174135882921171,0.16279281975688184,0.0,0.0,0.0,0.2,a,,False,True
46,Barkley,MID,2,AVL,5.0,6,BRE,True,0.163,0.35068740474990084,0.0,0.0,0.041381047211825346,0.0,0.0,0.0,0.3093063575380755,0.25419454785306045,2.15419454785306,0.16279281975688184,0.0,0.0,0.0,0.2,a,,False,True
47,Kamara,MID,2,AVL,5.0,1,BHA,False,0.156,0.32831352056316315,0.0,0.0,0.0316079365091163,0.0,0.0,0.0,0.29670558405404684,0.20240629969532878,2.1024062996953288,0.15616083371265624,0.0,0.0,0.0,0.4,a,,False,True
47,Kamara,MID,2,AVL,5.0,2,ARS,True,0.156,0.3302708750906908,0.0,0.0,0.03356529103664397,0.0,0.0,0.0,0.29670558405404684,0.21494052150365556,2.1149405215036556,0.15616083371265624,0.0,0.0,0.0,0.4,a,,False,True
47,Kamara,MID,2,AVL,5.0,3,HUL,False,0.156,0.34298568259036405,0.0,0.0,0.046280098536317205,0.0,0.0,0.0,0.29670558405404684,0.2963617536870667,2.1963617536870665,0.15616083371265624,0.0,0.0,0.0,0.4,a,,False,True
47,Kamara,MID,2,AVL,5.0,4,NFO,True,0.156,0.3468771895491482,0.0,0.0,0.05017160549510134,0.0,0.0,0.0,0.29670558405404684,0.32128161909931663,2.2212816190993165,0.15616083371265624,0.0,0.0,0.0,0.4,a,,False,True
47,Kamara,MID,2,AVL,5.0,5,TOT,False,0.156,0.33951487208157205,0.0,0.0,0.04280928802752518,0.0,0.0,0.0,0.29670558405404684,0.27413588292117097,2.174135882921171,0.15616083371265624,0.0,0.0,0.0,0.4,a,,False,True
47,Kamara,MID,2,AVL,5.0,6,BRE,True,0.156,0.33640081657199244,0.0,0.0,0.039695232517945614,0.0,0.0,0.0,0.29670558405404684,0.25419454785306045,2.15419454785306,0.15616083371265624,0.0,0.0,0.0,0.4,a,,False,True
48,Onana,MID,2,AVL,5.0,1,BHA,False,0.0,0.0,0.0,0.0,0.0,0.0,0.0,0.0,0.0,0.20240629969532878,2.1024062996953288,0.15392800942919438,0.0,0.0,0.0,0.0,i,Knee injury - Unknown return date,False,True
48,Onana,MID,2,AVL,5.0,2,ARS,True,0.0,0.0,0.0,0.0,0.0,0.0,0.0,0.0,0.0,0.21494052150365556,2.1149405215036556,0.15392800942919438,0.0,0.0,0.0,0.0,i,Knee injury - Unknown return date,False,True
48,Onana,MID,2,AVL,5.0,3,HUL,False,0.092,0.2028489556388788,0.0,0.0,0.02737102488959723,0.0,0.0,0.0,0.17547793074928159,0.2963617536870667,2.1963617536870665,0.15392800942919438,0.0,0.0,0.0,0.0,i,Knee injury - Unknown return date,False,True
48,Onana,MID,2,AVL,5.0,4,NFO,True,0.092,0.20515047480576945,0.0,0.0,0.02967254405648787,0.0,0.0,0.0,0.17547793074928159,0.32128161909931663,2.2212816190993165,0.15392800942919438,0.0,0.0,0.0,0.0,i,Knee injury - Unknown return date,False,True
48,Onana,MID,2,AVL,5.0,5,TOT,False,0.092,0.20079624521198391,0.0,0.0,0.02531831446270232,0.0,0.0,0.0,0.17547793074928159,0.27413588292117097,2.174135882921171,0.15392800942919438,0.0,0.0,0.0,0.0,i,Knee injury - Unknown return date,False,True
48,Onana,MID,2,AVL,5.0,6,BRE,True,0.092,0.198954527204547,0.0,0.0,0.023476596455265415,0.0,0.0,0.0,0.17547793074928159,0.25419454785306045,2.15419454785306,0.15392800942919438,0.0,0.0,0.0,0.0,i,Knee injury - Unknown return date,False,True
49,Iling Jr,MID,2,AVL,5.0,1,BHA,False,0.0,0.0,0.0,0.0,0.0,0.0,0.0,0.0,0.0,0.20240629969532878,2.1024062996953288,0.1531874695757965,0.0,0.0,0.0,0.0,u,Has joined Bolton Wanderers on loan for the rest of the season,False,True
49,Iling Jr,MID,2,AVL,5.0,2,ARS,True,0.0,0.0,0.0,0.0,0.0,0.0,0.0,0.0,0.0,0.21494052150365556,2.1149405215036556,0.1531874695757965,0.0,0.0,0.0,0.0,u,Has joined Bolton Wanderers on loan for the rest of the season,False,True
49,Iling Jr,MID,2,AVL,5.0,3,HUL,False,0.092,0.20187305959222832,0.0,0.0,0.02723934427582033,0.0,0.0,0.0,0.17463371531640798,0.2963617536870667,2.1963617536870665,0.1531874695757965,0.0,0.0,0.0,0.0,u,Has joined Bolton Wanderers on loan for the rest of the season,False,True
49,Iling Jr,MID,2,AVL,5.0,4,NFO,True,0.092,0.2041635062670315,0.0,0.0,0.02952979095062352,0.0,0.0,0.0,0.17463371531640798,0.32128161909931663,2.2212816190993165,0.1531874695757965,0.0,0.0,0.0,0.0,u,Has joined Bolton Wanderers on loan for the rest of the season,False,True
49,Iling Jr,MID,2,AVL,5.0,5,TOT,False,0.092,0.19983022465118055,0.0,0.0,0.02519650933477259,0.0,0.0,0.0,0.17463371531640798,0.27413588292117097,2.174135882921171,0.1531874695757965,0.0,0.0,0.0,0.0,u,Has joined Bolton Wanderers on loan for the rest of the season,False,True
49,Iling Jr,MID,2,AVL,5.0,6,BRE,True,0.092,0.1979973670557524,0.0,0.0,0.023363651739344425,0.0,0.0,0.0,0.17463371531640798,0.25419454785306045,2.15419454785306,0.1531874695757965,0.0,0.0,0.0,0.0,u,Has joined Bolton Wanderers on loan for the rest of the season,False,True
50,Burrowes,MID,2,AVL,4.5,1,BHA,False,0.041,0.08609016691873078,0.0,0.0,0.008288213428916514,0.0,0.0,0.0,0.07780195348981427,0.20240629969532878,2.1024062996953288,0.040948396573586454,0.0,0.0,0.0,0.7,a,,False,True
50,Burrowes,MID,2,AVL,4.5,2,ARS,True,0.041,0.08660342320407943,0.0,0.0,0.008801469714265174,0.0,0.0,0.0,0.07780195348981427,0.21494052150365556,2.1149405215036556,0.040948396573586454,0.0,0.0,0.0,0.7,a,,False,True
50,Burrowes,MID,2,AVL,4.5,3,HUL,False,0.041,0.08993749210903582,0.0,0.0,0.012135538619221554,0.0,0.0,0.0,0.07780195348981427,0.2963617536870667,2.1963617536870665,0.040948396573586454,0.0,0.0,0.0,0.7,a,,False,True
50,Burrowes,MID,2,AVL,4.5,4,NFO,True,0.041,0.09095792064049703,0.0,0.0,0.013155967150682766,0.0,0.0,0.0,0.07780195348981427,0.32128161909931663,2.2212816190993165,0.040948396573586454,0.0,0.0,0.0,0.7,a,,False,True
50,Burrowes,MID,2,AVL,4.5,5,TOT,False,0.041,0.08902737833872064,0.0,0.0,0.011225424848906375,0.0,0.0,0.0,0.07780195348981427,0.27413588292117097,2.174135882921171,0.040948396573586454,0.0,0.0,0.0,0.7,a,,False,True
50,Burrowes,MID,2,AVL,4.5,6,BRE,True,0.041,0.08821081264214488,0.0,0.0,0.010408859152330618,0.0,0.0,0.0,0.07780195348981427,0.25419454785306045,2.15419454785306,0.040948396573586454,0.0,0.0,0.0,0.7,a,,False,True
51,George Hemmings,MID,2,AVL,4.5,1,BHA,False,0.041,0.08603442820140314,0.0,0.0,0.008282847259910226,0.0,0.0,0.0,0.07775158094149291,0.20240629969532878,2.1024062996953288,0.040921884706048905,0.0,0.0,0.0,0.7,a,,False,True
51,George Hemmings,MID,2,AVL,4.5,2,ARS,True,0.041,0.08654735218112353,0.0,0.0,0.008795771239630618,0.0,0.0,0.0,0.07775158094149291,0.21494052150365556,2.1149405215036556,0.040921884706048905,0.0,0.0,0.0,0.7,a,,False,True
51,George Hemmings,MID,2,AVL,4.5,3,HUL,False,0.041,0.08987926245715752,0.0,0.0,0.012127681515664608,0.0,0.0,0.0,0.07775158094149291,0.2963617536870667,2.1963617536870665,0.040921884706048905,0.0,0.0,0.0,0.7,a,,False,True
51,George Hemmings,MID,2,AVL,4.5,4,NFO,True,0.041,0.09089903031644786,0.0,0.0,0.013147449374954955,0.0,0.0,0.0,0.07775158094149291,0.32128161909931663,2.2212816190993165,0.040921884706048905,0.0,0.0,0.0,0.7,a,,False,True
51,George Hemmings,MID,2,AVL,4.5,5,TOT,False,0.041,0.08896973793618398,0.0,0.0,0.01121815699469108,0.0,0.0,0.0,0.07775158094149291,0.27413588292117097,2.174135882921171,0.040921884706048905,0.0,0.0,0.0,0.7,a,,False,True
51,George Hemmings,MID,2,AVL,4.5,6,BRE,True,0.041,0.08815370092164208,0.0,0.0,0.010402119980149171,0.0,0.0,0.0,0.07775158094149291,0.25419454785306045,2.15419454785306,0.040921884706048905,0.0,0.0,0.0,0.7,a,,False,True
52,Alysson,MID,2,AVL,5.0,1,BHA,False,0.153,0.3215485098641624,0.0,0.0,0.03095664432873115,0.0,0.0,0.0,0.29059186553543126,0.20240629969532878,2.1024062996953288,0.1529430871239112,0.0,0.0,0.0,0.0,a,,False,True
52,Alysson,MID,2,AVL,5.0,2,ARS,True,0.153,0.32346553244222376,0.0,0.0,0.0328736669067925,0.0,0.0,0.0,0.29059186553543126,0.21494052150365556,2.1149405215036556,0.1529430871239112,0.0,0.0,0.0,0.0,a,,False,True
52,Alysson,MID,2,AVL,5.0,3,HUL,False,0.153,0.3359183470497874,0.0,0.0,0.04532648151435615,0.0,0.0,0.0,0.29059186553543126,0.2963617536870667,2.1963617536870665,0.1529430871239112,0.0,0.0,0.0,0.0,a,,False,True
52,Alysson,MID,2,AVL,5.0,4,NFO,True,0.153,0.3397296681966493,0.0,0.0,0.04913780266121803,0.0,0.0,0.0,0.29059186553543126,0.32128161909931663,2.2212816190993165,0.1529430871239112,0.0,0.0,0.0,0.0,a,,False,True
52,Alysson,MID,2,AVL,5.0,5,TOT,False,0.153,0.33251905376083424,0.0,0.0,0.04192718822540297,0.0,0.0,0.0,0.29059186553543126,0.27413588292117097,2.174135882921171,0.1529430871239112,0.0,0.0,0.0,0.0,a,,False,True
52,Alysson,MID,2,AVL,5.0,6,BRE,True,0.153,0.3294691644141451,0.0,0.0,0.038877298878713835,0.0,0.0,0.0,0.29059186553543126,0.25419454785306045,2.15419454785306,0.1529430871239112,0.0,0.0,0.0,0.0,a,,False,True
53,Manzambi,MID,2,AVL,6.0,1,BHA,False,0.0,0.0,0.0,0.0,0.0,0.0,0.0,0.0,0.0,0.20240629969532878,2.1024062996953288,0.7138852284164248,0.0,0.0,0.0,0.2,i,Knee injury - Unknown return date,False,True
53,Manzambi,MID,2,AVL,6.0,2,ARS,True,0.0,0.0,0.0,0.0,0.0,0.0,0.0,0.0,0.0,0.21494052150365556,2.1149405215036556,0.7138852284164248,0.0,0.0,0.0,0.2,i,Knee injury - Unknown return date,False,True
53,Manzambi,MID,2,AVL,6.0,3,HUL,False,0.428,0.9407701273295945,0.0,0.0,0.12694096693487028,0.0,0.0,0.0,0.8138291603947242,0.2963617536870667,2.1963617536870665,0.7138852284164248,0.0,0.0,0.0,0.2,i,Knee injury - Unknown return date,False,True
53,Manzambi,MID,2,AVL,6.0,4,NFO,True,0.428,0.9514440816167529,0.0,0.0,0.13761492122202867,0.0,0.0,0.0,0.8138291603947242,0.32128161909931663,2.2212816190993165,0.7138852284164248,0.0,0.0,0.0,0.2,i,Knee injury - Unknown return date,False,True
53,Manzambi,MID,2,AVL,6.0,5,TOT,False,0.428,0.9312500948325153,0.0,0.0,0.11742093443779106,0.0,0.0,0.0,0.8138291603947242,0.27413588292117097,2.174135882921171,0.7138852284164248,0.0,0.0,0.0,0.2,i,Knee injury - Unknown return date,False,True
53,Manzambi,MID,2,AVL,6.0,6,BRE,True,0.428,0.9227086001084993,0.0,0.0,0.10887943971377513,0.0,0.0,0.0,0.8138291603947242,0.25419454785306045,2.15419454785306,0.7138852284164248,0.0,0.0,0.0,0.2,i,Knee injury - Unknown return date,False,True
54,Gomes,MID,2,AVL,5.5,1,BHA,False,0.0,0.0,0.0,0.0,0.0,0.0,0.0,0.0,0.0,0.20240629969532878,2.1024062996953288,0.34572384610793216,0.0,0.0,0.0,0.1,s,Suspended until 19 Sep,False,True
54,Gomes,MID,2,AVL,5.5,2,ARS,True,0.0,0.0,0.0,0.0,0.0,0.0,0.0,0.0,0.0,0.21494052150365556,2.1149405215036556,0.34572384610793216,0.0,0.0,0.0,0.1,s,Suspended until 19 Sep,False,True
54,Gomes,MID,2,AVL,5.5,3,HUL,False,0.207,0.45560077975743324,0.0,0.0,0.0614755951943906,0.0,0.0,0.0,0.39412518456304263,0.2963617536870667,2.1963617536870665,0.34572384610793216,0.0,0.0,0.0,0.1,s,Suspended until 19 Sep,False,True
54,Gomes,MID,2,AVL,5.5,4,NFO,True,0.207,0.4607700147863223,0.0,0.0,0.06664483022327965,0.0,0.0,0.0,0.39412518456304263,0.32128161909931663,2.2212816190993165,0.34572384610793216,0.0,0.0,0.0,0.1,s,Suspended until 19 Sep,False,True
54,Gomes,MID,2,AVL,5.5,5,TOT,False,0.207,0.45099037164286326,0.0,0.0,0.05686518707982061,0.0,0.0,0.0,0.39412518456304263,0.27413588292117097,2.174135882921171,0.34572384610793216,0.0,0.0,0.0,0.1,s,Suspended until 19 Sep,False,True
54,Gomes,MID,2,AVL,5.5,6,BRE,True,0.207,0.44685385460909877,0.0,0.0,0.052728670046056116,0.0,0.0,0.0,0.39412518456304263,0.25419454785306045,2.15419454785306,0.34572384610793216,0.0,0.0,0.0,0.1,s,Suspended until 19 Sep,False,True
55,Watkins,FWD,2,AVL,8.0,1,BHA,False,0.698,1.3261711095542636,0.0,0.0,0.0,0.0,0.0,0.0,1.3261711095542636,0.20240629969532878,1.9,0.697984794502244,0.0,0.0,0.0,10.0,a,,False,True
55,Watkins,FWD,2,AVL,8.0,2,ARS,True,0.698,1.3261711095542636,0.0,0.0,0.0,0.0,0.0,0.0,1.3261711095542636,0.21494052150365556,1.9,0.697984794502244,0.0,0.0,0.0,10.0,a,,False,True
55,Watkins,FWD,2,AVL,8.0,3,HUL,False,0.698,1.3261711095542636,0.0,0.0,0.0,0.0,0.0,0.0,1.3261711095542636,0.2963617536870667,1.9,0.697984794502244,0.0,0.0,0.0,10.0,a,,False,True
55,Watkins,FWD,2,AVL,8.0,4,NFO,True,0.698,1.3261711095542636,0.0,0.0,0.0,0.0,0.0,0.0,1.3261711095542636,0.32128161909931663,1.9,0.697984794502244,0.0,0.0,0.0,10.0,a,,False,True
55,Watkins,FWD,2,AVL,8.0,5,TOT,False,0.698,1.3261711095542636,0.0,0.0,0.0,0.0,0.0,0.0,1.3261711095542636,0.27413588292117097,1.9,0.697984794502244,0.0,0.0,0.0,10.0,a,,False,True
55,Watkins,FWD,2,AVL,8.0,6,BRE,True,0.698,1.3261711095542636,0.0,0.0,0.0,0.0,0.0,0.0,1.3261711095542636,0.25419454785306045,1.9,0.697984794502244,0.0,0.0,0.0,10.0,a,,False,True
56,Abraham,FWD,2,AVL,5.5,1,BHA,False,0.327,0.6210007868780663,0.0,0.0,0.0,0.0,0.0,0.0,0.6210007868780663,0.20240629969532878,1.9,0.4357900258793448,0.0,0.0,0.0,0.1,d,Knock - 75% chance of playing,False,True
56,Abraham,FWD,2,AVL,5.5,2,ARS,True,0.327,0.6210007868780663,0.0,0.0,0.0,0.0,0.0,0.0,0.6210007868780663,0.21494052150365556,1.9,0.4357900258793448,0.0,0.0,0.0,0.1,d,Knock - 75% chance of playing,False,True
56,Abraham,FWD,2,AVL,5.5,3,HUL,False,0.392,0.7452009442536796,0.0,0.0,0.0,0.0,0.0,0.0,0.7452009442536796,0.2963617536870667,1.9,0.4357900258793448,0.0,0.0,0.0,0.1,d,Knock - 75% chance of playing,False,True
56,Abraham,FWD,2,AVL,5.5,4,NFO,True,0.392,0.7452009442536796,0.0,0.0,0.0,0.0,0.0,0.0,0.7452009442536796,0.32128161909931663,1.9,0.4357900258793448,0.0,0.0,0.0,0.1,d,Knock - 75% chance of playing,False,True
56,Abraham,FWD,2,AVL,5.5,5,TOT,False,0.392,0.7452009442536796,0.0,0.0,0.0,0.0,0.0,0.0,0.7452009442536796,0.27413588292117097,1.9,0.4357900258793448,0.0,0.0,0.0,0.1,d,Knock - 75% chance of playing,False,True
56,Abraham,FWD,2,AVL,5.5,6,BRE,True,0.392,0.7452009442536796,0.0,0.0,0.0,0.0,0.0,0.0,0.7452009442536796,0.25419454785306045,1.9,0.4357900258793448,0.0,0.0,0.0,0.1,d,Knock - 75% chance of playing,False,True
160,Garnacho,MID,2,AVL,6.0,1,BHA,False,0.68,1.4302819198904924,0.0,0.0,0.13769844152774752,0.0,0.0,0.0,1.2925834783627448,0.20240629969532878,2.1024062996953288,0.6803070938751289,0.0,0.0,0.0,0.6,a,,False,True
160,Garnacho,MID,2,AVL,6.0,2,ARS,True,0.68,1.4388090399029014,0.0,0.0,0.14622556154015656,0.0,0.0,0.0,1.2925834783627448,0.21494052150365556,2.1149405215036556,0.6803070938751289,0.0,0.0,0.0,0.6,a,,False,True
160,Garnacho,MID,2,AVL,6.0,3,HUL,False,0.68,1.49420048174933,0.0,0.0,0.20161700338658511,0.0,0.0,0.0,1.2925834783627448,0.2963617536870667,2.1963617536870665,0.6803070938751289,0.0,0.0,0.0,0.6,a,,False,True
160,Garnacho,MID,2,AVL,6.0,4,NFO,True,0.68,1.511153642967697,0.0,0.0,0.2185701646049522,0.0,0.0,0.0,1.2925834783627448,0.32128161909931663,2.2212816190993165,0.6803070938751289,0.0,0.0,0.0,0.6,a,,False,True
160,Garnacho,MID,2,AVL,6.0,5,TOT,False,0.68,1.4790800641997393,0.0,0.0,0.1864965858369944,0.0,0.0,0.0,1.2925834783627448,0.27413588292117097,2.174135882921171,0.6803070938751289,0.0,0.0,0.0,0.6,a,,False,True
160,Garnacho,MID,2,AVL,6.0,6,BRE,True,0.68,1.4655138324915626,0.0,0.0,0.17293035412881794,0.0,0.0,0.0,1.2925834783627448,0.25419454785306045,2.15419454785306,0.6803070938751289,0.0,0.0,0.0,0.6,a,,False,True
582,Madjo,FWD,2,AVL,5.5,1,BHA,False,0.0,0.0,0.0,0.0,0.0,0.0,0.0,0.0,0.0,0.20240629969532878,1.9,0.3322669004055375,0.0,0.0,0.0,0.5,i,Unspecified injury - Unknown return date,False,True
582,Madjo,FWD,2,AVL,5.5,2,ARS,True,0.0,0.0,0.0,0.0,0.0,0.0,0.0,0.0,0.0,0.21494052150365556,1.9,0.3322669004055375,0.0,0.0,0.0,0.5,i,Unspecified injury - Unknown return date,False,True
582,Madjo,FWD,2,AVL,5.5,3,HUL,False,0.199,0.3787842664623128,0.0,0.0,0.0,0.0,0.0,0.0,0.3787842664623128,0.2963617536870667,1.9,0.3322669004055375,0.0,0.0,0.0,0.5,i,Unspecified injury - Unknown return date,False,True
582,Madjo,FWD,2,AVL,5.5,4,NFO,True,0.199,0.3787842664623128,0.0,0.0,0.0,0.0,0.0,0.0,0.3787842664623128,0.32128161909931663,1.9,0.3322669004055375,0.0,0.0,0.0,0.5,i,Unspecified injury - Unknown return date,False,True
582,Madjo,FWD,2,AVL,5.5,5,TOT,False,0.199,0.3787842664623128,0.0,0.0,0.0,0.0,0.0,0.0,0.3787842664623128,0.27413588292117097,1.9,0.3322669004055375,0.0,0.0,0.0,0.5,i,Unspecified injury - Unknown return date,False,True
582,Madjo,FWD,2,AVL,5.5,6,BRE,True,0.199,0.3787842664623128,0.0,0.0,0.0,0.0,0.0,0.0,0.3787842664623128,0.25419454785306045,1.9,0.3322669004055375,0.0,0.0,0.0,0.5,i,Unspecified injury - Unknown return date,False,True
596,Ruggeri,DEF,2,AVL,4.5,1,BHA,False,0.236,0.5083285967893804,0.0,0.0,0.1913473115316589,0.0,0.0,0.0,0.44904715472961915,0.20240629969532878,2.1508305391253755,0.23634060775243115,0.0,0.0,0.0,0.1,a,,False,True
596,Ruggeri,DEF,2,AVL,4.5,2,ARS,True,0.236,0.5269578698789862,0.0,0.0,0.2031966939311938,0.0,0.0,0.0,0.44904715472961915,0.21494052150365556,2.229654374211389,0.23634060775243115,0.0,0.0,0.0,0.1,a,,False,True
596,Ruggeri,DEF,2,AVL,4.5,3,HUL,False,0.236,0.6394016693607258,0.0,0.0,0.28016926792391056,0.0,0.0,0.0,0.44904715472961915,0.2963617536870667,2.7054244949327737,0.23634060775243115,0.0,0.0,0.0,0.1,a,,False,True
596,Ruggeri,DEF,2,AVL,4.5,4,NFO,True,0.236,0.6715890783731723,0.0,0.0,0.30372757247047033,0.0,0.0,0.0,0.44904715472961915,0.32128161909931663,2.8416152634957585,0.23634060775243115,0.0,0.0,0.0,0.1,a,,False,True
596,Ruggeri,DEF,2,AVL,4.5,5,TOT,False,0.236,0.6099305018970081,0.0,0.0,0.25915776470535545,0.0,0.0,0.0,0.44904715472961915,0.27413588292117097,2.580726637277313,0.23634060775243115,0.0,0.0,0.0,0.1,a,,False,True
596,Ruggeri,DEF,2,AVL,4.5,6,BRE,True,0.236,0.5827813444953964,0.0,0.0,0.240305975707787,0.0,0.0,0.0,0.44904715472961915,0.25419454785306045,2.465853625568506,0.23634060775243115,0.0,0.0,0.0,0.1,a,,False,True
597,Suzuki,GK,2,AVL,5.0,1,BHA,False,0.487,1.0483339435477184,0.0,0.0,0.394618526189964,0.0,0.0,0.0,0.9260769068076531,0.20240629969532878,2.1508305391253755,0.48740889831981743,0.0,0.0,0.0,0.8,a,,False,True
597,Suzuki,GK,2,AVL,5.0,2,ARS,True,0.487,1.086753382168335,0.0,0.0,0.4190556911615351,0.0,0.0,0.0,0.9260769068076531,0.21494052150365556,2.229654374211389,0.48740889831981743,0.0,0.0,0.0,0.8,a,,False,True
597,Suzuki,GK,2,AVL,5.0,3,HUL,False,0.487,1.3186479725626317,0.0,0.0,0.5777974234749691,0.0,0.0,0.0,0.9260769068076531,0.2963617536870667,2.7054244949327737,0.48740889831981743,0.0,0.0,0.0,0.8,a,,False,True
597,Suzuki,GK,2,AVL,5.0,4,NFO,True,0.487,1.3850285650292453,0.0,0.0,0.6263820800624206,0.0,0.0,0.0,0.9260769068076531,0.32128161909931663,2.8416152634957585,0.48740889831981743,0.0,0.0,0.0,0.8,a,,False,True
597,Suzuki,GK,2,AVL,5.0,5,TOT,False,0.487,1.2578691271399423,0.0,0.0,0.5344650747381536,0.0,0.0,0.0,0.9260769068076531,0.27413588292117097,2.580726637277313,0.48740889831981743,0.0,0.0,0.0,0.8,a,,False,True
597,Suzuki,GK,2,AVL,5.0,6,BRE,True,0.487,1.201878999056273,0.0,0.0,0.4955867381118572,0.0,0.0,0.0,0.9260769068076531,0.25419454785306045,2.465853625568506,0.48740889831981743,0.0,0.0,0.0,0.8,a,,False,True
606,Rowe,DEF,2,AVL,4.0,1,BHA,False,0.081,0.17504000725106553,0.0,0.0,0.06588933813584179,0.0,0.0,0.0,0.15462678613084266,0.20240629969532878,2.1508305391253755,0.08138251901623299,0.0,0.0,0.0,0.0,a,,False,True
606,Rowe,DEF,2,AVL,4.0,2,ARS,True,0.081,0.18145488950888541,0.0,0.0,0.06996960431452114,0.0,0.0,0.0,0.15462678613084266,0.21494052150365556,2.229654374211389,0.08138251901623299,0.0,0.0,0.0,0.0,a,,False,True
606,Rowe,DEF,2,AVL,4.0,3,HUL,False,0.081,0.22017426040584898,0.0,0.0,0.09647466422048745,0.0,0.0,0.0,0.15462678613084266,0.2963617536870667,2.7054244949327737,0.08138251901623299,0.0,0.0,0.0,0.0,a,,False,True
606,Rowe,DEF,2,AVL,4.0,4,NFO,True,0.081,0.23125780821826145,0.0,0.0,0.10458682990366504,0.0,0.0,0.0,0.15462678613084266,0.32128161909931663,2.8416152634957585,0.08138251901623299,0.0,0.0,0.0,0.0,a,,False,True
606,Rowe,DEF,2,AVL,4.0,5,TOT,False,0.081,0.21002603463391994,0.0,0.0,0.08923947481945607,0.0,0.0,0.0,0.15462678613084266,0.27413588292117097,2.580726637277313,0.08138251901623299,0.0,0.0,0.0,0.0,a,,False,True
606,Rowe,DEF,2,AVL,4.0,6,BRE,True,0.081,0.200677379574076,0.0,0.0,0.08274797049789775,0.0,0.0,0.0,0.15462678613084266,0.25419454785306045,2.465853625568506,0.08138251901623299,0.0,0.0,0.0,0.0,a,,False,True
607,Lynch,MID,2,AVL,4.5,1,BHA,False,0.041,0.0860160777898137,0.0,0.0,0.008281080599056781,0.0,0.0,0.0,0.07773499719075691,0.20240629969532878,2.1024062996953288,0.04091315641618785,0.0,0.0,0.0,0.0,a,,False,True
607,Lynch,MID,2,AVL,4.5,2,ARS,True,0.041,0.08652889236721295,0.0,0.0,0.008793895176456047,0.0,0.0,0.0,0.07773499719075691,0.21494052150365556,2.1149405215036556,0.04091315641618785,0.0,0.0,0.0,0.0,a,,False,True
607,Lynch,MID,2,AVL,4.5,3,HUL,False,0.041,0.0898600919751316,0.0,0.0,0.012125094784374695,0.0,0.0,0.0,0.07773499719075691,0.2963617536870667,2.1963617536870665,0.04091315641618785,0.0,0.0,0.0,0.0,a,,False,True
607,Lynch,MID,2,AVL,4.5,4,NFO,True,0.041,0.09087964232661333,0.0,0.0,0.013144645135856427,0.0,0.0,0.0,0.07773499719075691,0.32128161909931663,2.2212816190993165,0.04091315641618785,0.0,0.0,0.0,0.0,a,,False,True
607,Lynch,MID,2,AVL,4.5,5,TOT,False,0.041,0.08895076144800054,0.0,0.0,0.011215764257243627,0.0,0.0,0.0,0.07773499719075691,0.27413588292117097,2.174135882921171,0.04091315641618785,0.0,0.0,0.0,0.0,a,,False,True
607,Lynch,MID,2,AVL,4.5,6,BRE,True,0.041,0.08813489848721132,0.0,0.0,0.01039990129645441,0.0,0.0,0.0,0.07773499719075691,0.25419454785306045,2.15419454785306,0.04091315641618785,0.0,0.0,0.0,0.0,a,,False,True
57,Petrović,GK,3,BOU,4.5,1,MCI,False,0.484,0.7754587394928866,0.0,0.0,0.24068029013788317,0.0,0.0,0.0,0.9194272799352275,0.12434168564538178,1.6024884590549473,0.48390909470275134,0.0,0.0,0.0,3.3,a,,False,True
57,Petrović,GK,3,BOU,4.5,2,EVE,True,0.484,1.3402623793087054,0.0,0.0,0.5962410800989139,0.0,0.0,0.0,0.9194272799352275,0.30803361965389603,2.769657346762582,0.48390909470275134,0.0,0.0,0.0,3.3,a,,False,True
57,Petrović,GK,3,BOU,4.5,3,NEW,False,0.484,0.9879709706027201,0.0,0.0,0.3591542684737246,0.0,0.0,0.0,0.9194272799352275,0.1855484182903923,2.04164579963019,0.48390909470275134,0.0,0.0,0.0,3.3,a,,False,True
57,Petrović,GK,3,BOU,4.5,4,BRE,True,0.484,1.149785364486949,0.0,0.0,0.4625788052076577,0.0,0.0,0.0,0.9194272799352275,0.23898021873912284,2.3760358651519504,0.48390909470275134,0.0,0.0,0.0,3.3,a,,False,True
57,Petrović,GK,3,BOU,4.5,5,LIV,True,0.484,1.1164164865549688,0.0,0.0,0.44042615934340584,0.0,0.0,0.0,0.9194272799352275,0.22753558683059286,2.307078950935495,0.48390909470275134,0.0,0.0,0.0,3.3,a,,False,True
57,Petrović,GK,3,BOU,4.5,6,CHE,False,0.484,0.8808708853643983,0.0,0.0,0.2967480173688775,0.0,0.0,0.0,0.9194272799352275,0.15330772898118375,1.820323062755179,0.48390909470275134,0.0,0.0,0.0,3.3,a,,False,True
58,Forster,GK,3,BOU,4.0,1,MCI,False,0.237,0.379219794728068,0.0,0.0,0.11769901552836538,0.0,0.0,0.0,0.4496242115891729,0.12434168564538178,1.6024884590549473,0.23664432188903836,0.0,0.0,0.0,3.2,a,,False,True
58,Forster,GK,3,BOU,4.0,2,EVE,True,0.237,0.6554236846896244,0.0,0.0,0.29157762816808874,0.0,0.0,0.0,0.4496242115891729,0.30803361965389603,2.769657346762582,0.23664432188903836,0.0,0.0,0.0,3.2,a,,False,True
58,Forster,GK,3,BOU,4.0,3,NEW,False,0.237,0.4831438857910898,0.0,0.0,0.1756359184956541,0.0,0.0,0.0,0.4496242115891729,0.1855484182903923,2.04164579963019,0.23664432188903836,0.0,0.0,0.0,3.2,a,,False,True
58,Forster,GK,3,BOU,4.0,4,BRE,True,0.237,0.5622753960929179,0.0,0.0,0.22621324723365513,0.0,0.0,0.0,0.4496242115891729,0.23898021873912284,2.3760358651519504,0.23664432188903836,0.0,0.0,0.0,3.2,a,,False,True
58,Forster,GK,3,BOU,4.0,5,LIV,True,0.237,0.5459571338886042,0.0,0.0,0.2153800186046002,0.0,0.0,0.0,0.4496242115891729,0.22753558683059286,2.307078950935495,0.23664432188903836,0.0,0.0,0.0,3.2,a,,False,True
58,Forster,GK,3,BOU,4.0,6,CHE,False,0.237,0.4307691168046767,0.0,0.0,0.14511761426040282,0.0,0.0,0.0,0.4496242115891729,0.15330772898118375,1.820323062755179,0.23664432188903836,0.0,0.0,0.0,3.2,a,,False,True
59,Dennis,GK,3,BOU,4.0,1,MCI,False,0.154,0.2473623420641679,0.0,0.0,0.07677422050349637,0.0,0.0,0.0,0.29328663633502255,0.12434168564538178,1.6024884590549473,0.1543613875447487,0.0,0.0,0.0,0.2,a,,False,True
59,Dennis,GK,3,BOU,4.0,2,EVE,True,0.154,0.42752815106977937,0.0,0.0,0.19019398776082708,0.0,0.0,0.0,0.29328663633502255,0.30803361965389603,2.769657346762582,0.1543613875447487,0.0,0.0,0.0,0.2,a,,False,True
59,Dennis,GK,3,BOU,4.0,3,NEW,False,0.154,0.31515127850582414,0.0,0.0,0.11456604521615353,0.0,0.0,0.0,0.29328663633502255,0.1855484182903923,2.04164579963019,0.1543613875447487,0.0,0.0,0.0,0.2,a,,False,True
59,Dennis,GK,3,BOU,4.0,4,BRE,True,0.154,0.36676819300094254,0.0,0.0,0.14755727264127425,0.0,0.0,0.0,0.29328663633502255,0.23898021873912284,2.3760358651519504,0.1543613875447487,0.0,0.0,0.0,0.2,a,,False,True
59,Dennis,GK,3,BOU,4.0,5,LIV,True,0.154,0.35612390804168625,0.0,0.0,0.14049083559591585,0.0,0.0,0.0,0.29328663633502255,0.22753558683059286,2.307078950935495,0.1543613875447487,0.0,0.0,0.0,0.2,a,,False,True
59,Dennis,GK,3,BOU,4.0,6,CHE,False,0.154,0.2809875937465961,0.0,0.0,0.09465917506747923,0.0,0.0,0.0,0.29328663633502255,0.15330772898118375,1.820323062755179,0.1543613875447487,0.0,0.0,0.0,0.2,a,,False,True
60,Hill,DEF,3,BOU,5.5,1,MCI,False,0.759,1.2161897908004835,0.0,0.0,0.3774706464769644,0.0,0.0,0.0,1.4419826797901985,0.12434168564538178,1.6024884590549473,0.7589382525211571,0.0,0.0,0.0,0.9,a,,False,True
60,Hill,DEF,3,BOU,5.5,2,EVE,True,0.759,2.1019989068343783,0.0,0.0,0.9351139880715784,0.0,0.0,0.0,1.4419826797901985,0.30803361965389603,2.769657346762582,0.7589382525211571,0.0,0.0,0.0,0.9,a,,False,True
60,Hill,DEF,3,BOU,5.5,3,NEW,False,0.759,1.5494830954384968,0.0,0.0,0.5632791693415001,0.0,0.0,0.0,1.4419826797901985,0.1855484182903923,2.04164579963019,0.7589382525211571,0.0,0.0,0.0,0.9,a,,False,True
60,Hill,DEF,3,BOU,5.5,4,BRE,True,0.759,1.803264507426017,0.0,0.0,0.7254849183879751,0.0,0.0,0.0,1.4419826797901985,0.23898021873912284,2.3760358651519504,0.7589382525211571,0.0,0.0,0.0,0.9,a,,False,True
60,Hill,DEF,3,BOU,5.5,5,LIV,True,0.759,1.750930467451329,0.0,0.0,0.6907418426223446,0.0,0.0,0.0,1.4419826797901985,0.22753558683059286,2.307078950935495,0.7589382525211571,0.0,0.0,0.0,0.9,a,,False,True
60,Hill,DEF,3,BOU,5.5,6,CHE,False,0.759,1.381512804271376,0.0,0.0,0.465404399723867,0.0,0.0,0.0,1.4419826797901985,0.15330772898118375,1.820323062755179,0.7589382525211571,0.0,0.0,0.0,0.9,a,,False,True
61,Truffert,DEF,3,BOU,5.5,1,MCI,False,0.746,1.1961262472780416,0.0,0.0,0.37124349443102417,0.0,0.0,0.0,1.4181942197378115,0.12434168564538178,1.6024884590549473,0.7464180103883219,0.0,0.0,0.0,4.4,a,,False,True
61,Truffert,DEF,3,BOU,5.5,2,EVE,True,0.746,2.067322126227925,0.0,0.0,0.9196873660590966,0.0,0.0,0.0,1.4181942197378115,0.30803361965389603,2.769657346762582,0.7464180103883219,0.0,0.0,0.0,4.4,a,,False,True
61,Truffert,DEF,3,BOU,5.5,3,NEW,False,0.746,1.5239211956776408,0.0,0.0,0.5539867248440589,0.0,0.0,0.0,1.4181942197378115,0.1855484182903923,2.04164579963019,0.7464180103883219,0.0,0.0,0.0,4.4,a,,False,True
61,Truffert,DEF,3,BOU,5.5,4,BRE,True,0.746,1.773515963078014,0.0,0.0,0.7135165575736881,0.0,0.0,0.0,1.4181942197378115,0.23898021873912284,2.3760358651519504,0.7464180103883219,0.0,0.0,0.0,4.4,a,,False,True
61,Truffert,DEF,3,BOU,5.5,5,LIV,True,0.746,1.722045280366049,0.0,0.0,0.6793466400585215,0.0,0.0,0.0,1.4181942197378115,0.22753558683059286,2.307078950935495,0.7464180103883219,0.0,0.0,0.0,4.4,a,,False,True
61,Truffert,DEF,3,BOU,5.5,6,CHE,False,0.746,1.358721918765697,0.0,0.0,0.457726600173149,0.0,0.0,0.0,1.4181942197378115,0.15330772898118375,1.820323062755179,0.7464180103883219,0.0,0.0,0.0,4.4,a,,False,True
62,Diakité,DEF,3,BOU,5.0,1,MCI,False,0.656,1.0517679556284492,0.0,0.0,0.3264387952915778,0.0,0.0,0.0,1.2470349501752835,0.12434168564538178,1.6024884590549473,0.6563341843027809,0.0,0.0,0.0,0.2,a,,False,True
62,Diakité,DEF,3,BOU,5.0,2,EVE,True,0.656,1.8178207954856236,0.0,0.0,0.8086919779734917,0.0,0.0,0.0,1.2470349501752835,0.30803361965389603,2.769657346762582,0.6563341843027809,0.0,0.0,0.0,0.2,a,,False,True
62,Diakité,DEF,3,BOU,5.0,3,NEW,False,0.656,1.3400019305354796,0.0,0.0,0.48712707906918323,0.0,0.0,0.0,1.2470349501752835,0.1855484182903923,2.04164579963019,0.6563341843027809,0.0,0.0,0.0,0.2,a,,False,True
62,Diakité,DEF,3,BOU,5.0,4,BRE,True,0.656,1.5594735614286575,0.0,0.0,0.6274035477225693,0.0,0.0,0.0,1.2470349501752835,0.23898021873912284,2.3760358651519504,0.6563341843027809,0.0,0.0,0.0,0.2,a,,False,True
62,Diakité,DEF,3,BOU,5.0,5,LIV,True,0.656,1.5142147813843636,0.0,0.0,0.5973575351292469,0.0,0.0,0.0,1.2470349501752835,0.22753558683059286,2.307078950935495,0.6563341843027809,0.0,0.0,0.0,0.2,a,,False,True
62,Diakité,DEF,3,BOU,5.0,6,CHE,False,0.656,1.19474025256096,0.0,0.0,0.40248441299270815,0.0,0.0,0.0,1.2470349501752835,0.15330772898118375,1.820323062755179,0.6563341843027809,0.0,0.0,0.0,0.2,a,,False,True
63,Milosavljević,DEF,3,BOU,5.0,1,MCI,False,0.0,0.0,0.0,0.0,0.0,0.0,0.0,0.0,0.0,0.12434168564538178,1.6024884590549473,0.5829630587812299,0.0,0.0,0.0,0.0,i,Unspecified injury - Unknown return date,False,True
63,Milosavljević,DEF,3,BOU,5.0,2,EVE,True,0.0,0.0,0.0,0.0,0.0,0.0,0.0,0.0,0.0,0.30803361965389603,2.769657346762582,0.5829630587812299,0.0,0.0,0.0,0.0,i,Unspecified injury - Unknown return date,False,True
63,Milosavljević,DEF,3,BOU,5.0,3,NEW,False,0.35,0.7141224481801592,0.0,0.0,0.25960289634860684,0.0,0.0,0.0,0.6645778870106019,0.1855484182903923,2.04164579963019,0.5829630587812299,0.0,0.0,0.0,0.0,i,Unspecified injury - Unknown return date,False,True
63,Milosavljević,DEF,3,BOU,5.0,4,BRE,True,0.35,0.831084681433732,0.0,0.0,0.33435993433047945,0.0,0.0,0.0,0.6645778870106019,0.23898021873912284,2.3760358651519504,0.5829630587812299,0.0,0.0,0.0,0.0,i,Unspecified injury - Unknown return date,False,True
63,Milosavljević,DEF,3,BOU,5.0,5,LIV,True,0.35,0.8069650812522882,0.0,0.0,0.31834762003282685,0.0,0.0,0.0,0.6645778870106019,0.22753558683059286,2.307078950935495,0.5829630587812299,0.0,0.0,0.0,0.0,i,Unspecified injury - Unknown return date,False,True
63,Milosavljević,DEF,3,BOU,5.0,6,CHE,False,0.35,0.6367086603802654,0.0,0.0,0.21449458229201923,0.0,0.0,0.0,0.6645778870106019,0.15330772898118375,1.820323062755179,0.5829630587812299,0.0,0.0,0.0,0.0,i,Unspecified injury - Unknown return date,False,True
64,Smith,DEF,3,BOU,4.5,1,MCI,False,0.284,0.4548858481870468,0.0,0.0,0.14118360184175832,0.0,0.0,0.0,0.5393381192056084,0.12434168564538178,1.6024884590549473,0.2838621680029518,0.0,0.0,0.0,0.1,a,,False,True
64,Smith,DEF,3,BOU,4.5,2,EVE,True,0.284,0.7862009390773297,0.0,0.0,0.3497563643710063,0.0,0.0,0.0,0.5393381192056084,0.30803361965389603,2.769657346762582,0.2838621680029518,0.0,0.0,0.0,0.1,a,,False,True
64,Smith,DEF,3,BOU,4.5,3,NEW,False,0.284,0.5795460029771459,0.0,0.0,0.21068070514171722,0.0,0.0,0.0,0.5393381192056084,0.1855484182903923,2.04164579963019,0.2838621680029518,0.0,0.0,0.0,0.1,a,,False,True
64,Smith,DEF,3,BOU,4.5,4,BRE,True,0.284,0.6744666919348019,0.0,0.0,0.2713497720044282,0.0,0.0,0.0,0.5393381192056084,0.23898021873912284,2.3760358651519504,0.2838621680029518,0.0,0.0,0.0,0.1,a,,False,True
64,Smith,DEF,3,BOU,4.5,5,LIV,True,0.284,0.6548924327665253,0.0,0.0,0.2583549799022239,0.0,0.0,0.0,0.5393381192056084,0.22753558683059286,2.307078950935495,0.2838621680029518,0.0,0.0,0.0,0.1,a,,False,True
64,Smith,DEF,3,BOU,4.5,6,CHE,False,0.284,0.5167208510594583,0.0,0.0,0.1740730572808311,0.0,0.0,0.0,0.5393381192056084,0.15330772898118375,1.820323062755179,0.2838621680029518,0.0,0.0,0.0,0.1,a,,False,True
65,J.Araujo,DEF,3,BOU,4.5,1,MCI,False,0.0,0.0,0.0,0.0,0.0,0.0,0.0,0.0,0.0,0.12434168564538178,1.6024884590549473,0.23634060775243115,0.0,0.0,0.0,0.0,i,Thigh injury - Unknown return date,False,True
65,J.Araujo,DEF,3,BOU,4.5,2,EVE,True,0.0,0.0,0.0,0.0,0.0,0.0,0.0,0.0,0.0,0.30803361965389603,2.769657346762582,0.23634060775243115,0.0,0.0,0.0,0.0,i,Thigh injury - Unknown return date,False,True
65,J.Araujo,DEF,3,BOU,4.5,3,NEW,False,0.142,0.2895142854598784,0.0,0.0,0.10524630227100869,0.0,0.0,0.0,0.2694282928377715,0.1855484182903923,2.04164579963019,0.23634060775243115,0.0,0.0,0.0,0.0,i,Thigh injury - Unknown return date,False,True
65,J.Araujo,DEF,3,BOU,4.5,4,BRE,True,0.142,0.3369322562469513,0.0,0.0,0.13555375233027173,0.0,0.0,0.0,0.2694282928377715,0.23898021873912284,2.3760358651519504,0.23634060775243115,0.0,0.0,0.0,0.0,i,Thigh injury - Unknown return date,False,True
65,J.Araujo,DEF,3,BOU,4.5,5,LIV,True,0.142,0.32715386483816167,0.0,0.0,0.12906215730443613,0.0,0.0,0.0,0.2694282928377715,0.22753558683059286,2.307078950935495,0.23634060775243115,0.0,0.0,0.0,0.0,i,Thigh injury - Unknown return date,False,True
65,J.Araujo,DEF,3,BOU,4.5,6,CHE,False,0.142,0.2581297553743955,0.0,0.0,0.08695882041733913,0.0,0.0,0.0,0.2694282928377715,0.15330772898118375,1.820323062755179,0.23634060775243115,0.0,0.0,0.0,0.0,i,Thigh injury - Unknown return date,False,True
66,Soler,DEF,3,BOU,4.0,1,MCI,False,0.063,0.10049446697825878,0.0,0.0,0.031190618195104006,0.0,0.0,0.0,0.11915186420206512,0.12434168564538178,1.6024884590549473,0.08361534329969483,0.0,0.0,0.0,0.2,d,Hamstring injury - 75% chance of playing,False,True
66,Soler,DEF,3,BOU,4.0,2,EVE,True,0.063,0.17368938740405643,0.0,0.0,0.07726901056562442,0.0,0.0,0.0,0.11915186420206512,0.30803361965389603,2.769657346762582,0.08361534329969483,0.0,0.0,0.0,0.2,d,Hamstring injury - 75% chance of playing,False,True
66,Soler,DEF,3,BOU,4.0,3,NEW,False,0.075,0.15364162298921247,0.0,0.0,0.05585290089863949,0.0,0.0,0.0,0.14298223704247814,0.1855484182903923,2.04164579963019,0.08361534329969483,0.0,0.0,0.0,0.2,d,Hamstring injury - 75% chance of playing,False,True
66,Soler,DEF,3,BOU,4.0,4,BRE,True,0.075,0.17880574910136096,0.0,0.0,0.0719366869141485,0.0,0.0,0.0,0.14298223704247814,0.23898021873912284,2.3760358651519504,0.08361534329969483,0.0,0.0,0.0,0.2,d,Hamstring injury - 75% chance of playing,False,True
66,Soler,DEF,3,BOU,4.0,5,LIV,True,0.075,0.1736164786517741,0.0,0.0,0.06849167834065516,0.0,0.0,0.0,0.14298223704247814,0.22753558683059286,2.307078950935495,0.08361534329969483,0.0,0.0,0.0,0.2,d,Hamstring injury - 75% chance of playing,False,True
66,Soler,DEF,3,BOU,4.0,6,CHE,False,0.075,0.13698624402776358,0.0,0.0,0.04614796220132971,0.0,0.0,0.0,0.14298223704247814,0.15330772898118375,1.820323062755179,0.08361534329969483,0.0,0.0,0.0,0.2,d,Hamstring injury - 75% chance of playing,False,True
67,Rayan,MID,3,BOU,6.5,1,MCI,False,0.747,1.5114171375757268,0.0,0.0,0.09283618271169918,0.0,0.0,0.0,1.4185809548640276,0.12434168564538178,2.0243416856453815,0.7466215551915935,0.0,0.0,0.0,2.8,a,,False,True
67,Rayan,MID,3,BOU,6.5,2,EVE,True,0.747,1.648565495021315,0.0,0.0,0.22998454015728764,0.0,0.0,0.0,1.4185809548640276,0.30803361965389603,2.208033619653896,0.7466215551915935,0.0,0.0,0.0,2.8,a,,False,True
67,Rayan,MID,3,BOU,6.5,3,NEW,False,0.747,1.5571154034913406,0.0,0.0,0.13853444862731298,0.0,0.0,0.0,1.4185809548640276,0.1855484182903923,2.0855484182903923,0.7466215551915935,0.0,0.0,0.0,2.8,a,,False,True
67,Rayan,MID,3,BOU,6.5,4,BRE,True,0.747,1.5970087374390587,0.0,0.0,0.17842778257503109,0.0,0.0,0.0,1.4185809548640276,0.23898021873912284,2.138980218739123,0.7466215551915935,0.0,0.0,0.0,2.8,a,,False,True
67,Rayan,MID,3,BOU,6.5,5,LIV,True,0.747,1.5884639285649167,0.0,0.0,0.1698829737008891,0.0,0.0,0.0,1.4185809548640276,0.22753558683059286,2.127535586830593,0.7466215551915935,0.0,0.0,0.0,2.8,a,,False,True
67,Rayan,MID,3,BOU,6.5,6,CHE,False,0.747,1.5330438098988504,0.0,0.0,0.11446285503482273,0.0,0.0,0.0,1.4185809548640276,0.15330772898118375,2.0533077289811836,0.7466215551915935,0.0,0.0,0.0,2.8,a,,False,True
68,Tavernier,MID,3,BOU,6.0,1,MCI,False,0.68,1.3771740091716893,0.0,0.0,0.0845905308089445,0.0,0.0,0.0,1.2925834783627448,0.12434168564538178,2.0243416856453815,0.6803070938751289,0.0,0.0,0.0,1.8,a,,False,True
68,Tavernier,MID,3,BOU,6.0,2,EVE,True,0.68,1.5021409349653236,0.0,0.0,0.2095574566025788,0.0,0.0,0.0,1.2925834783627448,0.30803361965389603,2.208033619653896,0.6803070938751289,0.0,0.0,0.0,1.8,a,,False,True
68,Tavernier,MID,3,BOU,6.0,3,NEW,False,0.68,1.4188133835830083,0.0,0.0,0.1262299052202636,0.0,0.0,0.0,1.2925834783627448,0.1855484182903923,2.0855484182903923,0.6803070938751289,0.0,0.0,0.0,1.8,a,,False,True
68,Tavernier,MID,3,BOU,6.0,4,BRE,True,0.68,1.4551634164668001,0.0,0.0,0.16257993810405527,0.0,0.0,0.0,1.2925834783627448,0.23898021873912284,2.138980218739123,0.6803070938751289,0.0,0.0,0.0,1.8,a,,False,True
68,Tavernier,MID,3,BOU,6.0,5,LIV,True,0.68,1.4473775521926375,0.0,0.0,0.1547940738298927,0.0,0.0,0.0,1.2925834783627448,0.22753558683059286,2.127535586830593,0.6803070938751289,0.0,0.0,0.0,1.8,a,,False,True
68,Tavernier,MID,3,BOU,6.0,6,CHE,False,0.68,1.3968798139345298,0.0,0.0,0.10429633557178498,0.0,0.0,0.0,1.2925834783627448,0.15330772898118375,2.0533077289811836,0.6803070938751289,0.0,0.0,0.0,1.8,a,,False,True
69,Scott,MID,3,BOU,6.0,1,MCI,False,0.607,1.2286457812556937,0.0,0.0,0.07546744138389595,0.0,0.0,0.0,1.1531783398717976,0.12434168564538178,2.0243416856453815,0.6069359683535778,0.0,0.0,0.0,1.5,a,,False,True
69,Scott,MID,3,BOU,6.0,2,EVE,True,0.607,1.3401350231018927,0.0,0.0,0.18695668323009504,0.0,0.0,0.0,1.1531783398717976,0.30803361965389603,2.208033619653896,0.6069359683535778,0.0,0.0,0.0,1.5,a,,False,True
69,Scott,MID,3,BOU,6.0,3,NEW,False,0.607,1.2657943488033516,0.0,0.0,0.11261600893155395,0.0,0.0,0.0,1.1531783398717976,0.1855484182903923,2.0855484182903923,0.6069359683535778,0.0,0.0,0.0,1.5,a,,False,True
69,Scott,MID,3,BOU,6.0,4,BRE,True,0.607,1.298224030349577,0.0,0.0,0.14504569047777935,0.0,0.0,0.0,1.1531783398717976,0.23898021873912284,2.138980218739123,0.6069359683535778,0.0,0.0,0.0,1.5,a,,False,True
69,Scott,MID,3,BOU,6.0,5,LIV,True,0.607,1.291277871599723,0.0,0.0,0.13809953172792544,0.0,0.0,0.0,1.1531783398717976,0.22753558683059286,2.127535586830593,0.6069359683535778,0.0,0.0,0.0,1.5,a,,False,True
69,Scott,MID,3,BOU,6.0,6,CHE,False,0.607,1.2462263148170802,0.0,0.0,0.09304797494528262,0.0,0.0,0.0,1.1531783398717976,0.15330772898118375,2.0533077289811836,0.6069359683535778,0.0,0.0,0.0,1.5,a,,False,True
70,Kluivert,MID,3,BOU,6.0,1,MCI,False,0.5,1.0118216339677555,0.0,0.0,0.06214939327295685,0.0,0.0,0.0,0.9496722406947987,0.12434168564538178,2.0243416856453815,0.49982749510252567,0.0,0.0,0.0,1.2,a,,False,True
70,Kluivert,MID,3,BOU,6.0,2,EVE,True,0.5,1.1036359132137696,0.0,0.0,0.15396367251897097,0.0,0.0,0.0,0.9496722406947987,0.30803361965389603,2.208033619653896,0.49982749510252567,0.0,0.0,0.0,1.2,a,,False,True
70,Kluivert,MID,3,BOU,6.0,3,NEW,False,0.5,1.0424144418291212,0.0,0.0,0.09274220113432244,0.0,0.0,0.0,0.9496722406947987,0.1855484182903923,2.0855484182903923,0.49982749510252567,0.0,0.0,0.0,1.2,a,,False,True
70,Kluivert,MID,3,BOU,6.0,4,BRE,True,0.5,1.0691211248062282,0.0,0.0,0.11944888411142944,0.0,0.0,0.0,0.9496722406947987,0.23898021873912284,2.138980218739123,0.49982749510252567,0.0,0.0,0.0,1.2,a,,False,True
70,Kluivert,MID,3,BOU,6.0,5,LIV,True,0.5,1.0634007831070171,0.0,0.0,0.11372854241221846,0.0,0.0,0.0,0.9496722406947987,0.22753558683059286,2.127535586830593,0.49982749510252567,0.0,0.0,0.0,1.2,a,,False,True
70,Kluivert,MID,3,BOU,6.0,6,CHE,False,0.5,1.0262996588513207,0.0,0.0,0.07662741815652195,0.0,0.0,0.0,0.9496722406947987,0.15330772898118375,2.0533077289811836,0.49982749510252567,0.0,0.0,0.0,1.2,a,,False,True
71,Cook,MID,3,BOU,5.0,1,MCI,False,0.229,0.4639108268188383,0.0,0.0,0.028494919906471735,0.0,0.0,0.0,0.43541590691236653,0.12434168564538178,2.0243416856453815,0.2291662667959824,0.0,0.0,0.0,0.2,a,,False,True
71,Cook,MID,3,BOU,5.0,2,EVE,True,0.229,0.5060068215761034,0.0,0.0,0.0705909146637369,0.0,0.0,0.0,0.43541590691236653,0.30803361965389603,2.208033619653896,0.2291662667959824,0.0,0.0,0.0,0.2,a,,False,True
71,Cook,MID,3,BOU,5.0,3,NEW,False,0.229,0.47793734524187514,0.0,0.0,0.04252143832950858,0.0,0.0,0.0,0.43541590691236653,0.1855484182903923,2.0855484182903923,0.2291662667959824,0.0,0.0,0.0,0.2,a,,False,True
71,Cook,MID,3,BOU,5.0,4,BRE,True,0.229,0.49018211147889856,0.0,0.0,0.054766204566532056,0.0,0.0,0.0,0.43541590691236653,0.23898021873912284,2.138980218739123,0.2291662667959824,0.0,0.0,0.0,0.2,a,,False,True
71,Cook,MID,3,BOU,5.0,5,LIV,True,0.229,0.4875593879095666,0.0,0.0,0.052143480997200065,0.0,0.0,0.0,0.43541590691236653,0.22753558683059286,2.127535586830593,0.2291662667959824,0.0,0.0,0.0,0.2,a,,False,True
71,Cook,MID,3,BOU,5.0,6,CHE,False,0.229,0.47054886683395464,0.0,0.0,0.03513295992158812,0.0,0.0,0.0,0.43541590691236653,0.15330772898118375,2.0533077289811836,0.2291662667959824,0.0,0.0,0.0,0.2,a,,False,True
72,Gannon-Doak,MID,3,BOU,5.0,1,MCI,False,0.182,0.36771095143680094,0.0,0.0,0.022586009000423436,0.0,0.0,0.0,0.3451249424363775,0.12434168564538178,2.0243416856453815,0.18164470654546183,0.0,0.0,0.0,0.1,a,,False,True
72,Gannon-Doak,MID,3,BOU,5.0,2,EVE,True,0.182,0.40107761888454585,0.0,0.0,0.05595267644816835,0.0,0.0,0.0,0.3451249424363775,0.30803361965389603,2.208033619653896,0.18164470654546183,0.0,0.0,0.0,0.1,a,,False,True
72,Gannon-Doak,MID,3,BOU,5.0,3,NEW,False,0.182,0.3788288304267104,0.0,0.0,0.03370388799033291,0.0,0.0,0.0,0.3451249424363775,0.1855484182903923,2.0855484182903923,0.18164470654546183,0.0,0.0,0.0,0.1,a,,False,True
72,Gannon-Doak,MID,3,BOU,5.0,4,BRE,True,0.182,0.38853443413941574,0.0,0.0,0.04340949170303825,0.0,0.0,0.0,0.3451249424363775,0.23898021873912284,2.138980218739123,0.18164470654546183,0.0,0.0,0.0,0.1,a,,False,True
72,Gannon-Doak,MID,3,BOU,5.0,5,LIV,True,0.182,0.38645557733486996,0.0,0.0,0.04133063489849249,0.0,0.0,0.0,0.3451249424363775,0.22753558683059286,2.127535586830593,0.18164470654546183,0.0,0.0,0.0,0.1,a,,False,True
72,Gannon-Doak,MID,3,BOU,5.0,6,CHE,False,0.182,0.3729724798783158,0.0,0.0,0.027847537441938318,0.0,0.0,0.0,0.3451249424363775,0.15330772898118375,2.0533077289811836,0.18164470654546183,0.0,0.0,0.0,0.1,a,,False,True
73,Adams,MID,3,BOU,5.0,1,MCI,False,0.163,0.32954829115761103,0.0,0.0,0.0202419336195355,0.0,0.0,0.0,0.3093063575380755,0.12434168564538178,2.0243416856453815,0.16279281975688184,0.0,0.0,0.0,0.2,a,,False,True
73,Adams,MID,3,BOU,5.0,2,EVE,True,0.163,0.3594520190614521,0.0,0.0,0.05014566152337659,0.0,0.0,0.0,0.3093063575380755,0.30803361965389603,2.208033619653896,0.16279281975688184,0.0,0.0,0.0,0.2,a,,False,True
73,Adams,MID,3,BOU,5.0,3,NEW,False,0.163,0.33951230775299784,0.0,0.0,0.03020595021492235,0.0,0.0,0.0,0.3093063575380755,0.1855484182903923,2.0855484182903923,0.16279281975688184,0.0,0.0,0.0,0.2,a,,False,True
73,Adams,MID,3,BOU,5.0,4,BRE,True,0.163,0.3482106212127337,0.0,0.0,0.03890426367465822,0.0,0.0,0.0,0.3093063575380755,0.23898021873912284,2.138980218739123,0.16279281975688184,0.0,0.0,0.0,0.2,a,,False,True
73,Adams,MID,3,BOU,5.0,5,LIV,True,0.163,0.3463475173132645,0.0,0.0,0.03704115977518904,0.0,0.0,0.0,0.3093063575380755,0.22753558683059286,2.127535586830593,0.16279281975688184,0.0,0.0,0.0,0.2,a,,False,True
73,Adams,MID,3,BOU,5.0,6,CHE,False,0.163,0.3342637550294462,0.0,0.0,0.024957397491370735,0.0,0.0,0.0,0.3093063575380755,0.15330772898118375,2.0533077289811836,0.16279281975688184,0.0,0.0,0.0,0.2,a,,False,True
74,Brooks,MID,3,BOU,5.0,1,MCI,False,0.156,0.3161228853496667,0.0,0.0,0.01941730129561984,0.0,0.0,0.0,0.29670558405404684,0.12434168564538178,2.0243416856453815,0.15616083371265624,0.0,0.0,0.0,0.0,a,,False,True
74,Brooks,MID,3,BOU,5.0,2,EVE,True,0.156,0.3448083709107265,0.0,0.0,0.04810278685667966,0.0,0.0,0.0,0.29670558405404684,0.30803361965389603,2.208033619653896,0.15616083371265624,0.0,0.0,0.0,0.0,a,,False,True
74,Brooks,MID,3,BOU,5.0,3,NEW,False,0.156,0.3256809797483392,0.0,0.0,0.028975395694292333,0.0,0.0,0.0,0.29670558405404684,0.1855484182903923,2.0855484182903923,0.15616083371265624,0.0,0.0,0.0,0.0,a,,False,True
74,Brooks,MID,3,BOU,5.0,4,BRE,True,0.156,0.33402493425318125,0.0,0.0,0.03731935019913438,0.0,0.0,0.0,0.29670558405404684,0.23898021873912284,2.138980218739123,0.15616083371265624,0.0,0.0,0.0,0.0,a,,False,True
74,Brooks,MID,3,BOU,5.0,5,LIV,True,0.156,0.33223773099281073,0.0,0.0,0.035532146938763866,0.0,0.0,0.0,0.29670558405404684,0.22753558683059286,2.127535586830593,0.15616083371265624,0.0,0.0,0.0,0.0,a,,False,True
74,Brooks,MID,3,BOU,5.0,6,CHE,False,0.156,0.32064624682634246,0.0,0.0,0.023940662772295604,0.0,0.0,0.0,0.29670558405404684,0.15330772898118375,2.0533077289811836,0.15616083371265624,0.0,0.0,0.0,0.0,a,,False,True
75,Christie,MID,3,BOU,5.0,1,MCI,False,0.154,0.31160288607593356,0.0,0.0,0.01913966816046425,0.0,0.0,0.0,0.2924632179154693,0.12434168564538178,2.0243416856453815,0.15392800942919438,0.0,0.0,0.0,0.0,a,,False,True
75,Christie,MID,3,BOU,5.0,2,EVE,True,0.154,0.3398782198260631,0.0,0.0,0.047415001910593786,0.0,0.0,0.0,0.2924632179154693,0.30803361965389603,2.208033619653896,0.15392800942919438,0.0,0.0,0.0,0.0,a,,False,True
75,Christie,MID,3,BOU,5.0,3,NEW,False,0.154,0.3210243165956449,0.0,0.0,0.028561098680175607,0.0,0.0,0.0,0.2924632179154693,0.1855484182903923,2.0855484182903923,0.15392800942919438,0.0,0.0,0.0,0.0,a,,False,True
75,Christie,MID,3,BOU,5.0,4,BRE,True,0.154,0.32924896727893593,0.0,0.0,0.03678574936346664,0.0,0.0,0.0,0.2924632179154693,0.23898021873912284,2.138980218739123,0.15392800942919438,0.0,0.0,0.0,0.0,a,,False,True
75,Christie,MID,3,BOU,5.0,5,LIV,True,0.154,0.3274873178706061,0.0,0.0,0.03502409995513677,0.0,0.0,0.0,0.2924632179154693,0.22753558683059286,2.127535586830593,0.15392800942919438,0.0,0.0,0.0,0.0,a,,False,True
75,Christie,MID,3,BOU,5.0,6,CHE,False,0.154,0.31606157146765335,0.0,0.0,0.02359835355218403,0.0,0.0,0.0,0.2924632179154693,0.15330772898118375,2.0533077289811836,0.15392800942919438,0.0,0.0,0.0,0.0,a,,False,True
76,Tóth.A,MID,3,BOU,5.0,1,MCI,False,0.153,0.3101037803808185,0.0,0.0,0.019047588186805173,0.0,0.0,0.0,0.2910561921940133,0.12434168564538178,2.0243416856453815,0.1531874695757965,0.0,0.0,0.0,0.0,a,,False,True
76,Tóth.A,MID,3,BOU,5.0,2,EVE,True,0.153,0.338243082933067,0.0,0.0,0.04718689073905367,0.0,0.0,0.0,0.2910561921940133,0.30803361965389603,2.208033619653896,0.1531874695757965,0.0,0.0,0.0,0.0,a,,False,True
76,Tóth.A,MID,3,BOU,5.0,3,NEW,False,0.153,0.31947988487570994,0.0,0.0,0.02842369268169663,0.0,0.0,0.0,0.2910561921940133,0.1855484182903923,2.0855484182903923,0.1531874695757965,0.0,0.0,0.0,0.0,a,,False,True
76,Tóth.A,MID,3,BOU,5.0,4,BRE,True,0.153,0.32766496718132987,0.0,0.0,0.03660877498731657,0.0,0.0,0.0,0.2910561921940133,0.23898021873912284,2.138980218739123,0.1531874695757965,0.0,0.0,0.0,0.0,a,,False,True
76,Tóth.A,MID,3,BOU,5.0,5,LIV,True,0.153,0.3259117929790357,0.0,0.0,0.03485560078502244,0.0,0.0,0.0,0.2910561921940133,0.22753558683059286,2.127535586830593,0.1531874695757965,0.0,0.0,0.0,0.0,a,,False,True
76,Tóth.A,MID,3,BOU,5.0,6,CHE,False,0.153,0.31454101526305284,0.0,0.0,0.02348482306903954,0.0,0.0,0.0,0.2910561921940133,0.15330772898118375,2.0533077289811836,0.1531874695757965,0.0,0.0,0.0,0.0,a,,False,True
77,Adli,MID,3,BOU,5.0,1,MCI,False,0.0,0.0,0.0,0.0,0.0,0.0,0.0,0.0,0.0,0.12434168564538178,2.0243416856453815,0.1529430871239112,0.0,0.0,0.0,0.0,i,Unspecified injury - Unknown return date,False,True
77,Adli,MID,3,BOU,5.0,2,EVE,True,0.0,0.0,0.0,0.0,0.0,0.0,0.0,0.0,0.0,0.30803361965389603,2.208033619653896,0.1529430871239112,0.0,0.0,0.0,0.0,i,Unspecified injury - Unknown return date,False,True
77,Adli,MID,3,BOU,5.0,3,NEW,False,0.092,0.19138212806383356,0.0,0.0,0.017027008742574828,0.0,0.0,0.0,0.17435511932125874,0.1855484182903923,2.0855484182903923,0.1529430871239112,0.0,0.0,0.0,0.0,i,Unspecified injury - Unknown return date,False,True
77,Adli,MID,3,BOU,5.0,4,BRE,True,0.092,0.19628534277056414,0.0,0.0,0.021930223449305408,0.0,0.0,0.0,0.17435511932125874,0.23898021873912284,2.138980218739123,0.1529430871239112,0.0,0.0,0.0,0.0,i,Unspecified injury - Unknown return date,False,True
77,Adli,MID,3,BOU,5.0,5,LIV,True,0.092,0.1952351163695117,0.0,0.0,0.020879997048252972,0.0,0.0,0.0,0.17435511932125874,0.22753558683059286,2.127535586830593,0.1529430871239112,0.0,0.0,0.0,0.0,i,Unspecified injury - Unknown return date,False,True
77,Adli,MID,3,BOU,5.0,6,CHE,False,0.092,0.18842353373146165,0.0,0.0,0.014068414410202889,0.0,0.0,0.0,0.17435511932125874,0.15330772898118375,2.0533077289811836,0.1529430871239112,0.0,0.0,0.0,0.0,i,Unspecified injury - Unknown return date,False,True
78,Kroupi.Jr,MID,3,BOU,7.5,1,MCI,False,0.0,0.0,0.0,0.0,0.0,0.0,0.0,0.0,0.0,0.12434168564538178,2.212875898544027,0.7821658183715968,0.037706842579729054,0.0,0.0,0.4,i,Foot injury - Unknown return date,True,True
78,Kroupi.Jr,MID,3,BOU,7.5,2,EVE,True,0.0,0.0,0.0,0.0,0.0,0.0,0.0,0.0,0.0,0.30803361965389603,2.4909440414293034,0.7821658183715968,0.056582084355081545,0.0,0.0,0.4,i,Foot injury - Unknown return date,True,True
78,Kroupi.Jr,MID,3,BOU,7.5,3,NEW,False,0.469,1.0851618556983802,0.10641504449096377,0.0,0.08707777826379602,0.0,0.0,0.0,0.8916690329436203,0.1855484182903923,2.3123013692876433,0.7821658183715968,0.04535059019945025,0.0,0.0,0.4,i,Foot injury - Unknown return date,True,True
78,Kroupi.Jr,MID,3,BOU,7.5,4,BRE,True,0.469,1.134035316837942,0.1302129888754962,0.0,0.11215329501882554,0.0,0.0,0.0,0.8916690329436203,0.23898021873912284,2.416442673666708,0.7821658183715968,0.055492490985517055,0.0,0.0,0.4,i,Foot injury - Unknown return date,True,True
78,Kroupi.Jr,MID,3,BOU,7.5,5,LIV,True,0.469,1.1213716624806573,0.12292029444782959,0.0,0.10678233508920731,0.0,0.0,0.0,0.8916690329436203,0.22753558683059286,2.3894585098235273,0.7821658183715968,0.05238458459858689,0.0,0.0,0.4,i,Foot injury - Unknown return date,True,True
78,Kroupi.Jr,MID,3,BOU,7.5,6,CHE,False,0.469,1.0702471696047304,0.10663089748035487,0.0,0.07194723918075513,0.0,0.0,0.0,0.8916690329436203,0.15330772898118375,2.280520627183834,0.7821658183715968,0.045442579640530015,0.0,0.0,0.4,i,Foot injury - Unknown return date,True,True
79,Evanilson,FWD,3,BOU,6.0,1,MCI,False,0.621,1.1797699745720818,0.0,0.0,0.0,0.0,0.0,0.0,1.1797699745720818,0.12434168564538178,1.9,0.6209315655642536,0.0,0.0,0.0,2.5,a,,False,True
79,Evanilson,FWD,3,BOU,6.0,2,EVE,True,0.621,1.1797699745720818,0.0,0.0,0.0,0.0,0.0,0.0,1.1797699745720818,0.30803361965389603,1.9,0.6209315655642536,0.0,0.0,0.0,2.5,a,,False,True
79,Evanilson,FWD,3,BOU,6.0,3,NEW,False,0.621,1.1797699745720818,0.0,0.0,0.0,0.0,0.0,0.0,1.1797699745720818,0.1855484182903923,1.9,0.6209315655642536,0.0,0.0,0.0,2.5,a,,False,True
79,Evanilson,FWD,3,BOU,6.0,4,BRE,True,0.621,1.1797699745720818,0.0,0.0,0.0,0.0,0.0,0.0,1.1797699745720818,0.23898021873912284,1.9,0.6209315655642536,0.0,0.0,0.0,2.5,a,,False,True
79,Evanilson,FWD,3,BOU,6.0,5,LIV,True,0.621,1.1797699745720818,0.0,0.0,0.0,0.0,0.0,0.0,1.1797699745720818,0.22753558683059286,1.9,0.6209315655642536,0.0,0.0,0.0,2.5,a,,False,True
79,Evanilson,FWD,3,BOU,6.0,6,CHE,False,0.621,1.1797699745720818,0.0,0.0,0.0,0.0,0.0,0.0,1.1797699745720818,0.15330772898118375,1.9,0.6209315655642536,0.0,0.0,0.0,2.5,a,,False,True
80,Enes Ünal,FWD,3,BOU,5.5,1,MCI,False,0.0,0.0,0.0,0.0,0.0,0.0,0.0,0.0,0.0,0.12434168564538178,1.9,0.3322669004055375,0.0,0.0,0.0,0.0,u,Has joined Getafe permanently,False,True
80,Enes Ünal,FWD,3,BOU,5.5,2,EVE,True,0.0,0.0,0.0,0.0,0.0,0.0,0.0,0.0,0.0,0.30803361965389603,1.9,0.3322669004055375,0.0,0.0,0.0,0.0,u,Has joined Getafe permanently,False,True
80,Enes Ünal,FWD,3,BOU,5.5,3,NEW,False,0.199,0.3787842664623128,0.0,0.0,0.0,0.0,0.0,0.0,0.3787842664623128,0.1855484182903923,1.9,0.3322669004055375,0.0,0.0,0.0,0.0,u,Has joined Getafe permanently,False,True
80,Enes Ünal,FWD,3,BOU,5.5,4,BRE,True,0.199,0.3787842664623128,0.0,0.0,0.0,0.0,0.0,0.0,0.3787842664623128,0.23898021873912284,1.9,0.3322669004055375,0.0,0.0,0.0,0.0,u,Has joined Getafe permanently,False,True
80,Enes Ünal,FWD,3,BOU,5.5,5,LIV,True,0.199,0.3787842664623128,0.0,0.0,0.0,0.0,0.0,0.0,0.3787842664623128,0.22753558683059286,1.9,0.3322669004055375,0.0,0.0,0.0,0.0,u,Has joined Getafe permanently,False,True
80,Enes Ünal,FWD,3,BOU,5.5,6,CHE,False,0.199,0.3787842664623128,0.0,0.0,0.0,0.0,0.0,0.0,0.3787842664623128,0.15330772898118375,1.9,0.3322669004055375,0.0,0.0,0.0,0.0,u,Has joined Getafe permanently,False,True
81,Rodríguez,FWD,3,BOU,6.0,1,MCI,False,0.523,0.993794062280052,0.0,0.0,0.0,0.0,0.0,0.0,0.993794062280052,0.12434168564538178,1.9,0.5230495064631853,0.0,0.0,0.0,0.1,a,,False,True
81,Rodríguez,FWD,3,BOU,6.0,2,EVE,True,0.523,0.993794062280052,0.0,0.0,0.0,0.0,0.0,0.0,0.993794062280052,0.30803361965389603,1.9,0.5230495064631853,0.0,0.0,0.0,0.1,a,,False,True
81,Rodríguez,FWD,3,BOU,6.0,3,NEW,False,0.523,0.993794062280052,0.0,0.0,0.0,0.0,0.0,0.0,0.993794062280052,0.1855484182903923,1.9,0.5230495064631853,0.0,0.0,0.0,0.1,a,,False,True
81,Rodríguez,FWD,3,BOU,6.0,4,BRE,True,0.523,0.993794062280052,0.0,0.0,0.0,0.0,0.0,0.0,0.993794062280052,0.23898021873912284,1.9,0.5230495064631853,0.0,0.0,0.0,0.1,a,,False,True
81,Rodríguez,FWD,3,BOU,6.0,5,LIV,True,0.523,0.993794062280052,0.0,0.0,0.0,0.0,0.0,0.0,0.993794062280052,0.22753558683059286,1.9,0.5230495064631853,0.0,0.0,0.0,0.1,a,,False,True
81,Rodríguez,FWD,3,BOU,6.0,6,CHE,False,0.523,0.993794062280052,0.0,0.0,0.0,0.0,0.0,0.0,0.993794062280052,0.15330772898118375,1.9,0.5230495064631853,0.0,0.0,0.0,0.1,a,,False,True
566,Silva,DEF,3,BOU,5.0,1,MCI,False,0.476,0.7625514815004852,0.0,0.0,0.23667424514762722,0.0,0.0,0.0,0.9041237125073378,0.12434168564538178,1.6024884590549473,0.4758545855301778,0.0,0.0,0.0,0.3,a,,False,True
566,Silva,DEF,3,BOU,5.0,2,EVE,True,0.476,1.3179541488043205,0.0,0.0,0.5863168416390605,0.0,0.0,0.0,0.9041237125073378,0.30803361965389603,2.769657346762582,0.4758545855301778,0.0,0.0,0.0,0.3,a,,False,True
566,Silva,DEF,3,BOU,5.0,3,NEW,False,0.476,0.9715265157824525,0.0,0.0,0.35317626272541874,0.0,0.0,0.0,0.9041237125073378,0.1855484182903923,2.04164579963019,0.4758545855301778,0.0,0.0,0.0,0.3,a,,False,True
566,Silva,DEF,3,BOU,5.0,4,BRE,True,0.476,1.1306475618167189,0.0,0.0,0.45487933175206613,0.0,0.0,0.0,0.9041237125073378,0.23898021873912284,2.3760358651519504,0.4758545855301778,0.0,0.0,0.0,0.3,a,,False,True
566,Silva,DEF,3,BOU,5.0,5,LIV,True,0.476,1.0978340979828074,0.0,0.0,0.4330954094585502,0.0,0.0,0.0,0.9041237125073378,0.22753558683059286,2.307078950935495,0.4758545855301778,0.0,0.0,0.0,0.3,a,,False,True
566,Silva,DEF,3,BOU,5.0,6,CHE,False,0.476,0.8662090765583895,0.0,0.0,0.2918087433316561,0.0,0.0,0.0,0.9041237125073378,0.15330772898118375,1.820323062755179,0.4758545855301778,0.0,0.0,0.0,0.3,a,,False,True
573,Sanchez,DEF,3,BOU,4.5,1,MCI,False,0.217,0.34852316531919325,0.0,0.0,0.10817165669401334,0.0,0.0,0.0,0.41322856983131717,0.12434168564538178,1.6024884590549473,0.21748872096385116,0.0,0.0,0.0,0.2,a,,False,True
573,Sanchez,DEF,3,BOU,4.5,2,EVE,True,0.217,0.6023692338555275,0.0,0.0,0.267975351809565,0.0,0.0,0.0,0.41322856983131717,0.30803361965389603,2.769657346762582,0.21748872096385116,0.0,0.0,0.0,0.2,a,,False,True
573,Sanchez,DEF,3,BOU,4.5,3,NEW,False,0.217,0.4440349336227892,0.0,0.0,0.16141875268337227,0.0,0.0,0.0,0.41322856983131717,0.1855484182903923,2.04164579963019,0.21748872096385116,0.0,0.0,0.0,0.2,a,,False,True
573,Sanchez,DEF,3,BOU,4.5,4,BRE,True,0.217,0.5167610012761352,0.0,0.0,0.2079020084369328,0.0,0.0,0.0,0.41322856983131717,0.23898021873912284,2.3760358651519504,0.21748872096385116,0.0,0.0,0.0,0.2,a,,False,True
573,Sanchez,DEF,3,BOU,4.5,5,LIV,True,0.217,0.5017636502015843,0.0,0.0,0.19794569501417975,0.0,0.0,0.0,0.41322856983131717,0.22753558683059286,2.307078950935495,0.21748872096385116,0.0,0.0,0.0,0.2,a,,False,True
573,Sanchez,DEF,3,BOU,4.5,6,CHE,False,0.217,0.395899734659624,0.0,0.0,0.13337080755996156,0.0,0.0,0.0,0.41322856983131717,0.15330772898118375,1.820323062755179,0.21748872096385116,0.0,0.0,0.0,0.2,a,,False,True
608,Jebbison,FWD,3,BOU,5.0,1,MCI,False,0.179,0.34101196689885377,0.0,0.0,0.0,0.0,0.0,0.0,0.34101196689885377,0.12434168564538178,1.9,0.1794799825783441,0.0,0.0,0.0,0.0,a,,False,True
608,Jebbison,FWD,3,BOU,5.0,2,EVE,True,0.179,0.34101196689885377,0.0,0.0,0.0,0.0,0.0,0.0,0.34101196689885377,0.30803361965389603,1.9,0.1794799825783441,0.0,0.0,0.0,0.0,a,,False,True
608,Jebbison,FWD,3,BOU,5.0,3,NEW,False,0.179,0.34101196689885377,0.0,0.0,0.0,0.0,0.0,0.0,0.34101196689885377,0.1855484182903923,1.9,0.1794799825783441,0.0,0.0,0.0,0.0,a,,False,True
608,Jebbison,FWD,3,BOU,5.0,4,BRE,True,0.179,0.34101196689885377,0.0,0.0,0.0,0.0,0.0,0.0,0.34101196689885377,0.23898021873912284,1.9,0.1794799825783441,0.0,0.0,0.0,0.0,a,,False,True
608,Jebbison,FWD,3,BOU,5.0,5,LIV,True,0.179,0.34101196689885377,0.0,0.0,0.0,0.0,0.0,0.0,0.34101196689885377,0.22753558683059286,1.9,0.1794799825783441,0.0,0.0,0.0,0.0,a,,False,True
608,Jebbison,FWD,3,BOU,5.0,6,CHE,False,0.179,0.34101196689885377,0.0,0.0,0.0,0.0,0.0,0.0,0.34101196689885377,0.15330772898118375,1.9,0.1794799825783441,0.0,0.0,0.0,0.0,a,,False,True
82,Kelleher,GK,4,BRE,5.0,1,TOT,True,0.596,1.7505324769750952,0.0,0.0,0.8087224783025277,0.0,0.0,0.0,1.131920716880361,0.3393728654886903,2.9383786838175037,0.5957477457265059,0.0,0.0,0.0,6.0,a,,False,True
82,Kelleher,GK,4,BRE,5.0,2,LEE,False,0.596,1.3336346382473787,0.0,0.0,0.5156314340646445,0.0,0.0,0.0,1.131920716880361,0.21637993503267028,2.2385894832401427,0.5957477457265059,0.0,0.0,0.0,6.0,a,,False,True
82,Kelleher,GK,4,BRE,5.0,3,SUN,True,0.596,1.8561922588584596,0.0,0.0,0.8895963586514171,0.0,0.0,0.0,1.131920716880361,0.37331083710881985,3.115735262405164,0.5957477457265059,0.0,0.0,0.0,6.0,a,,False,True
82,Kelleher,GK,4,BRE,5.0,4,BOU,False,0.596,1.149167857251473,0.0,0.0,0.40223974608933916,0.0,0.0,0.0,1.131920716880361,0.16879616791449772,1.9289504081128819,0.5957477457265059,0.0,0.0,0.0,6.0,a,,False,True
82,Kelleher,GK,4,BRE,5.0,5,CHE,True,0.596,1.3596875527941243,0.0,0.0,0.5325466428825361,0.0,0.0,0.0,1.131920716880361,0.22347824507212488,2.2823209362479497,0.5957477457265059,0.0,0.0,0.0,6.0,a,,False,True
82,Kelleher,GK,4,BRE,5.0,6,AVL,False,0.596,1.362808091501997,0.0,0.0,0.5345867024009447,0.0,0.0,0.0,1.131920716880361,0.22433433707290987,2.287558956417153,0.5957477457265059,0.0,0.0,0.0,6.0,a,,False,True
83,Valdimarsson,GK,4,BRE,4.5,1,TOT,True,0.376,1.103567608930819,0.0,0.0,0.5098334040686433,0.0,0.0,0.0,0.7135834698625191,0.3393728654886903,2.9383786838175037,0.3755702472960627,0.0,0.0,0.0,0.1,a,,False,True
83,Valdimarsson,GK,4,BRE,4.5,2,LEE,False,0.376,0.8407476058148656,0.0,0.0,0.3250634628405038,0.0,0.0,0.0,0.7135834698625191,0.21637993503267028,2.2385894832401427,0.3755702472960627,0.0,0.0,0.0,0.1,a,,False,True
83,Valdimarsson,GK,4,BRE,4.5,3,SUN,True,0.376,1.1701774630105701,0.0,0.0,0.5608177736450386,0.0,0.0,0.0,0.7135834698625191,0.37331083710881985,3.115735262405164,0.3755702472960627,0.0,0.0,0.0,0.1,a,,False,True
83,Valdimarsson,GK,4,BRE,4.5,4,BOU,False,0.376,0.7244563817967961,0.0,0.0,0.25357927410510256,0.0,0.0,0.0,0.7135834698625191,0.16879616791449772,1.9289504081128819,0.3755702472960627,0.0,0.0,0.0,0.1,a,,False,True
83,Valdimarsson,GK,4,BRE,4.5,5,CHE,True,0.376,0.8571718384356238,0.0,0.0,0.3357271190681122,0.0,0.0,0.0,0.7135834698625191,0.22347824507212488,2.2823209362479497,0.3755702472960627,0.0,0.0,0.0,0.1,a,,False,True
83,Valdimarsson,GK,4,BRE,4.5,6,AVL,False,0.376,0.8591390829659131,0.0,0.0,0.3370132098058842,0.0,0.0,0.0,0.7135834698625191,0.22433433707290987,2.287558956417153,0.3755702472960627,0.0,0.0,0.0,0.1,a,,False,True
84,Collins,DEF,4,BRE,5.5,1,TOT,True,0.759,2.2300479835418736,0.0,0.0,1.0302521979483372,0.0,0.0,0.0,1.4419826797901985,0.3393728654886903,2.9383786838175037,0.7589382525211571,0.0,0.0,0.0,1.9,a,,False,True
84,Collins,DEF,4,BRE,5.5,2,LEE,False,0.759,1.698951190522514,0.0,0.0,0.6568760390973452,0.0,0.0,0.0,1.4419826797901985,0.21637993503267028,2.2385894832401427,0.7589382525211571,0.0,0.0,0.0,1.9,a,,False,True
84,Collins,DEF,4,BRE,5.5,3,SUN,True,0.759,2.364650675368324,0.0,0.0,1.1332794974503122,0.0,0.0,0.0,1.4419826797901985,0.37331083710881985,3.115735262405164,0.7589382525211571,0.0,0.0,0.0,1.9,a,,False,True
84,Collins,DEF,4,BRE,5.5,4,BOU,False,0.759,1.4639542519331634,0.0,0.0,0.5124234748371869,0.0,0.0,0.0,1.4419826797901985,0.16879616791449772,1.9289504081128819,0.7589382525211571,0.0,0.0,0.0,1.9,a,,False,True
84,Collins,DEF,4,BRE,5.5,5,CHE,True,0.759,1.7321406630484701,0.0,0.0,0.6784247551661334,0.0,0.0,0.0,1.4419826797901985,0.22347824507212488,2.2823209362479497,0.7589382525211571,0.0,0.0,0.0,1.9,a,,False,True
84,Collins,DEF,4,BRE,5.5,6,AVL,False,0.759,1.7361159969223556,0.0,0.0,0.6810236390344258,0.0,0.0,0.0,1.4419826797901985,0.22433433707290987,2.287558956417153,0.7589382525211571,0.0,0.0,0.0,1.9,a,,False,True
85,Van den Berg,DEF,4,BRE,5.0,1,TOT,True,0.0,0.0,0.0,0.0,0.0,0.0,0.0,0.0,0.0,0.3393728654886903,2.9383786838175037,0.689912318844077,0.0,0.0,0.0,0.1,i,Groin injury - Unknown return date,False,True
85,Van den Berg,DEF,4,BRE,5.0,2,LEE,False,0.0,0.0,0.0,0.0,0.0,0.0,0.0,0.0,0.0,0.21637993503267028,2.2385894832401427,0.689912318844077,0.0,0.0,0.0,0.1,i,Groin injury - Unknown return date,False,True
85,Van den Berg,DEF,4,BRE,5.0,3,SUN,True,0.414,1.2897504838741232,0.0,0.0,0.6181241886704866,0.0,0.0,0.0,0.7865000434822478,0.37331083710881985,3.115735262405164,0.689912318844077,0.0,0.0,0.0,0.1,i,Groin injury - Unknown return date,False,True
85,Van den Berg,DEF,4,BRE,5.0,4,BOU,False,0.414,0.7984839893978323,0.0,0.0,0.27949093348292475,0.0,0.0,0.0,0.7865000434822478,0.16879616791449772,1.9289504081128819,0.689912318844077,0.0,0.0,0.0,0.1,i,Groin injury - Unknown return date,False,True
85,Van den Berg,DEF,4,BRE,5.0,5,CHE,True,0.414,0.9447607976839247,0.0,0.0,0.37003294624539507,0.0,0.0,0.0,0.7865000434822478,0.22347824507212488,2.2823209362479497,0.689912318844077,0.0,0.0,0.0,0.1,i,Groin injury - Unknown return date,False,True
85,Van den Berg,DEF,4,BRE,5.0,6,AVL,False,0.414,0.9469290624685769,0.0,0.0,0.37145045444716807,0.0,0.0,0.0,0.7865000434822478,0.22433433707290987,2.287558956417153,0.689912318844077,0.0,0.0,0.0,0.1,i,Groin injury - Unknown return date,False,True
86,Lewis-Potter,MID,4,BRE,5.5,1,TOT,True,0.543,1.2170118595698771,0.0,0.0,0.18443592332526398,0.0,0.0,0.0,1.0325759362446132,0.3393728654886903,2.23937286548869,0.5434610190761122,0.0,0.0,0.0,0.6,a,,False,True
86,Lewis-Potter,MID,4,BRE,5.5,2,LEE,False,0.543,1.150169996245091,0.0,0.0,0.11759406000047795,0.0,0.0,0.0,1.0325759362446132,0.21637993503267028,2.11637993503267,0.5434610190761122,0.0,0.0,0.0,0.6,a,,False,True
86,Lewis-Potter,MID,4,BRE,5.5,3,SUN,True,0.543,1.235455824211929,0.0,0.0,0.20287988796731576,0.0,0.0,0.0,1.0325759362446132,0.37331083710881985,2.27331083710882,0.5434610190761122,0.0,0.0,0.0,0.6,a,,False,True
86,Lewis-Potter,MID,4,BRE,5.5,4,BOU,False,0.543,1.1243100736755687,0.0,0.0,0.09173413743095549,0.0,0.0,0.0,1.0325759362446132,0.16879616791449772,2.0687961679144977,0.5434610190761122,0.0,0.0,0.0,0.6,a,,False,True
86,Lewis-Potter,MID,4,BRE,5.5,5,CHE,True,0.543,1.1540276510528513,0.0,0.0,0.12145171480823815,0.0,0.0,0.0,1.0325759362446132,0.22347824507212488,2.123478245072125,0.5434610190761122,0.0,0.0,0.0,0.6,a,,False,True
86,Lewis-Potter,MID,4,BRE,5.5,6,AVL,False,0.543,1.1544929036840208,0.0,0.0,0.12191696743940766,0.0,0.0,0.0,1.0325759362446132,0.22433433707290987,2.1243343370729098,0.5434610190761122,0.0,0.0,0.0,0.6,a,,False,True
87,Ajer,DEF,4,BRE,4.5,1,TOT,True,0.555,1.6307133888903556,0.0,0.0,0.7533676699008679,0.0,0.0,0.0,1.0544438863360974,0.3393728654886903,2.9383786838175037,0.5549704664926829,0.0,0.0,0.0,3.6,a,,False,True
87,Ajer,DEF,4,BRE,4.5,2,LEE,False,0.555,1.242351049799396,0.0,0.0,0.48033789393894977,0.0,0.0,0.0,1.0544438863360974,0.21637993503267028,2.2385894832401427,0.5549704664926829,0.0,0.0,0.0,3.6,a,,False,True
87,Ajer,DEF,4,BRE,4.5,3,SUN,True,0.555,1.7291410520446955,0.0,0.0,0.8287059576682229,0.0,0.0,0.0,1.0544438863360974,0.37331083710881985,3.115735262405164,0.5549704664926829,0.0,0.0,0.0,3.6,a,,False,True
87,Ajer,DEF,4,BRE,4.5,4,BOU,False,0.555,1.070510507831657,0.0,0.0,0.37470755219874413,0.0,0.0,0.0,1.0544438863360974,0.16879616791449772,1.9289504081128819,0.5549704664926829,0.0,0.0,0.0,3.6,a,,False,True
87,Ajer,DEF,4,BRE,4.5,5,CHE,True,0.555,1.2666207146755415,0.0,0.0,0.49609530367457305,0.0,0.0,0.0,1.0544438863360974,0.22347824507212488,2.2823209362479497,0.5549704664926829,0.0,0.0,0.0,3.6,a,,False,True
87,Ajer,DEF,4,BRE,4.5,6,AVL,False,0.555,1.269527661172342,0.0,0.0,0.4979957267827182,0.0,0.0,0.0,1.0544438863360974,0.22433433707290987,2.287558956417153,0.5549704664926829,0.0,0.0,0.0,3.6,a,,False,True
88,Kayode,DEF,4,BRE,4.5,1,TOT,True,0.482,1.4151212376501314,0.0,0.0,0.6537669934513513,0.0,0.0,0.0,0.9150387478451504,0.3393728654886903,2.9383786838175037,0.48159934097113183,0.0,0.0,0.0,4.4,a,,False,True
88,Kayode,DEF,4,BRE,4.5,2,LEE,False,0.482,1.0781032198333593,0.0,0.0,0.4168337364444413,0.0,0.0,0.0,0.9150387478451504,0.21637993503267028,2.2385894832401427,0.48159934097113183,0.0,0.0,0.0,4.4,a,,False,True
88,Kayode,DEF,4,BRE,4.5,3,SUN,True,0.482,1.5005360490148434,0.0,0.0,0.7191450125159567,0.0,0.0,0.0,0.9150387478451504,0.37331083710881985,3.115735262405164,0.48159934097113183,0.0,0.0,0.0,4.4,a,,False,True
88,Kayode,DEF,4,BRE,4.5,4,BOU,False,0.482,0.9289812453131596,0.0,0.0,0.32516849290429845,0.0,0.0,0.0,0.9150387478451504,0.16879616791449772,1.9289504081128819,0.48159934097113183,0.0,0.0,0.0,4.4,a,,False,True
88,Kayode,DEF,4,BRE,4.5,5,CHE,True,0.482,1.099164258781629,0.0,0.0,0.43050790219248175,0.0,0.0,0.0,0.9150387478451504,0.22347824507212488,2.2823209362479497,0.48159934097113183,0.0,0.0,0.0,4.4,a,,False,True
88,Kayode,DEF,4,BRE,4.5,6,AVL,False,0.482,1.1016868858431108,0.0,0.0,0.43215707556603655,0.0,0.0,0.0,0.9150387478451504,0.22433433707290987,2.287558956417153,0.48159934097113183,0.0,0.0,0.0,4.4,a,,False,True
89,Henry,DEF,4,BRE,4.5,1,TOT,True,0.374,1.1003959829930028,0.0,0.0,0.5083681555100381,0.0,0.0,0.0,0.7115326486681515,0.3393728654886903,2.9383786838175037,0.3744908677200797,0.0,0.0,0.0,0.3,a,,False,True
89,Henry,DEF,4,BRE,4.5,2,LEE,False,0.374,0.8383313180476459,0.0,0.0,0.32412923851039666,0.0,0.0,0.0,0.7115326486681515,0.21637993503267028,2.2385894832401427,0.3744908677200797,0.0,0.0,0.0,0.3,a,,False,True
89,Henry,DEF,4,BRE,4.5,3,SUN,True,0.374,1.1668144020041602,0.0,0.0,0.5592059972727651,0.0,0.0,0.0,0.7115326486681515,0.37331083710881985,3.115735262405164,0.3744908677200797,0.0,0.0,0.0,0.3,a,,False,True
89,Henry,DEF,4,BRE,4.5,4,BOU,False,0.374,0.722374312123195,0.0,0.0,0.25285049356049816,0.0,0.0,0.0,0.7115326486681515,0.16879616791449772,1.9289504081128819,0.3744908677200797,0.0,0.0,0.0,0.3,a,,False,True
89,Henry,DEF,4,BRE,4.5,5,CHE,True,0.374,0.8547083478311994,0.0,0.0,0.3347622476544827,0.0,0.0,0.0,0.7115326486681515,0.22347824507212488,2.2823209362479497,0.3744908677200797,0.0,0.0,0.0,0.3,a,,False,True
89,Henry,DEF,4,BRE,4.5,6,AVL,False,0.374,0.8566699385494996,0.0,0.0,0.33604464219937147,0.0,0.0,0.0,0.7115326486681515,0.22433433707290987,2.287558956417153,0.3744908677200797,0.0,0.0,0.0,0.3,a,,False,True
90,Hickey,DEF,4,BRE,4.5,1,TOT,True,0.284,0.8340945436020966,0.0,0.0,0.385340469435975,0.0,0.0,0.0,0.5393381192056084,0.3393728654886903,2.9383786838175037,0.2838621680029518,0.0,0.0,0.0,0.1,a,,False,True
90,Hickey,DEF,4,BRE,4.5,2,LEE,False,0.284,0.6354508639811545,0.0,0.0,0.24568830988284657,0.0,0.0,0.0,0.5393381192056084,0.21637993503267028,2.2385894832401427,0.2838621680029518,0.0,0.0,0.0,0.1,a,,False,True
90,Hickey,DEF,4,BRE,4.5,3,SUN,True,0.284,0.8844393665095758,0.0,0.0,0.42387529424282555,0.0,0.0,0.0,0.5393381192056084,0.37331083710881985,3.115735262405164,0.2838621680029518,0.0,0.0,0.0,0.1,a,,False,True
90,Hickey,DEF,4,BRE,4.5,4,BOU,False,0.284,0.5475560448171013,0.0,0.0,0.19165938469919844,0.0,0.0,0.0,0.5393381192056084,0.16879616791449772,1.9289504081128819,0.2838621680029518,0.0,0.0,0.0,0.1,a,,False,True
90,Hickey,DEF,4,BRE,4.5,5,CHE,True,0.284,0.6478645690418697,0.0,0.0,0.2537480765906734,0.0,0.0,0.0,0.5393381192056084,0.22347824507212488,2.2823209362479497,0.2838621680029518,0.0,0.0,0.0,0.1,a,,False,True
90,Hickey,DEF,4,BRE,4.5,6,AVL,False,0.284,0.6493514448031429,0.0,0.0,0.2547201251160846,0.0,0.0,0.0,0.5393381192056084,0.22433433707290987,2.287558956417153,0.2838621680029518,0.0,0.0,0.0,0.1,a,,False,True
91,Pinnock,DEF,4,BRE,4.5,1,TOT,True,0.236,0.6944582039402175,0.0,0.0,0.3208303571371245,0.0,0.0,0.0,0.44904715472961915,0.3393728654886903,2.9383786838175037,0.23634060775243115,0.0,0.0,0.0,0.1,a,,False,True
91,Pinnock,DEF,4,BRE,4.5,2,LEE,False,0.236,0.5290695989771761,0.0,0.0,0.20455746140421144,0.0,0.0,0.0,0.44904715472961915,0.21637993503267028,2.2385894832401427,0.23634060775243115,0.0,0.0,0.0,0.1,a,,False,True
91,Pinnock,DEF,4,BRE,4.5,3,SUN,True,0.236,0.736374765512517,0.0,0.0,0.35291404049146924,0.0,0.0,0.0,0.44904715472961915,0.37331083710881985,3.115735262405164,0.23634060775243115,0.0,0.0,0.0,0.1,a,,False,True
91,Pinnock,DEF,4,BRE,4.5,4,BOU,False,0.236,0.4558893117776986,0.0,0.0,0.15957355564477524,0.0,0.0,0.0,0.44904715472961915,0.16879616791449772,1.9289504081128819,0.23634060775243115,0.0,0.0,0.0,0.1,a,,False,True
91,Pinnock,DEF,4,BRE,4.5,5,CHE,True,0.236,0.5394051171589381,0.0,0.0,0.211267937039171,0.0,0.0,0.0,0.44904715472961915,0.22347824507212488,2.2823209362479497,0.23634060775243115,0.0,0.0,0.0,0.1,a,,False,True
91,Pinnock,DEF,4,BRE,4.5,6,AVL,False,0.236,0.540643074029147,0.0,0.0,0.21207725425420107,0.0,0.0,0.0,0.44904715472961915,0.22433433707290987,2.287558956417153,0.23634060775243115,0.0,0.0,0.0,0.1,a,,False,True
92,Ji-soo,DEF,4,BRE,4.5,1,TOT,True,0.217,0.6390642216509133,0.0,0.0,0.2952390817798894,0.0,0.0,0.0,0.41322856983131717,0.3393728654886903,2.9383786838175037,0.21748872096385116,0.0,0.0,0.0,0.0,a,,False,True
92,Ji-soo,DEF,4,BRE,4.5,2,LEE,False,0.217,0.48686796347302713,0.0,0.0,0.18824078124998667,0.0,0.0,0.0,0.41322856983131717,0.21637993503267028,2.2385894832401427,0.21748872096385116,0.0,0.0,0.0,0.0,a,,False,True
92,Ji-soo,DEF,4,BRE,4.5,3,SUN,True,0.217,0.6776372770824683,0.0,0.0,0.32476358593896726,0.0,0.0,0.0,0.41322856983131717,0.37331083710881985,3.115735262405164,0.21748872096385116,0.0,0.0,0.0,0.0,a,,False,True
92,Ji-soo,DEF,4,BRE,4.5,4,BOU,False,0.217,0.4195249570631694,0.0,0.0,0.14684505065329426,0.0,0.0,0.0,0.41322856983131717,0.16879616791449772,1.9289504081128819,0.21748872096385116,0.0,0.0,0.0,0.0,a,,False,True
92,Ji-soo,DEF,4,BRE,4.5,5,CHE,True,0.217,0.4963790612535859,0.0,0.0,0.19441599073593005,0.0,0.0,0.0,0.41322856983131717,0.22347824507212488,2.2823209362479497,0.21748872096385116,0.0,0.0,0.0,0.0,a,,False,True
92,Ji-soo,DEF,4,BRE,4.5,6,AVL,False,0.217,0.4975182715605687,0.0,0.0,0.1951607521530425,0.0,0.0,0.0,0.41322856983131717,0.22433433707290987,2.287558956417153,0.21748872096385116,0.0,0.0,0.0,0.0,a,,False,True
93,Schuster,DEF,4,BRE,4.5,1,TOT,True,0.211,0.6195769352271857,0.0,0.0,0.2862362173490501,0.0,0.0,0.0,0.4006277963472886,0.3393728654886903,2.9383786838175037,0.2108567349196256,0.0,0.0,0.0,0.2,a,,False,True
93,Schuster,DEF,4,BRE,4.5,2,LEE,False,0.211,0.4720216692614284,0.0,0.0,0.18250066641243826,0.0,0.0,0.0,0.4006277963472886,0.21637993503267028,2.2385894832401427,0.2108567349196256,0.0,0.0,0.0,0.2,a,,False,True
93,Schuster,DEF,4,BRE,4.5,3,SUN,True,0.211,0.6569737643046958,0.0,0.0,0.31486041689151184,0.0,0.0,0.0,0.4006277963472886,0.37331083710881985,3.115735262405164,0.2108567349196256,0.0,0.0,0.0,0.2,a,,False,True
93,Schuster,DEF,4,BRE,4.5,4,BOU,False,0.211,0.40673218487656154,0.0,0.0,0.14236723533358342,0.0,0.0,0.0,0.4006277963472886,0.16879616791449772,1.9289504081128819,0.2108567349196256,0.0,0.0,0.0,0.2,a,,False,True
93,Schuster,DEF,4,BRE,4.5,5,CHE,True,0.211,0.48124274065594563,0.0,0.0,0.18848757232590463,0.0,0.0,0.0,0.4006277963472886,0.22347824507212488,2.2823209362479497,0.2108567349196256,0.0,0.0,0.0,0.2,a,,False,True
93,Schuster,DEF,4,BRE,4.5,6,AVL,False,0.211,0.48234721248626694,0.0,0.0,0.18920962338220995,0.0,0.0,0.0,0.4006277963472886,0.22433433707290987,2.287558956417153,0.2108567349196256,0.0,0.0,0.0,0.2,a,,False,True
94,Schade,MID,4,BRE,6.0,1,TOT,True,0.714,1.5986552095889373,0.0,0.0,0.24227327559773026,0.0,0.0,0.0,1.356381933991207,0.3393728654886903,2.23937286548869,0.7138852284164248,0.0,0.0,0.0,3.6,a,,False,True
94,Schade,MID,4,BRE,6.0,2,LEE,False,0.714,1.510852373336736,0.0,0.0,0.15447043934552898,0.0,0.0,0.0,1.356381933991207,0.21637993503267028,2.11637993503267,0.7138852284164248,0.0,0.0,0.0,3.6,a,,False,True
94,Schade,MID,4,BRE,6.0,3,SUN,True,0.714,1.6228830262109637,0.0,0.0,0.2665010922197566,0.0,0.0,0.0,1.356381933991207,0.37331083710881985,2.27331083710882,0.7138852284164248,0.0,0.0,0.0,3.6,a,,False,True
94,Schade,MID,4,BRE,6.0,4,BOU,False,0.714,1.4768830248786655,0.0,0.0,0.1205010908874584,0.0,0.0,0.0,1.356381933991207,0.16879616791449772,2.0687961679144977,0.7138852284164248,0.0,0.0,0.0,3.6,a,,False,True
94,Schade,MID,4,BRE,6.0,5,CHE,True,0.714,1.5159197520206227,0.0,0.0,0.15953781802941563,0.0,0.0,0.0,1.356381933991207,0.22347824507212488,2.123478245072125,0.7138852284164248,0.0,0.0,0.0,3.6,a,,False,True
94,Schade,MID,4,BRE,6.0,6,AVL,False,0.714,1.5165309034541485,0.0,0.0,0.1601489694629415,0.0,0.0,0.0,1.356381933991207,0.22433433707290987,2.1243343370729098,0.7138852284164248,0.0,0.0,0.0,3.6,a,,False,True
95,O.Dango,MID,4,BRE,6.5,1,TOT,True,0.759,1.7000015419866406,0.0,0.0,0.2576321270702259,0.0,0.0,0.0,1.4423694149164146,0.3393728654886903,2.23937286548869,0.7591417973244288,0.0,0.0,0.0,1.2,a,,False,True
95,O.Dango,MID,4,BRE,6.5,2,LEE,False,0.759,1.606632467702059,0.0,0.0,0.16426305278564443,0.0,0.0,0.0,1.4423694149164146,0.21637993503267028,2.11637993503267,0.7591417973244288,0.0,0.0,0.0,1.2,a,,False,True
95,O.Dango,MID,4,BRE,6.5,3,SUN,True,0.759,1.725765274759891,0.0,0.0,0.28339585984347654,0.0,0.0,0.0,1.4423694149164146,0.37331083710881985,2.27331083710882,0.7591417973244288,0.0,0.0,0.0,1.2,a,,False,True
95,O.Dango,MID,4,BRE,6.5,4,BOU,False,0.759,1.5705096412085024,0.0,0.0,0.12814022629208788,0.0,0.0,0.0,1.4423694149164146,0.16879616791449772,2.0687961679144977,0.7591417973244288,0.0,0.0,0.0,1.2,a,,False,True
95,O.Dango,MID,4,BRE,6.5,5,CHE,True,0.759,1.6120210915433766,0.0,0.0,0.16965167662696204,0.0,0.0,0.0,1.4423694149164146,0.22347824507212488,2.123478245072125,0.7591417973244288,0.0,0.0,0.0,1.2,a,,False,True
95,O.Dango,MID,4,BRE,6.5,6,AVL,False,0.759,1.6126709867635276,0.0,0.0,0.17030157184711303,0.0,0.0,0.0,1.4423694149164146,0.22433433707290987,2.1243343370729098,0.7591417973244288,0.0,0.0,0.0,1.2,a,,False,True
96,Damsgaard,MID,4,BRE,5.5,1,TOT,True,0.436,0.9771560509075499,0.0,0.0,0.1480862138399357,0.0,0.0,0.0,0.8290698370676142,0.3393728654886903,2.23937286548869,0.4363525458250601,0.0,0.0,0.0,0.6,a,,False,True
96,Damsgaard,MID,4,BRE,5.5,2,LEE,False,0.436,0.9234877725845809,0.0,0.0,0.09441793551696678,0.0,0.0,0.0,0.8290698370676142,0.21637993503267028,2.11637993503267,0.4363525458250601,0.0,0.0,0.0,0.6,a,,False,True
96,Damsgaard,MID,4,BRE,5.5,3,SUN,True,0.436,0.9919649712241321,0.0,0.0,0.16289513415651785,0.0,0.0,0.0,0.8290698370676142,0.37331083710881985,2.27331083710882,0.4363525458250601,0.0,0.0,0.0,0.6,a,,False,True
96,Damsgaard,MID,4,BRE,5.5,4,BOU,False,0.436,0.9027244746626196,0.0,0.0,0.07365463759500541,0.0,0.0,0.0,0.8290698370676142,0.16879616791449772,2.0687961679144977,0.4363525458250601,0.0,0.0,0.0,0.6,a,,False,True
96,Damsgaard,MID,4,BRE,5.5,5,CHE,True,0.436,0.9265851382413526,0.0,0.0,0.09751530117373838,0.0,0.0,0.0,0.8290698370676142,0.22347824507212488,2.123478245072125,0.4363525458250601,0.0,0.0,0.0,0.6,a,,False,True
96,Damsgaard,MID,4,BRE,5.5,6,AVL,False,0.436,0.9269586961653555,0.0,0.0,0.09788885909774138,0.0,0.0,0.0,0.8290698370676142,0.22433433707290987,2.1243343370729098,0.4363525458250601,0.0,0.0,0.0,0.6,a,,False,True
97,Jensen,MID,4,BRE,5.5,1,TOT,True,0.346,0.774204599926491,0.0,0.0,0.11732929232141992,0.0,0.0,0.0,0.6568753076050711,0.3393728654886903,2.23937286548869,0.34572384610793216,0.0,0.0,0.0,0.2,a,,False,True
97,Jensen,MID,4,BRE,5.5,2,LEE,False,0.346,0.7316830109651503,0.0,0.0,0.07480770336007926,0.0,0.0,0.0,0.6568753076050711,0.21637993503267028,2.11637993503267,0.34572384610793216,0.0,0.0,0.0,0.2,a,,False,True
97,Jensen,MID,4,BRE,5.5,3,SUN,True,0.346,0.785937766004104,0.0,0.0,0.12906245839903296,0.0,0.0,0.0,0.6568753076050711,0.37331083710881985,2.27331083710882,0.34572384610793216,0.0,0.0,0.0,0.2,a,,False,True
97,Jensen,MID,4,BRE,5.5,4,BOU,False,0.346,0.7152321679847515,0.0,0.0,0.058356860379680485,0.0,0.0,0.0,0.6568753076050711,0.16879616791449772,2.0687961679144977,0.34572384610793216,0.0,0.0,0.0,0.2,a,,False,True
97,Jensen,MID,4,BRE,5.5,5,CHE,True,0.346,0.7341370660128571,0.0,0.0,0.07726175840778605,0.0,0.0,0.0,0.6568753076050711,0.22347824507212488,2.123478245072125,0.34572384610793216,0.0,0.0,0.0,0.2,a,,False,True
97,Jensen,MID,4,BRE,5.5,6,AVL,False,0.346,0.7344330374319907,0.0,0.0,0.07755772982691968,0.0,0.0,0.0,0.6568753076050711,0.22433433707290987,2.1243343370729098,0.34572384610793216,0.0,0.0,0.0,0.2,a,,False,True
98,Janelt,MID,4,BRE,5.0,1,TOT,True,0.163,0.36455382325995234,0.0,0.0,0.05524746572187686,0.0,0.0,0.0,0.3093063575380755,0.3393728654886903,2.23937286548869,0.16279281975688184,0.0,0.0,0.0,0.2,a,,False,True
98,Janelt,MID,4,BRE,5.0,2,LEE,False,0.163,0.34453145730085477,0.0,0.0,0.035225099762779294,0.0,0.0,0.0,0.3093063575380755,0.21637993503267028,2.11637993503267,0.16279281975688184,0.0,0.0,0.0,0.2,a,,False,True
98,Janelt,MID,4,BRE,5.0,3,SUN,True,0.163,0.3700786813568223,0.0,0.0,0.06077232381874679,0.0,0.0,0.0,0.3093063575380755,0.37331083710881985,2.27331083710882,0.16279281975688184,0.0,0.0,0.0,0.2,a,,False,True
98,Janelt,MID,4,BRE,5.0,4,BOU,False,0.163,0.3367851616770327,0.0,0.0,0.02747880413895719,0.0,0.0,0.0,0.3093063575380755,0.16879616791449772,2.0687961679144977,0.16279281975688184,0.0,0.0,0.0,0.2,a,,False,True
98,Janelt,MID,4,BRE,5.0,5,CHE,True,0.163,0.3456870112076862,0.0,0.0,0.03638065366961069,0.0,0.0,0.0,0.3093063575380755,0.22347824507212488,2.123478245072125,0.16279281975688184,0.0,0.0,0.0,0.2,a,,False,True
98,Janelt,MID,4,BRE,5.0,6,AVL,False,0.163,0.3458263768384653,0.0,0.0,0.03652001930038979,0.0,0.0,0.0,0.3093063575380755,0.22433433707290987,2.1243343370729098,0.16279281975688184,0.0,0.0,0.0,0.2,a,,False,True
99,Milambo,MID,4,BRE,5.0,1,TOT,True,0.0,0.0,0.0,0.0,0.0,0.0,0.0,0.0,0.0,0.3393728654886903,2.23937286548869,0.15616083371265624,0.0,0.0,0.0,0.0,i,Knee injury - Unknown return date,False,True
99,Milambo,MID,4,BRE,5.0,2,LEE,False,0.0,0.0,0.0,0.0,0.0,0.0,0.0,0.0,0.0,0.21637993503267028,2.11637993503267,0.15616083371265624,0.0,0.0,0.0,0.0,i,Knee injury - Unknown return date,False,True
99,Milambo,MID,4,BRE,5.0,3,SUN,True,0.094,0.21300126936655783,0.0,0.0,0.03497791893412975,0.0,0.0,0.0,0.1780233504324281,0.37331083710881985,2.27331083710882,0.15616083371265624,0.0,0.0,0.0,0.0,i,Knee injury - Unknown return date,False,True
99,Milambo,MID,4,BRE,5.0,4,BOU,False,0.094,0.19383896061784578,0.0,0.0,0.015815610185417685,0.0,0.0,0.0,0.1780233504324281,0.16879616791449772,2.0687961679144977,0.15616083371265624,0.0,0.0,0.0,0.0,i,Knee injury - Unknown return date,False,True
99,Milambo,MID,4,BRE,5.0,5,CHE,True,0.094,0.1989624798726907,0.0,0.0,0.020939129440262598,0.0,0.0,0.0,0.1780233504324281,0.22347824507212488,2.123478245072125,0.15616083371265624,0.0,0.0,0.0,0.0,i,Knee injury - Unknown return date,False,True
99,Milambo,MID,4,BRE,5.0,6,AVL,False,0.094,0.1990426926970371,0.0,0.0,0.02101934226460899,0.0,0.0,0.0,0.1780233504324281,0.22433433707290987,2.1243343370729098,0.15616083371265624,0.0,0.0,0.0,0.0,i,Knee injury - Unknown return date,False,True
100,Carvalho,MID,4,BRE,5.0,1,TOT,True,0.115,0.25852665566581884,0.0,0.0,0.03917924222921688,0.0,0.0,0.0,0.21934741343660197,0.3393728654886903,2.23937286548869,0.15392800942919438,0.0,0.0,0.0,0.0,d,Lack of match fitness - 75% chance of playing,False,True
100,Carvalho,MID,4,BRE,5.0,2,LEE,False,0.115,0.24432761294659996,0.0,0.0,0.024980199509998004,0.0,0.0,0.0,0.21934741343660197,0.21637993503267028,2.11637993503267,0.15392800942919438,0.0,0.0,0.0,0.0,d,Lack of match fitness - 75% chance of playing,False,True
100,Carvalho,MID,4,BRE,5.0,3,SUN,True,0.139,0.31493359077297856,0.0,0.0,0.05171669464905618,0.0,0.0,0.0,0.26321689612392235,0.37331083710881985,2.27331083710882,0.15392800942919438,0.0,0.0,0.0,0.0,d,Lack of match fitness - 75% chance of playing,False,True
100,Carvalho,MID,4,BRE,5.0,4,BOU,False,0.139,0.2866011084376416,0.0,0.0,0.023384212313719212,0.0,0.0,0.0,0.26321689612392235,0.16879616791449772,2.0687961679144977,0.15392800942919438,0.0,0.0,0.0,0.0,d,Lack of match fitness - 75% chance of playing,False,True
100,Carvalho,MID,4,BRE,5.0,5,CHE,True,0.139,0.294176501397136,0.0,0.0,0.030959605273213665,0.0,0.0,0.0,0.26321689612392235,0.22347824507212488,2.123478245072125,0.15392800942919438,0.0,0.0,0.0,0.0,d,Lack of match fitness - 75% chance of playing,False,True
100,Carvalho,MID,4,BRE,5.0,6,AVL,False,0.139,0.2942951002809482,0.0,0.0,0.031078204157025845,0.0,0.0,0.0,0.26321689612392235,0.22433433707290987,2.1243343370729098,0.15392800942919438,0.0,0.0,0.0,0.0,d,Lack of match fitness - 75% chance of playing,False,True
102,Yarmoliuk,MID,4,BRE,5.0,1,TOT,True,0.153,0.3430438627009129,0.0,0.0,0.05198767050689961,0.0,0.0,0.0,0.2910561921940133,0.3393728654886903,2.23937286548869,0.1531874695757965,0.0,0.0,0.0,1.3,a,,False,True
102,Yarmoliuk,MID,4,BRE,5.0,2,LEE,False,0.153,0.3242028869086433,0.0,0.0,0.03314669471463,0.0,0.0,0.0,0.2910561921940133,0.21637993503267028,2.11637993503267,0.1531874695757965,0.0,0.0,0.0,1.3,a,,False,True
102,Yarmoliuk,MID,4,BRE,5.0,3,SUN,True,0.153,0.34824273469593575,0.0,0.0,0.05718654250192246,0.0,0.0,0.0,0.2910561921940133,0.37331083710881985,2.27331083710882,0.1531874695757965,0.0,0.0,0.0,1.3,a,,False,True
102,Yarmoliuk,MID,4,BRE,5.0,4,BOU,False,0.153,0.3169136500309265,0.0,0.0,0.025857457836913154,0.0,0.0,0.0,0.2910561921940133,0.16879616791449772,2.0687961679144977,0.1531874695757965,0.0,0.0,0.0,1.3,a,,False,True
102,Yarmoliuk,MID,4,BRE,5.0,5,CHE,True,0.153,0.3252902590618518,0.0,0.0,0.034234066867838524,0.0,0.0,0.0,0.2910561921940133,0.22347824507212488,2.123478245072125,0.1531874695757965,0.0,0.0,0.0,1.3,a,,False,True
102,Yarmoliuk,MID,4,BRE,5.0,6,AVL,False,0.153,0.32542140162917615,0.0,0.0,0.03436520943516285,0.0,0.0,0.0,0.2910561921940133,0.22433433707290987,2.1243343370729098,0.1531874695757965,0.0,0.0,0.0,1.3,a,,False,True
103,Dasilva,MID,4,BRE,5.0,1,TOT,True,0.153,0.3424965992693594,0.0,0.0,0.05190473373392815,0.0,0.0,0.0,0.29059186553543126,0.3393728654886903,2.23937286548869,0.1529430871239112,0.0,0.0,0.0,0.0,a,,False,True
103,Dasilva,MID,4,BRE,5.0,2,LEE,False,0.153,0.3236856807909992,0.0,0.0,0.033093815255567934,0.0,0.0,0.0,0.29059186553543126,0.21637993503267028,2.11637993503267,0.1529430871239112,0.0,0.0,0.0,0.0,a,,False,True
103,Dasilva,MID,4,BRE,5.0,3,SUN,True,0.153,0.3476871774196657,0.0,0.0,0.05709531188423445,0.0,0.0,0.0,0.29059186553543126,0.37331083710881985,2.27331083710882,0.1529430871239112,0.0,0.0,0.0,0.0,a,,False,True
103,Dasilva,MID,4,BRE,5.0,4,BOU,False,0.153,0.31640807255096065,0.0,0.0,0.025816207015529367,0.0,0.0,0.0,0.29059186553543126,0.16879616791449772,2.0687961679144977,0.1529430871239112,0.0,0.0,0.0,0.0,a,,False,True
103,Dasilva,MID,4,BRE,5.0,5,CHE,True,0.153,0.32477131824179606,0.0,0.0,0.03417945270636477,0.0,0.0,0.0,0.29059186553543126,0.22347824507212488,2.123478245072125,0.1529430871239112,0.0,0.0,0.0,0.0,a,,False,True
103,Dasilva,MID,4,BRE,5.0,6,AVL,False,0.153,0.32490225159525815,0.0,0.0,0.03431038605982691,0.0,0.0,0.0,0.29059186553543126,0.22433433707290987,2.1243343370729098,0.1529430871239112,0.0,0.0,0.0,0.0,a,,False,True
105,Anthony,MID,4,BRE,6.0,1,TOT,True,0.68,1.5234612462234307,0.0,0.0,0.2308777678606859,0.0,0.0,0.0,1.2925834783627448,0.3393728654886903,2.23937286548869,0.6803070938751289,0.0,0.0,0.0,0.2,a,,False,True
105,Anthony,MID,4,BRE,6.0,2,LEE,False,0.68,1.4397882831377098,0.0,0.0,0.14720480477496511,0.0,0.0,0.0,1.2925834783627448,0.21637993503267028,2.11637993503267,0.6803070938751289,0.0,0.0,0.0,0.2,a,,False,True
105,Anthony,MID,4,BRE,6.0,3,SUN,True,0.68,1.5465494890683376,0.0,0.0,0.2539660107055928,0.0,0.0,0.0,1.2925834783627448,0.37331083710881985,2.27331083710882,0.6803070938751289,0.0,0.0,0.0,0.2,a,,False,True
105,Anthony,MID,4,BRE,6.0,4,BOU,False,0.68,1.4074167088139151,0.0,0.0,0.11483323045117022,0.0,0.0,0.0,1.2925834783627448,0.16879616791449772,2.0687961679144977,0.6803070938751289,0.0,0.0,0.0,0.2,a,,False,True
105,Anthony,MID,4,BRE,6.0,5,CHE,True,0.68,1.444617313812076,0.0,0.0,0.15203383544933113,0.0,0.0,0.0,1.2925834783627448,0.22347824507212488,2.123478245072125,0.6803070938751289,0.0,0.0,0.0,0.2,a,,False,True
105,Anthony,MID,4,BRE,6.0,6,AVL,False,0.68,1.4451997192732198,0.0,0.0,0.1526162409104749,0.0,0.0,0.0,1.2925834783627448,0.22433433707290987,2.1243343370729098,0.6803070938751289,0.0,0.0,0.0,0.2,a,,False,True
106,Thiago,FWD,4,BRE,8.0,1,TOT,True,0.698,1.4823579603963204,0.15618685084205666,0.0,0.0,0.0,0.0,0.0,1.3261711095542636,0.3393728654886903,2.1237682712750763,0.697984794502244,0.05594206781876912,0.0,0.0,17.2,a,,True,True
106,Thiago,FWD,4,BRE,8.0,2,LEE,False,0.698,1.4592560776141281,0.13308496805986456,0.0,0.0,0.0,0.0,0.0,1.3261711095542636,0.21637993503267028,2.0906702969865867,0.697984794502244,0.04766757424664667,0.0,0.0,17.2,a,,True,True
106,Thiago,FWD,4,BRE,8.0,3,SUN,True,0.698,1.47840787134302,0.15223676178875634,0.0,0.0,0.0,0.0,0.0,1.3261711095542636,0.37331083710881985,2.1181089946197487,0.697984794502244,0.05452724865493717,0.0,0.0,17.2,a,,True,True
106,Thiago,FWD,4,BRE,8.0,4,BOU,False,0.698,1.4586059793989528,0.1324348698446892,0.0,0.0,0.0,0.0,0.0,1.3261711095542636,0.16879616791449772,2.089738903895654,0.697984794502244,0.04743472597391354,0.0,0.0,17.2,a,,True,True
106,Thiago,FWD,4,BRE,8.0,5,CHE,True,0.698,1.479687340876572,0.1535162313223085,0.0,0.0,0.0,0.0,0.0,1.3261711095542636,0.22347824507212488,2.119942085460165,0.697984794502244,0.054985521365041326,0.0,0.0,17.2,a,,True,True
106,Thiago,FWD,4,BRE,8.0,6,AVL,False,0.698,1.452895548780468,0.1267244392262043,0.0,0.0,0.0,0.0,0.0,1.3261711095542636,0.22433433707290987,2.081557592979623,0.697984794502244,0.045389398244905774,0.0,0.0,17.2,a,,True,True
107,Furo,FWD,4,BRE,4.5,1,TOT,True,0.165,0.3141660679715157,0.0,0.0,0.0,0.0,0.0,0.0,0.3141660679715157,0.3393728654886903,1.9,0.16535056209027144,0.0,0.0,0.0,0.9,a,,False,True
107,Furo,FWD,4,BRE,4.5,2,LEE,False,0.165,0.3141660679715157,0.0,0.0,0.0,0.0,0.0,0.0,0.3141660679715157,0.21637993503267028,1.9,0.16535056209027144,0.0,0.0,0.0,0.9,a,,False,True
107,Furo,FWD,4,BRE,4.5,3,SUN,True,0.165,0.3141660679715157,0.0,0.0,0.0,0.0,0.0,0.0,0.3141660679715157,0.37331083710881985,1.9,0.16535056209027144,0.0,0.0,0.0,0.9,a,,False,True
107,Furo,FWD,4,BRE,4.5,4,BOU,False,0.165,0.3141660679715157,0.0,0.0,0.0,0.0,0.0,0.0,0.3141660679715157,0.16879616791449772,1.9,0.16535056209027144,0.0,0.0,0.0,0.9,a,,False,True
107,Furo,FWD,4,BRE,4.5,5,CHE,True,0.165,0.3141660679715157,0.0,0.0,0.0,0.0,0.0,0.0,0.3141660679715157,0.22347824507212488,1.9,0.16535056209027144,0.0,0.0,0.0,0.9,a,,False,True
107,Furo,FWD,4,BRE,4.5,6,AVL,False,0.165,0.3141660679715157,0.0,0.0,0.0,0.0,0.0,0.0,0.3141660679715157,0.22433433707290987,1.9,0.16535056209027144,0.0,0.0,0.0,0.9,a,,False,True
108,Wilson,FWD,4,BRE,5.5,1,TOT,True,0.436,0.828001049170755,0.0,0.0,0.0,0.0,0.0,0.0,0.828001049170755,0.3393728654886903,1.9,0.4357900258793448,0.0,0.0,0.0,0.4,a,,False,True
108,Wilson,FWD,4,BRE,5.5,2,LEE,False,0.436,0.828001049170755,0.0,0.0,0.0,0.0,0.0,0.0,0.828001049170755,0.21637993503267028,1.9,0.4357900258793448,0.0,0.0,0.0,0.4,a,,False,True
108,Wilson,FWD,4,BRE,5.5,3,SUN,True,0.436,0.828001049170755,0.0,0.0,0.0,0.0,0.0,0.0,0.828001049170755,0.37331083710881985,1.9,0.4357900258793448,0.0,0.0,0.0,0.4,a,,False,True
108,Wilson,FWD,4,BRE,5.5,4,BOU,False,0.436,0.828001049170755,0.0,0.0,0.0,0.0,0.0,0.0,0.828001049170755,0.16879616791449772,1.9,0.4357900258793448,0.0,0.0,0.0,0.4,a,,False,True
108,Wilson,FWD,4,BRE,5.5,5,CHE,True,0.436,0.828001049170755,0.0,0.0,0.0,0.0,0.0,0.0,0.828001049170755,0.22347824507212488,1.9,0.4357900258793448,0.0,0.0,0.0,0.4,a,,False,True
108,Wilson,FWD,4,BRE,5.5,6,AVL,False,0.436,0.828001049170755,0.0,0.0,0.0,0.0,0.0,0.0,0.828001049170755,0.22433433707290987,1.9,0.4357900258793448,0.0,0.0,0.0,0.4,a,,False,True
565,M.Sangaré,MID,4,BRE,5.5,1,TOT,True,0.298,0.6677861073757891,0.0,0.0,0.1012017642467073,0.0,0.0,0.0,0.5665843431290819,0.3393728654886903,2.23937286548869,0.29820228585741154,0.0,0.0,0.0,4.5,a,,False,True
565,M.Sangaré,MID,4,BRE,5.5,2,LEE,False,0.298,0.6311093343695023,0.0,0.0,0.06452499124042048,0.0,0.0,0.0,0.5665843431290819,0.21637993503267028,2.11637993503267,0.29820228585741154,0.0,0.0,0.0,4.5,a,,False,True
565,M.Sangaré,MID,4,BRE,5.5,3,SUN,True,0.298,0.6779064880902758,0.0,0.0,0.11132214496119389,0.0,0.0,0.0,0.5665843431290819,0.37331083710881985,2.27331083710882,0.29820228585741154,0.0,0.0,0.0,4.5,a,,False,True
565,M.Sangaré,MID,4,BRE,5.5,4,BOU,False,0.298,0.6169197462451566,0.0,0.0,0.050335403116074685,0.0,0.0,0.0,0.5665843431290819,0.16879616791449772,2.0687961679144977,0.29820228585741154,0.0,0.0,0.0,4.5,a,,False,True
565,M.Sangaré,MID,4,BRE,5.5,5,CHE,True,0.298,0.6332260666489924,0.0,0.0,0.06664172351991046,0.0,0.0,0.0,0.5665843431290819,0.22347824507212488,2.123478245072125,0.29820228585741154,0.0,0.0,0.0,4.5,a,,False,True
565,M.Sangaré,MID,4,BRE,5.5,6,AVL,False,0.298,0.6334813552405307,0.0,0.0,0.06689701211144879,0.0,0.0,0.0,0.5665843431290819,0.22433433707290987,2.1243343370729098,0.29820228585741154,0.0,0.0,0.0,4.5,a,,False,True
109,Verbruggen,GK,5,BHA,4.5,1,AVL,True,0.484,1.386795102174632,0.0,0.0,0.6305863506805294,0.0,0.0,0.0,0.9194272799352275,0.3257772779967469,2.86581739701853,0.48390909470275134,0.0,0.0,0.0,21.6,a,,False,True
109,Verbruggen,GK,5,BHA,4.5,2,CHE,False,0.484,1.0108406002669714,0.0,0.0,0.37313570704228743,0.0,0.0,0.0,0.9194272799352275,0.19277159239561917,2.0889059770366494,0.48390909470275134,0.0,0.0,0.0,21.6,a,,False,True
109,Verbruggen,GK,5,BHA,4.5,3,LEE,True,0.484,1.3640654048781,0.0,0.0,0.6137329322763566,0.0,0.0,0.0,0.9194272799352275,0.31707036455542936,2.8188463903866046,0.48390909470275134,0.0,0.0,0.0,21.6,a,,False,True
109,Verbruggen,GK,5,BHA,4.5,4,COV,False,0.484,1.3917223612994483,0.0,0.0,0.6342588019710593,0.0,0.0,0.0,0.9194272799352275,0.3276745616656898,2.875999596896056,0.48390909470275134,0.0,0.0,0.0,21.6,a,,False,True
109,Verbruggen,GK,5,BHA,4.5,5,ARS,True,0.484,1.1643471342383491,0.0,0.0,0.4723716624068087,0.0,0.0,0.0,0.9194272799352275,0.24403946297856333,2.406127818187768,0.48390909470275134,0.0,0.0,0.0,21.6,a,,False,True
109,Verbruggen,GK,5,BHA,4.5,6,SUN,False,0.484,1.4202687934809701,0.0,0.0,0.6556663604539708,0.0,0.0,0.0,0.9194272799352275,0.3387342620914802,2.934990908475056,0.48390909470275134,0.0,0.0,0.0,21.6,a,,False,True
111,Steele,GK,5,BHA,4.0,1,AVL,True,0.237,0.678179414575259,0.0,0.0,0.3083733721535876,0.0,0.0,0.0,0.4496242115891729,0.3257772779967469,2.86581739701853,0.23664432188903836,0.0,0.0,0.0,4.1,a,,False,True
111,Steele,GK,5,BHA,4.0,2,CHE,False,0.237,0.4943277384257971,0.0,0.0,0.1824732110477256,0.0,0.0,0.0,0.4496242115891729,0.19277159239561917,2.0889059770366494,0.23664432188903836,0.0,0.0,0.0,4.1,a,,False,True
111,Steele,GK,5,BHA,4.0,3,LEE,True,0.237,0.6670639925624015,0.0,0.0,0.30013160564531904,0.0,0.0,0.0,0.4496242115891729,0.31707036455542936,2.8188463903866046,0.23664432188903836,0.0,0.0,0.0,4.1,a,,False,True
111,Steele,GK,5,BHA,4.0,4,COV,False,0.237,0.6805889743606148,0.0,0.0,0.3101692977826602,0.0,0.0,0.0,0.4496242115891729,0.3276745616656898,2.875999596896056,0.23664432188903836,0.0,0.0,0.0,4.1,a,,False,True
111,Steele,GK,5,BHA,4.0,5,ARS,True,0.237,0.5693964859133958,0.0,0.0,0.2310022129229088,0.0,0.0,0.0,0.4496242115891729,0.24403946297856333,2.406127818187768,0.23664432188903836,0.0,0.0,0.0,4.1,a,,False,True
111,Steele,GK,5,BHA,4.0,6,SUN,False,0.237,0.6945489332865723,0.0,0.0,0.3206381590128885,0.0,0.0,0.0,0.4496242115891729,0.3387342620914802,2.934990908475056,0.23664432188903836,0.0,0.0,0.0,4.1,a,,False,True
113,F.Kadıoğlu,DEF,5,BHA,4.5,1,AVL,True,0.281,0.8049168328025771,0.0,0.0,0.3660018465614621,0.0,0.0,0.0,0.5336494865011135,0.3257772779967469,2.86581739701853,0.3744908677200797,0.0,0.0,0.0,2.7,d,Unspecified injury - 75% chance of playing,False,True
113,F.Kadıoğlu,DEF,5,BHA,4.5,2,CHE,False,0.281,0.5867071589445868,0.0,0.0,0.21657360272405082,0.0,0.0,0.0,0.5336494865011135,0.19277159239561917,2.0889059770366494,0.3744908677200797,0.0,0.0,0.0,2.7,d,Unspecified injury - 75% chance of playing,False,True
113,F.Kadıoğlu,DEF,5,BHA,4.5,3,LEE,True,0.337,0.9500690076349446,0.0,0.0,0.4274638414224651,0.0,0.0,0.0,0.6403793838013363,0.31707036455542936,2.8188463903866046,0.3744908677200797,0.0,0.0,0.0,2.7,d,Unspecified injury - 75% chance of playing,False,True
113,F.Kadıoğlu,DEF,5,BHA,4.5,4,COV,False,0.337,0.9693320261437832,0.0,0.0,0.4417600713407314,0.0,0.0,0.0,0.6403793838013363,0.3276745616656898,2.875999596896056,0.3744908677200797,0.0,0.0,0.0,2.7,d,Unspecified injury - 75% chance of playing,False,True
113,F.Kadıoğlu,DEF,5,BHA,4.5,5,ARS,True,0.337,0.8109656050307036,0.0,0.0,0.329005980895624,0.0,0.0,0.0,0.6403793838013363,0.24403946297856333,2.406127818187768,0.3744908677200797,0.0,0.0,0.0,2.7,d,Unspecified injury - 75% chance of playing,False,True
113,F.Kadıoğlu,DEF,5,BHA,4.5,6,SUN,False,0.337,0.989214562858832,0.0,0.0,0.4566703958537736,0.0,0.0,0.0,0.6403793838013363,0.3387342620914802,2.934990908475056,0.3744908677200797,0.0,0.0,0.0,2.7,d,Unspecified injury - 75% chance of playing,False,True
114,Boscagli,DEF,5,BHA,4.5,1,AVL,True,0.284,0.8134971394182559,0.0,0.0,0.36990337767302756,0.0,0.0,0.0,0.5393381192056084,0.3257772779967469,2.86581739701853,0.2838621680029518,0.0,0.0,0.0,0.2,a,,False,True
114,Boscagli,DEF,5,BHA,4.5,2,CHE,False,0.284,0.5929613793959476,0.0,0.0,0.21888224858720715,0.0,0.0,0.0,0.5393381192056084,0.19277159239561917,2.0889059770366494,0.2838621680029518,0.0,0.0,0.0,0.2,a,,False,True
114,Boscagli,DEF,5,BHA,4.5,3,LEE,True,0.284,0.8001638476424364,0.0,0.0,0.3600171243687618,0.0,0.0,0.0,0.5393381192056084,0.31707036455542936,2.8188463903866046,0.2838621680029518,0.0,0.0,0.0,0.2,a,,False,True
114,Boscagli,DEF,5,BHA,4.5,4,COV,False,0.284,0.8163874807505298,0.0,0.0,0.3720576458953585,0.0,0.0,0.0,0.5393381192056084,0.3276745616656898,2.875999596896056,0.2838621680029518,0.0,0.0,0.0,0.2,a,,False,True
114,Boscagli,DEF,5,BHA,4.5,5,ARS,True,0.284,0.683008658962992,0.0,0.0,0.27709428415748427,0.0,0.0,0.0,0.5393381192056084,0.24403946297856333,2.406127818187768,0.2838621680029518,0.0,0.0,0.0,0.2,a,,False,True
114,Boscagli,DEF,5,BHA,4.5,6,SUN,False,0.284,0.8331328823486824,0.0,0.0,0.3846153680566706,0.0,0.0,0.0,0.5393381192056084,0.3387342620914802,2.934990908475056,0.2838621680029518,0.0,0.0,0.0,0.2,a,,False,True
115,De Cuyper,DEF,5,BHA,4.5,1,AVL,True,0.236,0.6773090253188496,0.0,0.0,0.3079775994947355,0.0,0.0,0.0,0.44904715472961915,0.3257772779967469,2.86581739701853,0.23634060775243115,0.0,0.0,0.0,3.0,a,,False,True
115,De Cuyper,DEF,5,BHA,4.5,2,CHE,False,0.236,0.49369330815052775,0.0,0.0,0.18223902121673827,0.0,0.0,0.0,0.44904715472961915,0.19277159239561917,2.0889059770366494,0.23634060775243115,0.0,0.0,0.0,3.0,a,,False,True
115,De Cuyper,DEF,5,BHA,4.5,3,LEE,True,0.236,0.6662078690647169,0.0,0.0,0.2997464106372603,0.0,0.0,0.0,0.44904715472961915,0.31707036455542936,2.8188463903866046,0.23634060775243115,0.0,0.0,0.0,3.0,a,,False,True
115,De Cuyper,DEF,5,BHA,4.5,4,COV,False,0.236,0.6797154926261608,0.0,0.0,0.3097712201963224,0.0,0.0,0.0,0.44904715472961915,0.3276745616656898,2.875999596896056,0.23634060775243115,0.0,0.0,0.0,3.0,a,,False,True
115,De Cuyper,DEF,5,BHA,4.5,5,ARS,True,0.236,0.5686657108805283,0.0,0.0,0.23070573998372232,0.0,0.0,0.0,0.44904715472961915,0.24403946297856333,2.406127818187768,0.23634060775243115,0.0,0.0,0.0,3.0,a,,False,True
115,De Cuyper,DEF,5,BHA,4.5,6,SUN,False,0.236,0.6936575350568548,0.0,0.0,0.32022664547708696,0.0,0.0,0.0,0.44904715472961915,0.3387342620914802,2.934990908475056,0.23634060775243115,0.0,0.0,0.0,3.0,a,,False,True
116,Dunk,DEF,5,BHA,4.5,1,AVL,True,0.217,0.6232829601935133,0.0,0.0,0.28341153404238983,0.0,0.0,0.0,0.41322856983131717,0.3257772779967469,2.86581739701853,0.21748872096385116,0.0,0.0,0.0,1.1,a,,False,True
116,Dunk,DEF,5,BHA,4.5,2,CHE,False,0.217,0.45431348915944475,0.0,0.0,0.1677025882731523,0.0,0.0,0.0,0.41322856983131717,0.19277159239561917,2.0889059770366494,0.21748872096385116,0.0,0.0,0.0,1.1,a,,False,True
116,Dunk,DEF,5,BHA,4.5,3,LEE,True,0.217,0.6130672960387512,0.0,0.0,0.27583691217080936,0.0,0.0,0.0,0.41322856983131717,0.31707036455542936,2.8188463903866046,0.21748872096385116,0.0,0.0,0.0,1.1,a,,False,True
116,Dunk,DEF,5,BHA,4.5,4,COV,False,0.217,0.6254974738214747,0.0,0.0,0.2850620852362458,0.0,0.0,0.0,0.41322856983131717,0.3276745616656898,2.875999596896056,0.21748872096385116,0.0,0.0,0.0,1.1,a,,False,True
116,Dunk,DEF,5,BHA,4.5,5,ARS,True,0.217,0.5233056616531995,0.0,0.0,0.2123033226716514,0.0,0.0,0.0,0.41322856983131717,0.24403946297856333,2.406127818187768,0.21748872096385116,0.0,0.0,0.0,1.1,a,,False,True
116,Dunk,DEF,5,BHA,4.5,6,SUN,False,0.217,0.6383274187247715,0.0,0.0,0.2946835256356399,0.0,0.0,0.0,0.41322856983131717,0.3387342620914802,2.934990908475056,0.21748872096385116,0.0,0.0,0.0,1.1,a,,False,True
117,Coppola,DEF,5,BHA,4.5,1,AVL,True,0.211,0.6042768992111875,0.0,0.0,0.2747693325975889,0.0,0.0,0.0,0.4006277963472886,0.3257772779967469,2.86581739701853,0.2108567349196256,0.0,0.0,0.0,0.0,a,,False,True
117,Coppola,DEF,5,BHA,4.5,2,CHE,False,0.211,0.4404598938720383,0.0,0.0,0.16258875423118874,0.0,0.0,0.0,0.4006277963472886,0.19277159239561917,2.0889059770366494,0.2108567349196256,0.0,0.0,0.0,0.0,a,,False,True
117,Coppola,DEF,5,BHA,4.5,3,LEE,True,0.211,0.5943727461168917,0.0,0.0,0.26742568723973287,0.0,0.0,0.0,0.4006277963472886,0.31707036455542936,2.8188463903866046,0.2108567349196256,0.0,0.0,0.0,0.0,a,,False,True
117,Coppola,DEF,5,BHA,4.5,4,COV,False,0.211,0.6064238846316617,0.0,0.0,0.27636955275618746,0.0,0.0,0.0,0.4006277963472886,0.3276745616656898,2.875999596896056,0.2108567349196256,0.0,0.0,0.0,0.0,a,,False,True
117,Coppola,DEF,5,BHA,4.5,5,ARS,True,0.211,0.5073482555423553,0.0,0.0,0.20582945742079484,0.0,0.0,0.0,0.4006277963472886,0.24403946297856333,2.406127818187768,0.2108567349196256,0.0,0.0,0.0,0.0,a,,False,True
117,Coppola,DEF,5,BHA,4.5,6,SUN,False,0.211,0.6188625999798361,0.0,0.0,0.2856976020400729,0.0,0.0,0.0,0.4006277963472886,0.3387342620914802,2.934990908475056,0.2108567349196256,0.0,0.0,0.0,0.0,a,,False,True
118,Igor,DEF,5,BHA,4.5,1,AVL,True,0.209,0.5978780325351571,0.0,0.0,0.271859718928344,0.0,0.0,0.0,0.3963854302087111,0.3257772779967469,2.86581739701853,0.20862391063616373,0.0,0.0,0.0,0.1,a,,False,True
118,Igor,DEF,5,BHA,4.5,2,CHE,False,0.209,0.4357957338806423,0.0,0.0,0.16086705386053854,0.0,0.0,0.0,0.3963854302087111,0.19277159239561917,2.0889059770366494,0.20862391063616373,0.0,0.0,0.0,0.1,a,,False,True
118,Igor,DEF,5,BHA,4.5,3,LEE,True,0.209,0.5880787574450876,0.0,0.0,0.26459383760155103,0.0,0.0,0.0,0.3963854302087111,0.31707036455542936,2.8188463903866046,0.20862391063616373,0.0,0.0,0.0,0.1,a,,False,True
118,Igor,DEF,5,BHA,4.5,4,COV,False,0.209,0.6000022828924857,0.0,0.0,0.27344299388274795,0.0,0.0,0.0,0.3963854302087111,0.3276745616656898,2.875999596896056,0.20862391063616373,0.0,0.0,0.0,0.1,a,,False,True
118,Igor,DEF,5,BHA,4.5,5,ARS,True,0.209,0.5019757949207926,0.0,0.0,0.20364986846454872,0.0,0.0,0.0,0.3963854302087111,0.24403946297856333,2.406127818187768,0.20862391063616373,0.0,0.0,0.0,0.1,a,,False,True
118,Igor,DEF,5,BHA,4.5,6,SUN,False,0.209,0.6123092810076531,0.0,0.0,0.28267226569591936,0.0,0.0,0.0,0.3963854302087111,0.3387342620914802,2.934990908475056,0.20862391063616373,0.0,0.0,0.0,0.1,a,,False,True
119,Costinha,DEF,5,BHA,4.5,1,AVL,True,0.208,0.5957557805401037,0.0,0.0,0.2708947146975916,0.0,0.0,0.0,0.39497840448725496,0.3257772779967469,2.86581739701853,0.20788337078276578,0.0,0.0,0.0,0.0,a,,False,True
119,Costinha,DEF,5,BHA,4.5,2,CHE,False,0.208,0.43424881575464547,0.0,0.0,0.16029603367345077,0.0,0.0,0.0,0.39497840448725496,0.19277159239561917,2.0889059770366494,0.20788337078276578,0.0,0.0,0.0,0.0,a,,False,True
119,Costinha,DEF,5,BHA,4.5,3,LEE,True,0.208,0.5859912893523994,0.0,0.0,0.26365462463641215,0.0,0.0,0.0,0.39497840448725496,0.31707036455542936,2.8188463903866046,0.20788337078276578,0.0,0.0,0.0,0.0,a,,False,True
119,Costinha,DEF,5,BHA,4.5,4,COV,False,0.208,0.5978724905726277,0.0,0.0,0.2724723695953154,0.0,0.0,0.0,0.39497840448725496,0.3276745616656898,2.875999596896056,0.20788337078276578,0.0,0.0,0.0,0.0,a,,False,True
119,Costinha,DEF,5,BHA,4.5,5,ARS,True,0.208,0.500193961379055,0.0,0.0,0.20292698467199888,0.0,0.0,0.0,0.39497840448725496,0.24403946297856333,2.406127818187768,0.20788337078276578,0.0,0.0,0.0,0.0,a,,False,True
119,Costinha,DEF,5,BHA,4.5,6,SUN,False,0.208,0.6101358032705666,0.0,0.0,0.281668880812759,0.0,0.0,0.0,0.39497840448725496,0.3387342620914802,2.934990908475056,0.20788337078276578,0.0,0.0,0.0,0.0,a,,False,True
120,Svoboda,DEF,5,BHA,5.0,1,AVL,True,0.702,2.013043453479914,0.0,0.0,0.9153462707653696,0.0,0.0,0.0,1.334621865856133,0.3257772779967469,2.86581739701853,0.7024325609769122,0.0,0.0,0.0,0.1,a,,False,True
120,Svoboda,DEF,5,BHA,5.0,2,CHE,False,0.702,1.4673155750898328,0.0,0.0,0.5416361733202089,0.0,0.0,0.0,1.334621865856133,0.19277159239561917,2.0889059770366494,0.7024325609769122,0.0,0.0,0.0,0.1,a,,False,True
120,Svoboda,DEF,5,BHA,5.0,3,LEE,True,0.702,1.9800494889997873,0.0,0.0,0.8908821927382137,0.0,0.0,0.0,1.334621865856133,0.31707036455542936,2.8188463903866046,0.7024325609769122,0.0,0.0,0.0,0.1,a,,False,True
120,Svoboda,DEF,5,BHA,5.0,4,COV,False,0.702,2.0201957622162636,0.0,0.0,0.9206771260712705,0.0,0.0,0.0,1.334621865856133,0.3276745616656898,2.875999596896056,0.7024325609769122,0.0,0.0,0.0,0.1,a,,False,True
120,Svoboda,DEF,5,BHA,5.0,5,ARS,True,0.702,1.690142525367424,0.0,0.0,0.6856850598378503,0.0,0.0,0.0,1.334621865856133,0.24403946297856333,2.406127818187768,0.7024325609769122,0.0,0.0,0.0,0.1,a,,False,True
120,Svoboda,DEF,5,BHA,5.0,6,SUN,False,0.702,2.0616331802840877,0.0,0.0,0.9517519008461721,0.0,0.0,0.0,1.334621865856133,0.3387342620914802,2.934990908475056,0.7024325609769122,0.0,0.0,0.0,0.1,a,,False,True
121,Mitoma,MID,5,BHA,6.0,1,AVL,True,0.0,0.0,0.0,0.0,0.0,0.0,0.0,0.0,0.0,0.3257772779967469,2.225777277996747,0.7264054705492601,0.0,0.0,0.0,0.0,i,Hamstring injury - Unknown return date,False,True
121,Mitoma,MID,5,BHA,6.0,2,CHE,False,0.0,0.0,0.0,0.0,0.0,0.0,0.0,0.0,0.0,0.19277159239561917,2.092771592395619,0.7264054705492601,0.0,0.0,0.0,0.0,i,Hamstring injury - Unknown return date,False,True
121,Mitoma,MID,5,BHA,6.0,3,LEE,True,0.436,0.9662952248434237,0.0,0.0,0.13819298841726727,0.0,0.0,0.0,0.8281022364261564,0.31707036455542936,2.217070364555429,0.7264054705492601,0.0,0.0,0.0,0.0,i,Hamstring injury - Unknown return date,False,True
121,Mitoma,MID,5,BHA,6.0,4,COV,False,0.436,0.9709169929184291,0.0,0.0,0.14281475649227277,0.0,0.0,0.0,0.8281022364261564,0.3276745616656898,2.22767456166569,0.7264054705492601,0.0,0.0,0.0,0.0,i,Hamstring injury - Unknown return date,False,True
121,Mitoma,MID,5,BHA,6.0,5,ARS,True,0.436,0.9344651969886757,0.0,0.0,0.10636296056251922,0.0,0.0,0.0,0.8281022364261564,0.24403946297856333,2.1440394629785633,0.7264054705492601,0.0,0.0,0.0,0.0,i,Hamstring injury - Unknown return date,False,True
121,Mitoma,MID,5,BHA,6.0,6,SUN,False,0.436,0.9757372890535873,0.0,0.0,0.14763505262743085,0.0,0.0,0.0,0.8281022364261564,0.3387342620914802,2.23873426209148,0.7264054705492601,0.0,0.0,0.0,0.0,i,Hamstring injury - Unknown return date,False,True
122,Minteh,MID,5,BHA,6.0,1,AVL,True,0.0,0.0,0.0,0.0,0.0,0.0,0.0,0.0,0.0,0.3257772779967469,2.225777277996747,0.7138852284164248,0.0,0.0,0.0,0.1,i,Leg injury - Expected back 28 Nov,False,True
122,Minteh,MID,5,BHA,6.0,2,CHE,False,0.0,0.0,0.0,0.0,0.0,0.0,0.0,0.0,0.0,0.19277159239561917,2.092771592395619,0.7138852284164248,0.0,0.0,0.0,0.1,i,Leg injury - Expected back 28 Nov,False,True
122,Minteh,MID,5,BHA,6.0,3,LEE,True,0.428,0.9496402701695632,0.0,0.0,0.13581110977483907,0.0,0.0,0.0,0.8138291603947242,0.31707036455542936,2.217070364555429,0.7138852284164248,0.0,0.0,0.0,0.1,i,Leg injury - Expected back 28 Nov,False,True
122,Minteh,MID,5,BHA,6.0,4,COV,False,0.428,0.9541823779753019,0.0,0.0,0.1403532175805777,0.0,0.0,0.0,0.8138291603947242,0.3276745616656898,2.22767456166569,0.7138852284164248,0.0,0.0,0.0,0.1,i,Leg injury - Expected back 28 Nov,False,True
122,Minteh,MID,5,BHA,6.0,5,ARS,True,0.428,0.9183588610573682,0.0,0.0,0.104529700662644,0.0,0.0,0.0,0.8138291603947242,0.24403946297856333,2.1440394629785633,0.7138852284164248,0.0,0.0,0.0,0.1,i,Leg injury - Expected back 28 Nov,False,True
122,Minteh,MID,5,BHA,6.0,6,SUN,False,0.428,0.9589195920341115,0.0,0.0,0.14509043163938729,0.0,0.0,0.0,0.8138291603947242,0.3387342620914802,2.23873426209148,0.7138852284164248,0.0,0.0,0.0,0.1,i,Leg injury - Expected back 28 Nov,False,True
123,Hinshelwood,MID,5,BHA,6.0,1,AVL,True,0.68,1.5142120716072616,0.0,0.0,0.22162859324451684,0.0,0.0,0.0,1.2925834783627448,0.3257772779967469,2.225777277996747,0.6803070938751289,0.0,0.0,0.0,1.0,a,,False,True
123,Hinshelwood,MID,5,BHA,6.0,2,CHE,False,0.68,1.4237273601670895,0.0,0.0,0.13114388180434458,0.0,0.0,0.0,1.2925834783627448,0.19277159239561917,2.092771592395619,0.6803070938751289,0.0,0.0,0.0,1.0,a,,False,True
123,Hinshelwood,MID,5,BHA,6.0,3,LEE,True,0.68,1.5082886966273765,0.0,0.0,0.21570521826463182,0.0,0.0,0.0,1.2925834783627448,0.31707036455542936,2.217070364555429,0.6803070938751289,0.0,0.0,0.0,1.0,a,,False,True
123,Hinshelwood,MID,5,BHA,6.0,4,COV,False,0.68,1.515502807146337,0.0,0.0,0.22291932878359214,0.0,0.0,0.0,1.2925834783627448,0.3276745616656898,2.22767456166569,0.6803070938751289,0.0,0.0,0.0,1.0,a,,False,True
123,Hinshelwood,MID,5,BHA,6.0,5,ARS,True,0.68,1.4586052562125382,0.0,0.0,0.16602177784979352,0.0,0.0,0.0,1.2925834783627448,0.24403946297856333,2.1440394629785633,0.6803070938751289,0.0,0.0,0.0,1.0,a,,False,True
123,Hinshelwood,MID,5,BHA,6.0,6,SUN,False,0.68,1.5230267998021358,0.0,0.0,0.23044332143939114,0.0,0.0,0.0,1.2925834783627448,0.3387342620914802,2.23873426209148,0.6803070938751289,0.0,0.0,0.0,1.0,a,,False,True
124,Groß,MID,5,BHA,5.5,1,AVL,True,0.543,1.3588607679204063,0.14923758018383934,0.0,0.17704725149195397,0.0,0.0,0.0,1.0325759362446132,0.3257772779967469,2.5003831373784267,0.5434610190761122,0.05492117187633599,0.0,0.0,14.0,a,,True,True
124,Groß,MID,5,BHA,5.5,2,CHE,False,0.543,1.2608211355013106,0.12348135320444915,0.0,0.10476384605224812,0.0,0.0,0.0,1.0325759362446132,0.19277159239561917,2.3199844905982694,0.5434610190761122,0.045442579640530015,0.0,0.0,14.0,a,,True,True
124,Groß,MID,5,BHA,5.5,3,LEE,True,0.543,1.3616194039704026,0.1567280842856615,0.0,0.17231538344012806,0.0,0.0,0.0,1.0325759362446132,0.31707036455542936,2.5054591887476416,0.5434610190761122,0.05767776483844248,0.0,0.0,14.0,a,,True,True
124,Groß,MID,5,BHA,5.5,4,COV,False,0.543,1.3712223158161643,0.1605680283633968,0.0,0.17807835120815416,0.0,0.0,0.0,1.0325759362446132,0.3276745616656898,2.5231291071202353,0.5434610190761122,0.0590909090909091,0.0,0.0,14.0,a,,True,True
124,Groß,MID,5,BHA,5.5,5,ARS,True,0.543,1.256831095205928,0.09162922371619762,0.0,0.13262593524511718,0.0,0.0,0.0,1.0325759362446132,0.24403946297856333,2.3126425835334983,0.5434610190761122,0.033720624110987016,0.0,0.0,14.0,a,,True,True
124,Groß,MID,5,BHA,5.5,6,SUN,False,0.543,1.3391170106301857,0.12245220711334182,0.0,0.18408886727223073,0.0,0.0,0.0,1.0325759362446132,0.3387342620914802,2.464053471409402,0.5434610190761122,0.04506384186358443,0.0,0.0,14.0,a,,True,True
125,Georginio,FWD,5,BHA,5.5,1,AVL,True,0.436,0.828001049170755,0.0,0.0,0.0,0.0,0.0,0.0,0.828001049170755,0.3257772779967469,1.9,0.4357900258793448,0.0,0.0,0.0,1.0,a,,False,True
125,Georginio,FWD,5,BHA,5.5,2,CHE,False,0.436,0.828001049170755,0.0,0.0,0.0,0.0,0.0,0.0,0.828001049170755,0.19277159239561917,1.9,0.4357900258793448,0.0,0.0,0.0,1.0,a,,False,True
125,Georginio,FWD,5,BHA,5.5,3,LEE,True,0.436,0.828001049170755,0.0,0.0,0.0,0.0,0.0,0.0,0.828001049170755,0.31707036455542936,1.9,0.4357900258793448,0.0,0.0,0.0,1.0,a,,False,True
125,Georginio,FWD,5,BHA,5.5,4,COV,False,0.436,0.828001049170755,0.0,0.0,0.0,0.0,0.0,0.0,0.828001049170755,0.3276745616656898,1.9,0.4357900258793448,0.0,0.0,0.0,1.0,a,,False,True
125,Georginio,FWD,5,BHA,5.5,5,ARS,True,0.436,0.828001049170755,0.0,0.0,0.0,0.0,0.0,0.0,0.828001049170755,0.24403946297856333,1.9,0.4357900258793448,0.0,0.0,0.0,1.0,a,,False,True
125,Georginio,FWD,5,BHA,5.5,6,SUN,False,0.436,0.828001049170755,0.0,0.0,0.0,0.0,0.0,0.0,0.828001049170755,0.3387342620914802,1.9,0.4357900258793448,0.0,0.0,0.0,1.0,a,,False,True
126,O'Riley,MID,5,BHA,5.5,1,AVL,True,0.436,0.971223581693453,0.0,0.0,0.14215374462583885,0.0,0.0,0.0,0.8290698370676142,0.3257772779967469,2.225777277996747,0.4363525458250601,0.0,0.0,0.0,0.1,a,,False,True
126,O'Riley,MID,5,BHA,5.5,2,CHE,False,0.436,0.9131862121721934,0.0,0.0,0.08411637510457923,0.0,0.0,0.0,0.8290698370676142,0.19277159239561917,2.092771592395619,0.4363525458250601,0.0,0.0,0.0,0.1,a,,False,True
126,O'Riley,MID,5,BHA,5.5,3,LEE,True,0.436,0.9674242978470556,0.0,0.0,0.1383544607794415,0.0,0.0,0.0,0.8290698370676142,0.31707036455542936,2.217070364555429,0.4363525458250601,0.0,0.0,0.0,0.1,a,,False,True
126,O'Riley,MID,5,BHA,5.5,4,COV,False,0.436,0.9720514662525486,0.0,0.0,0.1429816291849344,0.0,0.0,0.0,0.8290698370676142,0.3276745616656898,2.22767456166569,0.4363525458250601,0.0,0.0,0.0,0.1,a,,False,True
126,O'Riley,MID,5,BHA,5.5,5,ARS,True,0.436,0.9355570780200908,0.0,0.0,0.10648724095247661,0.0,0.0,0.0,0.8290698370676142,0.24403946297856333,2.1440394629785633,0.4363525458250601,0.0,0.0,0.0,0.1,a,,False,True
126,O'Riley,MID,5,BHA,5.5,6,SUN,False,0.436,0.9768773946894047,0.0,0.0,0.14780755762179054,0.0,0.0,0.0,0.8290698370676142,0.3387342620914802,2.23873426209148,0.4363525458250601,0.0,0.0,0.0,0.1,a,,False,True
127,Gomez,MID,5,BHA,5.0,1,AVL,True,0.182,0.4043006604972759,0.0,0.0,0.05917571806089843,0.0,0.0,0.0,0.3451249424363775,0.3257772779967469,2.225777277996747,0.18164470654546183,0.0,0.0,0.0,3.9,a,,False,True
127,Gomez,MID,5,BHA,5.0,2,CHE,False,0.182,0.3801408817673811,0.0,0.0,0.03501593933100362,0.0,0.0,0.0,0.3451249424363775,0.19277159239561917,2.092771592395619,0.18164470654546183,0.0,0.0,0.0,3.9,a,,False,True
127,Gomez,MID,5,BHA,5.0,3,LEE,True,0.182,0.40271909576031106,0.0,0.0,0.05759415332393357,0.0,0.0,0.0,0.3451249424363775,0.31707036455542936,2.217070364555429,0.18164470654546183,0.0,0.0,0.0,3.9,a,,False,True
127,Gomez,MID,5,BHA,5.0,4,COV,False,0.182,0.40464529203255456,0.0,0.0,0.05952034959617706,0.0,0.0,0.0,0.3451249424363775,0.3276745616656898,2.22767456166569,0.18164470654546183,0.0,0.0,0.0,3.9,a,,False,True
127,Gomez,MID,5,BHA,5.0,5,ARS,True,0.182,0.3894534190746307,0.0,0.0,0.044328476638253234,0.0,0.0,0.0,0.3451249424363775,0.24403946297856333,2.1440394629785633,0.18164470654546183,0.0,0.0,0.0,3.9,a,,False,True
127,Gomez,MID,5,BHA,5.0,6,SUN,False,0.182,0.406654228070878,0.0,0.0,0.06152928563450048,0.0,0.0,0.0,0.3451249424363775,0.3387342620914802,2.23873426209148,0.18164470654546183,0.0,0.0,0.0,3.9,a,,False,True
128,Buonanotte,MID,5,BHA,5.0,1,AVL,True,0.0,0.0,0.0,0.0,0.0,0.0,0.0,0.0,0.0,0.3257772779967469,2.225777277996747,0.16279281975688184,0.0,0.0,0.0,0.0,u,Has joined Elche on loan for the rest of the season,False,True
128,Buonanotte,MID,5,BHA,5.0,2,CHE,False,0.0,0.0,0.0,0.0,0.0,0.0,0.0,0.0,0.0,0.19277159239561917,2.092771592395619,0.16279281975688184,0.0,0.0,0.0,0.0,u,Has joined Elche on loan for the rest of the season,False,True
128,Buonanotte,MID,5,BHA,5.0,3,LEE,True,0.098,0.21655388174723778,0.0,0.0,0.030970067224392495,0.0,0.0,0.0,0.18558381452284528,0.31707036455542936,2.217070364555429,0.16279281975688184,0.0,0.0,0.0,0.0,u,Has joined Elche on loan for the rest of the season,False,True
128,Buonanotte,MID,5,BHA,5.0,4,COV,False,0.098,0.21758965403654001,0.0,0.0,0.03200583951369474,0.0,0.0,0.0,0.18558381452284528,0.3276745616656898,2.22767456166569,0.16279281975688184,0.0,0.0,0.0,0.0,u,Has joined Elche on loan for the rest of the season,False,True
128,Buonanotte,MID,5,BHA,5.0,5,ARS,True,0.098,0.20942053790898657,0.0,0.0,0.023836723386141297,0.0,0.0,0.0,0.18558381452284528,0.24403946297856333,2.1440394629785633,0.16279281975688184,0.0,0.0,0.0,0.0,u,Has joined Elche on loan for the rest of the season,False,True
128,Buonanotte,MID,5,BHA,5.0,6,SUN,False,0.098,0.2186699179273285,0.0,0.0,0.03308610340448322,0.0,0.0,0.0,0.18558381452284528,0.3387342620914802,2.23873426209148,0.16279281975688184,0.0,0.0,0.0,0.0,u,Has joined Elche on loan for the rest of the season,False,True
129,Ayari,MID,5,BHA,5.5,1,AVL,True,0.346,0.7695042811286794,0.0,0.0,0.11262897352360836,0.0,0.0,0.0,0.6568753076050711,0.3257772779967469,2.225777277996747,0.34572384610793216,0.0,0.0,0.0,0.7,a,,False,True
129,Ayari,MID,5,BHA,5.5,2,CHE,False,0.346,0.7235210439484352,0.0,0.0,0.06664573634336407,0.0,0.0,0.0,0.6568753076050711,0.19277159239561917,2.092771592395619,0.34572384610793216,0.0,0.0,0.0,0.7,a,,False,True
129,Ayari,MID,5,BHA,5.5,3,LEE,True,0.346,0.7664940935260183,0.0,0.0,0.1096187859209472,0.0,0.0,0.0,0.6568753076050711,0.31707036455542936,2.217070364555429,0.34572384610793216,0.0,0.0,0.0,0.7,a,,False,True
129,Ayari,MID,5,BHA,5.5,4,COV,False,0.346,0.7701602173358642,0.0,0.0,0.11328490973079307,0.0,0.0,0.0,0.6568753076050711,0.3276745616656898,2.22767456166569,0.34572384610793216,0.0,0.0,0.0,0.7,a,,False,True
129,Ayari,MID,5,BHA,5.5,5,ARS,True,0.346,0.7412455693481343,0.0,0.0,0.08437026174306324,0.0,0.0,0.0,0.6568753076050711,0.24403946297856333,2.1440394629785633,0.34572384610793216,0.0,0.0,0.0,0.7,a,,False,True
129,Ayari,MID,5,BHA,5.5,6,SUN,False,0.346,0.77398381950387,0.0,0.0,0.11710851189879887,0.0,0.0,0.0,0.6568753076050711,0.3387342620914802,2.23873426209148,0.34572384610793216,0.0,0.0,0.0,0.7,a,,False,True
130,Wieffer,DEF,5,BHA,5.0,1,AVL,True,0.69,1.977162725760751,0.0,0.0,0.8990310291577885,0.0,0.0,0.0,1.3108334058037463,0.3257772779967469,2.86581739701853,0.689912318844077,0.0,0.0,0.0,0.3,a,,False,True
130,Wieffer,DEF,5,BHA,5.0,2,CHE,False,0.69,1.4411619664646071,0.0,0.0,0.5319819852677075,0.0,0.0,0.0,1.3108334058037463,0.19277159239561917,2.0889059770366494,0.689912318844077,0.0,0.0,0.0,0.3,a,,False,True
130,Wieffer,DEF,5,BHA,5.0,3,LEE,True,0.69,1.9447568496568786,0.0,0.0,0.8750030017886925,0.0,0.0,0.0,1.3108334058037463,0.31707036455542936,2.8188463903866046,0.689912318844077,0.0,0.0,0.0,0.3,a,,False,True
130,Wieffer,DEF,5,BHA,5.0,4,COV,False,0.69,1.9841875508891889,0.0,0.0,0.9042668666599702,0.0,0.0,0.0,1.3108334058037463,0.3276745616656898,2.875999596896056,0.689912318844077,0.0,0.0,0.0,0.3,a,,False,True
130,Wieffer,DEF,5,BHA,5.0,5,ARS,True,0.69,1.660017222481163,0.0,0.0,0.6734633271720156,0.0,0.0,0.0,1.3108334058037463,0.24403946297856333,2.406127818187768,0.689912318844077,0.0,0.0,0.0,0.3,a,,False,True
130,Wieffer,DEF,5,BHA,5.0,6,SUN,False,0.69,2.0248863834523103,0.0,0.0,0.9347877609258818,0.0,0.0,0.0,1.3108334058037463,0.3387342620914802,2.934990908475056,0.689912318844077,0.0,0.0,0.0,0.3,a,,False,True
131,Baleba,MID,5,BHA,5.0,1,AVL,True,0.0,0.0,0.0,0.0,0.0,0.0,0.0,0.0,0.0,0.3257772779967469,2.225777277996747,0.15616083371265624,0.0,0.0,0.0,0.2,i,Ankle injury - Unknown return date,False,True
131,Baleba,MID,5,BHA,5.0,2,CHE,False,0.0,0.0,0.0,0.0,0.0,0.0,0.0,0.0,0.0,0.19277159239561917,2.092771592395619,0.15616083371265624,0.0,0.0,0.0,0.2,i,Ankle injury - Unknown return date,False,True
131,Baleba,MID,5,BHA,5.0,3,LEE,True,0.094,0.2077317339171591,0.0,0.0,0.029708383484731017,0.0,0.0,0.0,0.1780233504324281,0.31707036455542936,2.217070364555429,0.15616083371265624,0.0,0.0,0.0,0.2,i,Ankle injury - Unknown return date,False,True
131,Baleba,MID,5,BHA,5.0,4,COV,False,0.094,0.20872531007411407,0.0,0.0,0.030701959641685983,0.0,0.0,0.0,0.1780233504324281,0.3276745616656898,2.22767456166569,0.15616083371265624,0.0,0.0,0.0,0.2,i,Ankle injury - Unknown return date,False,True
131,Baleba,MID,5,BHA,5.0,5,ARS,True,0.094,0.2008889940309409,0.0,0.0,0.022865643598512814,0.0,0.0,0.0,0.1780233504324281,0.24403946297856333,2.1440394629785633,0.15616083371265624,0.0,0.0,0.0,0.2,i,Ankle injury - Unknown return date,False,True
131,Baleba,MID,5,BHA,5.0,6,SUN,False,0.094,0.20976156529757628,0.0,0.0,0.031738214865148176,0.0,0.0,0.0,0.1780233504324281,0.3387342620914802,2.23873426209148,0.15616083371265624,0.0,0.0,0.0,0.2,i,Ankle injury - Unknown return date,False,True
132,Howell,MID,5,BHA,4.5,1,AVL,True,0.0,0.0,0.0,0.0,0.0,0.0,0.0,0.0,0.0,0.3257772779967469,2.225777277996747,0.040948396573586454,0.0,0.0,0.0,0.1,u,Has joined Leicester City on loan for the rest of the season,False,True
132,Howell,MID,5,BHA,4.5,2,CHE,False,0.0,0.0,0.0,0.0,0.0,0.0,0.0,0.0,0.0,0.19277159239561917,2.092771592395619,0.040948396573586454,0.0,0.0,0.0,0.1,u,Has joined Leicester City on loan for the rest of the season,False,True
132,Howell,MID,5,BHA,4.5,3,LEE,True,0.025,0.05447128591161697,0.0,0.0,0.0077901138177284114,0.0,0.0,0.0,0.04668117209388856,0.31707036455542936,2.217070364555429,0.040948396573586454,0.0,0.0,0.0,0.1,u,Has joined Leicester City on loan for the rest of the season,False,True
132,Howell,MID,5,BHA,4.5,4,COV,False,0.025,0.05473182083278622,0.0,0.0,0.008050648738897666,0.0,0.0,0.0,0.04668117209388856,0.3276745616656898,2.22767456166569,0.040948396573586454,0.0,0.0,0.0,0.1,u,Has joined Leicester City on loan for the rest of the season,False,True
132,Howell,MID,5,BHA,4.5,5,ARS,True,0.025,0.05267698691967933,0.0,0.0,0.005995814825790769,0.0,0.0,0.0,0.04668117209388856,0.24403946297856333,2.1440394629785633,0.040948396573586454,0.0,0.0,0.0,0.1,u,Has joined Leicester City on loan for the rest of the season,False,True
132,Howell,MID,5,BHA,4.5,6,SUN,False,0.025,0.05500354703219842,0.0,0.0,0.008322374938309863,0.0,0.0,0.0,0.04668117209388856,0.3387342620914802,2.23873426209148,0.040948396573586454,0.0,0.0,0.0,0.1,u,Has joined Leicester City on loan for the rest of the season,False,True
133,Watson,MID,5,BHA,5.0,1,AVL,True,0.0,0.0,0.0,0.0,0.0,0.0,0.0,0.0,0.0,0.3257772779967469,2.225777277996747,0.15392800942919438,0.0,0.0,0.0,0.0,u,Has joined Leicester City on loan for the rest of the season,False,True
133,Watson,MID,5,BHA,5.0,2,CHE,False,0.0,0.0,0.0,0.0,0.0,0.0,0.0,0.0,0.0,0.19277159239561917,2.092771592395619,0.15392800942919438,0.0,0.0,0.0,0.0,u,Has joined Leicester City on loan for the rest of the season,False,True
133,Watson,MID,5,BHA,5.0,3,LEE,True,0.092,0.20476153678828532,0.0,0.0,0.029283606039003738,0.0,0.0,0.0,0.17547793074928159,0.31707036455542936,2.217070364555429,0.15392800942919438,0.0,0.0,0.0,0.0,u,Has joined Leicester City on loan for the rest of the season,False,True
133,Watson,MID,5,BHA,5.0,4,COV,False,0.092,0.20574090655995164,0.0,0.0,0.03026297581067006,0.0,0.0,0.0,0.17547793074928159,0.3276745616656898,2.22767456166569,0.15392800942919438,0.0,0.0,0.0,0.0,u,Has joined Leicester City on loan for the rest of the season,False,True
133,Watson,MID,5,BHA,5.0,5,ARS,True,0.092,0.19801663600435748,0.0,0.0,0.022538705255075897,0.0,0.0,0.0,0.17547793074928159,0.24403946297856333,2.1440394629785633,0.15392800942919438,0.0,0.0,0.0,0.0,u,Has joined Leicester City on loan for the rest of the season,False,True
133,Watson,MID,5,BHA,5.0,6,SUN,False,0.092,0.20676234516280673,0.0,0.0,0.03128441441352514,0.0,0.0,0.0,0.17547793074928159,0.3387342620914802,2.23873426209148,0.15392800942919438,0.0,0.0,0.0,0.0,u,Has joined Leicester City on loan for the rest of the season,False,True
134,Oriola,MID,5,BHA,4.5,1,AVL,True,0.041,0.09108300115152623,0.0,0.0,0.013331420210033319,0.0,0.0,0.0,0.07775158094149291,0.3257772779967469,2.225777277996747,0.040921884706048905,0.0,0.0,0.0,0.3,a,,False,True
134,Oriola,MID,5,BHA,4.5,2,CHE,False,0.041,0.08564015782010789,0.0,0.0,0.00788857687861498,0.0,0.0,0.0,0.07775158094149291,0.19277159239561917,2.092771592395619,0.040921884706048905,0.0,0.0,0.0,0.3,a,,False,True
134,Oriola,MID,5,BHA,4.5,3,LEE,True,0.041,0.09072669784353508,0.0,0.0,0.012975116902042175,0.0,0.0,0.0,0.07775158094149291,0.31707036455542936,2.217070364555429,0.040921884706048905,0.0,0.0,0.0,0.3,a,,False,True
134,Oriola,MID,5,BHA,4.5,4,COV,False,0.041,0.09116064157508139,0.0,0.0,0.01340906063358847,0.0,0.0,0.0,0.07775158094149291,0.3276745616656898,2.22767456166569,0.040921884706048905,0.0,0.0,0.0,0.3,a,,False,True
134,Oriola,MID,5,BHA,4.5,5,ARS,True,0.041,0.08773813570922777,0.0,0.0,0.009986554767734858,0.0,0.0,0.0,0.07775158094149291,0.24403946297856333,2.1440394629785633,0.040921884706048905,0.0,0.0,0.0,0.3,a,,False,True
134,Oriola,MID,5,BHA,4.5,6,SUN,False,0.041,0.09161322536078902,0.0,0.0,0.013861644419296106,0.0,0.0,0.0,0.07775158094149291,0.3387342620914802,2.23873426209148,0.040921884706048905,0.0,0.0,0.0,0.3,a,,False,True
135,Yohanna,MID,5,BHA,5.0,1,AVL,True,0.153,0.3409611890556258,0.0,0.0,0.049904996861612455,0.0,0.0,0.0,0.2910561921940133,0.3257772779967469,2.225777277996747,0.1531874695757965,0.0,0.0,0.0,0.1,a,,False,True
135,Yohanna,MID,5,BHA,5.0,2,CHE,False,0.153,0.32058638463919503,0.0,0.0,0.029530192445181753,0.0,0.0,0.0,0.2910561921940133,0.19277159239561917,2.092771592395619,0.1531874695757965,0.0,0.0,0.0,0.1,a,,False,True
135,Yohanna,MID,5,BHA,5.0,3,LEE,True,0.153,0.3396273990177348,0.0,0.0,0.048571206823721534,0.0,0.0,0.0,0.2910561921940133,0.31707036455542936,2.217070364555429,0.1531874695757965,0.0,0.0,0.0,0.1,a,,False,True
135,Yohanna,MID,5,BHA,5.0,4,COV,False,0.153,0.3412518291399386,0.0,0.0,0.050195636945925305,0.0,0.0,0.0,0.2910561921940133,0.3276745616656898,2.22767456166569,0.1531874695757965,0.0,0.0,0.0,0.1,a,,False,True
135,Yohanna,MID,5,BHA,5.0,5,ARS,True,0.153,0.32843998000433566,0.0,0.0,0.03738378781032238,0.0,0.0,0.0,0.2910561921940133,0.24403946297856333,2.1440394629785633,0.1531874695757965,0.0,0.0,0.0,0.1,a,,False,True
135,Yohanna,MID,5,BHA,5.0,6,SUN,False,0.153,0.3429460366624318,0.0,0.0,0.0518898444684185,0.0,0.0,0.0,0.2910561921940133,0.3387342620914802,2.23873426209148,0.1531874695757965,0.0,0.0,0.0,0.1,a,,False,True
137,Tzimas,FWD,5,BHA,5.5,1,AVL,True,0.0,0.0,0.0,0.0,0.0,0.0,0.0,0.0,0.0,0.3257772779967469,1.9,0.3322669004055375,0.0,0.0,0.0,0.0,i,Knee injury - Unknown return date,False,True
137,Tzimas,FWD,5,BHA,5.5,2,CHE,False,0.0,0.0,0.0,0.0,0.0,0.0,0.0,0.0,0.0,0.19277159239561917,1.9,0.3322669004055375,0.0,0.0,0.0,0.0,i,Knee injury - Unknown return date,False,True
137,Tzimas,FWD,5,BHA,5.5,3,LEE,True,0.199,0.3787842664623128,0.0,0.0,0.0,0.0,0.0,0.0,0.3787842664623128,0.31707036455542936,1.9,0.3322669004055375,0.0,0.0,0.0,0.0,i,Knee injury - Unknown return date,False,True
137,Tzimas,FWD,5,BHA,5.5,4,COV,False,0.199,0.3787842664623128,0.0,0.0,0.0,0.0,0.0,0.0,0.3787842664623128,0.3276745616656898,1.9,0.3322669004055375,0.0,0.0,0.0,0.0,i,Knee injury - Unknown return date,False,True
137,Tzimas,FWD,5,BHA,5.5,5,ARS,True,0.199,0.3787842664623128,0.0,0.0,0.0,0.0,0.0,0.0,0.3787842664623128,0.24403946297856333,1.9,0.3322669004055375,0.0,0.0,0.0,0.0,i,Knee injury - Unknown return date,False,True
137,Tzimas,FWD,5,BHA,5.5,6,SUN,False,0.199,0.3787842664623128,0.0,0.0,0.0,0.0,0.0,0.0,0.3787842664623128,0.3387342620914802,1.9,0.3322669004055375,0.0,0.0,0.0,0.0,i,Knee injury - Unknown return date,False,True
138,Kostoulas,FWD,5,BHA,5.5,1,AVL,True,0.268,0.5090080171503236,0.0,0.0,0.0,0.0,0.0,0.0,0.5090080171503236,0.3257772779967469,1.9,0.2678989563949072,0.0,0.0,0.0,0.2,a,,False,True
138,Kostoulas,FWD,5,BHA,5.5,2,CHE,False,0.268,0.5090080171503236,0.0,0.0,0.0,0.0,0.0,0.0,0.5090080171503236,0.19277159239561917,1.9,0.2678989563949072,0.0,0.0,0.0,0.2,a,,False,True
138,Kostoulas,FWD,5,BHA,5.5,3,LEE,True,0.268,0.5090080171503236,0.0,0.0,0.0,0.0,0.0,0.0,0.5090080171503236,0.31707036455542936,1.9,0.2678989563949072,0.0,0.0,0.0,0.2,a,,False,True
138,Kostoulas,FWD,5,BHA,5.5,4,COV,False,0.268,0.5090080171503236,0.0,0.0,0.0,0.0,0.0,0.0,0.5090080171503236,0.3276745616656898,1.9,0.2678989563949072,0.0,0.0,0.0,0.2,a,,False,True
138,Kostoulas,FWD,5,BHA,5.5,5,ARS,True,0.268,0.5090080171503236,0.0,0.0,0.0,0.0,0.0,0.0,0.5090080171503236,0.24403946297856333,1.9,0.2678989563949072,0.0,0.0,0.0,0.2,a,,False,True
138,Kostoulas,FWD,5,BHA,5.5,6,SUN,False,0.268,0.5090080171503236,0.0,0.0,0.0,0.0,0.0,0.0,0.5090080171503236,0.3387342620914802,1.9,0.2678989563949072,0.0,0.0,0.0,0.2,a,,False,True
139,Ferguson,FWD,5,BHA,5.0,1,AVL,True,0.0,0.0,0.0,0.0,0.0,0.0,0.0,0.0,0.0,0.3257772779967469,1.9,0.1516065468911203,0.0,0.0,0.0,0.0,i,Ankle injury - Expected back 10 Oct,False,True
139,Ferguson,FWD,5,BHA,5.0,2,CHE,False,0.0,0.0,0.0,0.0,0.0,0.0,0.0,0.0,0.0,0.19277159239561917,1.9,0.1516065468911203,0.0,0.0,0.0,0.0,i,Ankle injury - Expected back 10 Oct,False,True
139,Ferguson,FWD,5,BHA,5.0,3,LEE,True,0.091,0.17283146345587713,0.0,0.0,0.0,0.0,0.0,0.0,0.17283146345587713,0.31707036455542936,1.9,0.1516065468911203,0.0,0.0,0.0,0.0,i,Ankle injury - Expected back 10 Oct,False,True
139,Ferguson,FWD,5,BHA,5.0,4,COV,False,0.091,0.17283146345587713,0.0,0.0,0.0,0.0,0.0,0.0,0.17283146345587713,0.3276745616656898,1.9,0.1516065468911203,0.0,0.0,0.0,0.0,i,Ankle injury - Expected back 10 Oct,False,True
139,Ferguson,FWD,5,BHA,5.0,5,ARS,True,0.091,0.17283146345587713,0.0,0.0,0.0,0.0,0.0,0.0,0.17283146345587713,0.24403946297856333,1.9,0.1516065468911203,0.0,0.0,0.0,0.0,i,Ankle injury - Expected back 10 Oct,False,True
139,Ferguson,FWD,5,BHA,5.0,6,SUN,False,0.091,0.17283146345587713,0.0,0.0,0.0,0.0,0.0,0.0,0.17283146345587713,0.3387342620914802,1.9,0.1516065468911203,0.0,0.0,0.0,0.0,i,Ankle injury - Expected back 10 Oct,False,True
328,Struijk,DEF,5,BHA,5.0,1,AVL,True,0.656,1.8809339236328755,0.0,0.0,0.8552750560735006,0.0,0.0,0.0,1.2470349501752835,0.3257772779967469,2.86581739701853,0.6563341843027809,0.0,0.0,0.0,0.2,a,,False,True
328,Struijk,DEF,5,BHA,5.0,2,CHE,False,0.656,1.371020400523553,0.0,0.0,0.5060903434069075,0.0,0.0,0.0,1.2470349501752835,0.19277159239561917,2.0889059770366494,0.6563341843027809,0.0,0.0,0.0,0.2,a,,False,True
328,Struijk,DEF,5,BHA,5.0,3,LEE,True,0.656,1.85010524630923,0.0,0.0,0.8324164763482924,0.0,0.0,0.0,1.2470349501752835,0.31707036455542936,2.8188463903866046,0.6563341843027809,0.0,0.0,0.0,0.2,a,,False,True
328,Struijk,DEF,5,BHA,5.0,4,COV,False,0.656,1.8876168494838996,0.0,0.0,0.8602560645904872,0.0,0.0,0.0,1.2470349501752835,0.3276745616656898,2.875999596896056,0.6563341843027809,0.0,0.0,0.0,0.2,a,,False,True
328,Struijk,DEF,5,BHA,5.0,5,ARS,True,0.656,1.5792239388784985,0.0,0.0,0.6406857674868962,0.0,0.0,0.0,1.2470349501752835,0.24403946297856333,2.406127818187768,0.6563341843027809,0.0,0.0,0.0,0.2,a,,False,True
328,Struijk,DEF,5,BHA,5.0,6,SUN,False,0.656,1.9263348638500537,0.0,0.0,0.8892915024208643,0.0,0.0,0.0,1.2470349501752835,0.3387342620914802,2.934990908475056,0.6563341843027809,0.0,0.0,0.0,0.2,a,,False,True
504,Vuskovic,DEF,5,BHA,5.0,1,AVL,True,0.583,1.6706656756743845,0.0,0.0,0.7596644738496265,0.0,0.0,0.0,1.1076298116843368,0.3257772779967469,2.86581739701853,0.5829630587812299,0.0,0.0,0.0,2.5,a,,False,True
504,Vuskovic,DEF,5,BHA,5.0,2,CHE,False,0.583,1.217755017879679,0.0,0.0,0.4495148685963145,0.0,0.0,0.0,1.1076298116843368,0.19277159239561917,2.0889059770366494,0.5829630587812299,0.0,0.0,0.0,2.5,a,,False,True
504,Vuskovic,DEF,5,BHA,5.0,3,LEE,True,0.583,1.6432833139742038,0.0,0.0,0.7393612382804511,0.0,0.0,0.0,1.1076298116843368,0.31707036455542936,2.8188463903866046,0.5829630587812299,0.0,0.0,0.0,2.5,a,,False,True
504,Vuskovic,DEF,5,BHA,5.0,4,COV,False,0.583,1.6766015220601092,0.0,0.0,0.764088659013717,0.0,0.0,0.0,1.1076298116843368,0.3276745616656898,2.875999596896056,0.5829630587812299,0.0,0.0,0.0,2.5,a,,False,True
504,Vuskovic,DEF,5,BHA,5.0,5,ARS,True,0.583,1.4026836327093484,0.0,0.0,0.569063967205248,0.0,0.0,0.0,1.1076298116843368,0.24403946297856333,2.406127818187768,0.5829630587812299,0.0,0.0,0.0,2.5,a,,False,True
504,Vuskovic,DEF,5,BHA,5.0,6,SUN,False,0.583,1.7109912774997196,0.0,0.0,0.7898782461714084,0.0,0.0,0.0,1.1076298116843368,0.3387342620914802,2.934990908475056,0.5829630587812299,0.0,0.0,0.0,2.5,a,,False,True
594,David,FWD,5,BHA,6.0,1,AVL,True,0.621,1.1797699745720818,0.0,0.0,0.0,0.0,0.0,0.0,1.1797699745720818,0.3257772779967469,1.9,0.6209315655642536,0.0,0.0,0.0,0.3,a,,False,True
594,David,FWD,5,BHA,6.0,2,CHE,False,0.621,1.1797699745720818,0.0,0.0,0.0,0.0,0.0,0.0,1.1797699745720818,0.19277159239561917,1.9,0.6209315655642536,0.0,0.0,0.0,0.3,a,,False,True
594,David,FWD,5,BHA,6.0,3,LEE,True,0.621,1.1797699745720818,0.0,0.0,0.0,0.0,0.0,0.0,1.1797699745720818,0.31707036455542936,1.9,0.6209315655642536,0.0,0.0,0.0,0.3,a,,False,True
594,David,FWD,5,BHA,6.0,4,COV,False,0.621,1.1797699745720818,0.0,0.0,0.0,0.0,0.0,0.0,1.1797699745720818,0.3276745616656898,1.9,0.6209315655642536,0.0,0.0,0.0,0.3,a,,False,True
594,David,FWD,5,BHA,6.0,5,ARS,True,0.621,1.1797699745720818,0.0,0.0,0.0,0.0,0.0,0.0,1.1797699745720818,0.24403946297856333,1.9,0.6209315655642536,0.0,0.0,0.0,0.3,a,,False,True
594,David,FWD,5,BHA,6.0,6,SUN,False,0.621,1.1797699745720818,0.0,0.0,0.0,0.0,0.0,0.0,1.1797699745720818,0.3387342620914802,1.9,0.6209315655642536,0.0,0.0,0.0,0.3,a,,False,True
600,Osman,MID,5,BHA,5.0,1,AVL,True,0.153,0.34041724814707836,0.0,0.0,0.049825382611647095,0.0,0.0,0.0,0.29059186553543126,0.3257772779967469,2.225777277996747,0.1529430871239112,0.0,0.0,0.0,0.0,a,,False,True
600,Osman,MID,5,BHA,5.0,2,CHE,False,0.153,0.32007494798620956,0.0,0.0,0.02948308245077828,0.0,0.0,0.0,0.29059186553543126,0.19277159239561917,2.092771592395619,0.1529430871239112,0.0,0.0,0.0,0.0,a,,False,True
600,Osman,MID,5,BHA,5.0,3,LEE,True,0.153,0.3390855859260426,0.0,0.0,0.04849372039061132,0.0,0.0,0.0,0.29059186553543126,0.31707036455542936,2.217070364555429,0.1529430871239112,0.0,0.0,0.0,0.0,a,,False,True
600,Osman,MID,5,BHA,5.0,4,COV,False,0.153,0.3407074245685563,0.0,0.0,0.05011555903312501,0.0,0.0,0.0,0.29059186553543126,0.3276745616656898,2.22767456166569,0.1529430871239112,0.0,0.0,0.0,0.0,a,,False,True
600,Osman,MID,5,BHA,5.0,5,ARS,True,0.153,0.32791601438343415,0.0,0.0,0.03732414884800291,0.0,0.0,0.0,0.29059186553543126,0.24403946297856333,2.1440394629785633,0.1529430871239112,0.0,0.0,0.0,0.0,a,,False,True
600,Osman,MID,5,BHA,5.0,6,SUN,False,0.153,0.3423989292943423,0.0,0.0,0.051807063758911025,0.0,0.0,0.0,0.29059186553543126,0.3387342620914802,2.23873426209148,0.1529430871239112,0.0,0.0,0.0,0.0,a,,False,True
605,Yalcouyé,MID,5,BHA,4.5,1,AVL,True,0.041,0.09106357392227772,0.0,0.0,0.013328576731520816,0.0,0.0,0.0,0.07773499719075691,0.3257772779967469,2.225777277996747,0.04091315641618785,0.0,0.0,0.0,0.0,a,,False,True
605,Yalcouyé,MID,5,BHA,4.5,2,CHE,False,0.041,0.08562189150303648,0.0,0.0,0.007886894312279574,0.0,0.0,0.0,0.07773499719075691,0.19277159239561917,2.092771592395619,0.04091315641618785,0.0,0.0,0.0,0.0,a,,False,True
605,Yalcouyé,MID,5,BHA,4.5,3,LEE,True,0.041,0.09070734661075089,0.0,0.0,0.012972349419993985,0.0,0.0,0.0,0.07773499719075691,0.31707036455542936,2.217070364555429,0.04091315641618785,0.0,0.0,0.0,0.0,a,,False,True
605,Yalcouyé,MID,5,BHA,4.5,4,COV,False,0.041,0.09114119778579106,0.0,0.0,0.013406200595034157,0.0,0.0,0.0,0.07773499719075691,0.3276745616656898,2.22767456166569,0.04091315641618785,0.0,0.0,0.0,0.0,a,,False,True
605,Yalcouyé,MID,5,BHA,4.5,5,ARS,True,0.041,0.08771942191132136,0.0,0.0,0.009984424720564445,0.0,0.0,0.0,0.07773499719075691,0.24403946297856333,2.1440394629785633,0.04091315641618785,0.0,0.0,0.0,0.0,a,,False,True
605,Yalcouyé,MID,5,BHA,4.5,6,SUN,False,0.041,0.09159368503922762,0.0,0.0,0.0138586878484707,0.0,0.0,0.0,0.07773499719075691,0.3387342620914802,2.23873426209148,0.04091315641618785,0.0,0.0,0.0,0.0,a,,False,True
40,Rogers,MID,6,CHE,7.5,1,FUL,False,0.77,1.654640915656994,0.0,0.0,0.19231432080334662,0.0,0.0,0.0,1.4623265948536472,0.24987387278074383,2.1498738727807436,0.7696455762387617,0.0,0.0,0.0,24.3,a,,False,True
40,Rogers,MID,6,CHE,7.5,2,BHA,True,0.77,1.6675611123414933,0.0,0.0,0.20523451748784613,0.0,0.0,0.0,1.4623265948536472,0.2666610759861987,2.1666610759861986,0.7696455762387617,0.0,0.0,0.0,24.3,a,,False,True
40,Rogers,MID,6,CHE,7.5,3,ARS,False,0.77,1.5818490023012621,0.0,0.0,0.11952240744761485,0.0,0.0,0.0,1.4623265948536472,0.155295386782729,2.055295386782729,0.7696455762387617,0.0,0.0,0.0,24.3,a,,False,True
40,Rogers,MID,6,CHE,7.5,4,HUL,True,0.77,1.7436907158390642,0.0,0.0,0.28136412098541697,0.0,0.0,0.0,1.4623265948536472,0.3655762206292879,2.265576220629288,0.7696455762387617,0.0,0.0,0.0,24.3,a,,False,True
40,Rogers,MID,6,CHE,7.5,5,BRE,False,0.77,1.608779708431237,0.0,0.0,0.14645311357758983,0.0,0.0,0.0,1.4623265948536472,0.19028643585961016,2.09028643585961,0.7696455762387617,0.0,0.0,0.0,24.3,a,,False,True
40,Rogers,MID,6,CHE,7.5,6,BOU,True,0.77,1.6416269198667484,0.0,0.0,0.17930032501310114,0.0,0.0,0.0,1.4623265948536472,0.23296479645778936,2.1329647964577894,0.7696455762387617,0.0,0.0,0.0,24.3,a,,False,True
101,Henderson,MID,6,CHE,5.0,1,FUL,False,0.115,0.24700030385879995,0.0,0.0,0.028708159713289976,0.0,0.0,0.0,0.21829214414551,0.24987387278074383,2.1498738727807436,0.1531874695757965,0.0,0.0,0.0,0.0,d,Wrist injury - 75% chance of playing,False,True
101,Henderson,MID,6,CHE,5.0,2,BHA,True,0.115,0.24892899574402372,0.0,0.0,0.030636851598513728,0.0,0.0,0.0,0.21829214414551,0.2666610759861987,2.1666610759861986,0.1531874695757965,0.0,0.0,0.0,0.0,d,Wrist injury - 75% chance of playing,False,True
101,Henderson,MID,6,CHE,5.0,3,ARS,False,0.138,0.2833609495788488,0.0,0.0,0.021410376604236763,0.0,0.0,0.0,0.261950572974612,0.155295386782729,2.055295386782729,0.1531874695757965,0.0,0.0,0.0,0.0,d,Wrist injury - 75% chance of playing,False,True
101,Henderson,MID,6,CHE,5.0,4,HUL,True,0.138,0.3123520995323673,0.0,0.0,0.05040152655775534,0.0,0.0,0.0,0.261950572974612,0.3655762206292879,2.265576220629288,0.1531874695757965,0.0,0.0,0.0,0.0,d,Wrist injury - 75% chance of playing,False,True
101,Henderson,MID,6,CHE,5.0,5,BRE,False,0.138,0.2881851208181497,0.0,0.0,0.026234547843537702,0.0,0.0,0.0,0.261950572974612,0.19028643585961016,2.09028643585961,0.1531874695757965,0.0,0.0,0.0,0.0,d,Wrist injury - 75% chance of playing,False,True
101,Henderson,MID,6,CHE,5.0,6,BOU,True,0.138,0.2940691318772603,0.0,0.0,0.03211855890264831,0.0,0.0,0.0,0.261950572974612,0.23296479645778936,2.1329647964577894,0.1531874695757965,0.0,0.0,0.0,0.0,d,Wrist injury - 75% chance of playing,False,True
136,Welbeck,FWD,6,CHE,6.0,1,FUL,False,0.315,0.5978250929098635,0.0,0.0,0.0,0.0,0.0,0.0,0.5978250929098635,0.24987387278074383,1.9,0.41952638098937794,0.0,0.0,0.0,1.1,d,Unspecified injury - 75% chance of playing,False,True
136,Welbeck,FWD,6,CHE,6.0,2,BHA,True,0.315,0.5978250929098635,0.0,0.0,0.0,0.0,0.0,0.0,0.5978250929098635,0.2666610759861987,1.9,0.41952638098937794,0.0,0.0,0.0,1.1,d,Unspecified injury - 75% chance of playing,False,True
136,Welbeck,FWD,6,CHE,6.0,3,ARS,False,0.378,0.7173901114918363,0.0,0.0,0.0,0.0,0.0,0.0,0.7173901114918363,0.155295386782729,1.9,0.41952638098937794,0.0,0.0,0.0,1.1,d,Unspecified injury - 75% chance of playing,False,True
136,Welbeck,FWD,6,CHE,6.0,4,HUL,True,0.378,0.7173901114918363,0.0,0.0,0.0,0.0,0.0,0.0,0.7173901114918363,0.3655762206292879,1.9,0.41952638098937794,0.0,0.0,0.0,1.1,d,Unspecified injury - 75% chance of playing,False,True
136,Welbeck,FWD,6,CHE,6.0,5,BRE,False,0.378,0.7173901114918363,0.0,0.0,0.0,0.0,0.0,0.0,0.7173901114918363,0.19028643585961016,1.9,0.41952638098937794,0.0,0.0,0.0,1.1,d,Unspecified injury - 75% chance of playing,False,True
136,Welbeck,FWD,6,CHE,6.0,6,BOU,True,0.378,0.7173901114918363,0.0,0.0,0.0,0.0,0.0,0.0,0.7173901114918363,0.23296479645778936,1.9,0.41952638098937794,0.0,0.0,0.0,1.1,d,Unspecified injury - 75% chance of playing,False,True
140,Sánchez,GK,6,CHE,5.0,1,FUL,False,0.596,1.453951796776502,0.0,0.0,0.5954471857003194,0.0,0.0,0.0,1.131920716880361,0.24987387278074383,2.440549388908604,0.5957477457265059,0.0,0.0,0.0,2.4,a,,False,True
140,Sánchez,GK,6,CHE,5.0,2,BHA,True,0.596,1.5120208086410547,0.0,0.0,0.6354509395671295,0.0,0.0,0.0,1.131920716880361,0.2666610759861987,2.5380218716516785,0.5957477457265059,0.0,0.0,0.0,2.4,a,,False,True
140,Sánchez,GK,6,CHE,5.0,3,ARS,False,0.596,1.0929173134565695,0.0,0.0,0.3700675063901465,0.0,0.0,0.0,1.131920716880361,0.155295386782729,1.8345303382118088,0.5957477457265059,0.0,0.0,0.0,2.4,a,,False,True
140,Sánchez,GK,6,CHE,5.0,4,HUL,True,0.596,1.8323758957577383,0.0,0.0,0.8711648373244562,0.0,0.0,0.0,1.131920716880361,0.3655762206292879,3.0757580014393207,0.5957477457265059,0.0,0.0,0.0,2.4,a,,False,True
140,Sánchez,GK,6,CHE,5.0,5,BRE,False,0.596,1.234824192678607,0.0,0.0,0.45345086082277647,0.0,0.0,0.0,1.131920716880361,0.19028643585961016,2.0727299457470147,0.5957477457265059,0.0,0.0,0.0,2.4,a,,False,True
140,Sánchez,GK,6,CHE,5.0,6,BOU,True,0.596,1.394019314694427,0.0,0.0,0.5551530092934492,0.0,0.0,0.0,1.131920716880361,0.23296479645778936,2.339948954392501,0.5957477457265059,0.0,0.0,0.0,2.4,a,,False,True
141,Jörgensen,GK,6,CHE,5.0,1,FUL,False,0.0,0.0,0.0,0.0,0.0,0.0,0.0,0.0,0.0,0.24987387278074383,2.440549388908604,0.48740889831981743,0.0,0.0,0.0,0.0,u,Has joined RC Strasbourg on loan for the rest of the season,False,True
141,Jörgensen,GK,6,CHE,5.0,2,BHA,True,0.0,0.0,0.0,0.0,0.0,0.0,0.0,0.0,0.0,0.2666610759861987,2.5380218716516785,0.48740889831981743,0.0,0.0,0.0,0.0,u,Has joined RC Strasbourg on loan for the rest of the season,False,True
141,Jörgensen,GK,6,CHE,5.0,3,ARS,False,0.292,0.5364998466492599,0.0,0.0,0.18166164812620772,0.0,0.0,0.0,0.5556461440845919,0.155295386782729,1.8345303382118088,0.48740889831981743,0.0,0.0,0.0,0.0,u,Has joined RC Strasbourg on loan for the rest of the season,False,True
141,Jörgensen,GK,6,CHE,5.0,4,HUL,True,0.292,0.8994910913879417,0.0,0.0,0.427644247077225,0.0,0.0,0.0,0.5556461440845919,0.3655762206292879,3.0757580014393207,0.48740889831981743,0.0,0.0,0.0,0.0,u,Has joined RC Strasbourg on loan for the rest of the season,False,True
141,Jörgensen,GK,6,CHE,5.0,5,BRE,False,0.292,0.6061602116226286,0.0,0.0,0.22259352496208926,0.0,0.0,0.0,0.5556461440845919,0.19028643585961016,2.0727299457470147,0.48740889831981743,0.0,0.0,0.0,0.0,u,Has joined RC Strasbourg on loan for the rest of the season,False,True
141,Jörgensen,GK,6,CHE,5.0,6,BOU,True,0.292,0.6843071651910346,0.0,0.0,0.2725178754930999,0.0,0.0,0.0,0.5556461440845919,0.23296479645778936,2.339948954392501,0.48740889831981743,0.0,0.0,0.0,0.0,u,Has joined RC Strasbourg on loan for the rest of the season,False,True
142,James,DEF,6,CHE,5.5,1,FUL,False,0.746,1.8216700191235946,0.0,0.0,0.7460414358761098,0.0,0.0,0.0,1.4181942197378115,0.24987387278074383,2.440549388908604,0.7464180103883219,0.0,0.0,0.0,10.3,a,,False,True
142,James,DEF,6,CHE,5.5,2,BHA,True,0.746,1.8944252357602906,0.0,0.0,0.7961625191425102,0.0,0.0,0.0,1.4181942197378115,0.2666610759861987,2.5380218716516785,0.7464180103883219,0.0,0.0,0.0,10.3,a,,False,True
142,James,DEF,6,CHE,5.5,3,ARS,False,0.746,1.3693264850450735,0.0,0.0,0.4636610944993979,0.0,0.0,0.0,1.4181942197378115,0.155295386782729,1.8345303382118088,0.7464180103883219,0.0,0.0,0.0,10.3,a,,False,True
142,James,DEF,6,CHE,5.5,4,HUL,True,0.746,2.295801167870299,0.0,0.0,1.0914907009895811,0.0,0.0,0.0,1.4181942197378115,0.3655762206292879,3.0757580014393207,0.7464180103883219,0.0,0.0,0.0,10.3,a,,False,True
142,James,DEF,6,CHE,5.5,5,BRE,False,0.746,1.5471229621767812,0.0,0.0,0.5681328914328609,0.0,0.0,0.0,1.4181942197378115,0.19028643585961016,2.0727299457470147,0.7464180103883219,0.0,0.0,0.0,10.3,a,,False,True
142,James,DEF,6,CHE,5.5,6,BOU,True,0.746,1.7465800429478846,0.0,0.0,0.6955564794501741,0.0,0.0,0.0,1.4181942197378115,0.23296479645778936,2.339948954392501,0.7464180103883219,0.0,0.0,0.0,10.3,a,,False,True
143,Chalobah,DEF,6,CHE,5.5,1,FUL,False,0.0,0.0,0.0,0.0,0.0,0.0,0.0,0.0,0.0,0.24987387278074383,2.440549388908604,0.7128398758470258,0.0,0.0,0.0,0.2,u,Has joined Como permanently,False,True
143,Chalobah,DEF,6,CHE,5.5,2,BHA,True,0.0,0.0,0.0,0.0,0.0,0.0,0.0,0.0,0.0,0.2666610759861987,2.5380218716516785,0.7128398758470258,0.0,0.0,0.0,0.2,u,Has joined Como permanently,False,True
143,Chalobah,DEF,6,CHE,5.5,3,ARS,False,0.428,0.7846358271171048,0.0,0.0,0.26568178616115934,0.0,0.0,0.0,0.8126374584656093,0.155295386782729,1.8345303382118088,0.7128398758470258,0.0,0.0,0.0,0.2,u,Has joined Como permanently,False,True
143,Chalobah,DEF,6,CHE,5.5,4,HUL,True,0.428,1.3155137711289009,0.0,0.0,0.6254335385424156,0.0,0.0,0.0,0.8126374584656093,0.3655762206292879,3.0757580014393207,0.7128398758470258,0.0,0.0,0.0,0.2,u,Has joined Como permanently,False,True
143,Chalobah,DEF,6,CHE,5.5,5,BRE,False,0.428,0.8865147343144287,0.0,0.0,0.3255450223524901,0.0,0.0,0.0,0.8126374584656093,0.19028643585961016,2.0727299457470147,0.7128398758470258,0.0,0.0,0.0,0.2,u,Has joined Como permanently,False,True
143,Chalobah,DEF,6,CHE,5.5,6,BOU,True,0.428,1.000805353282517,0.0,0.0,0.3985598318008757,0.0,0.0,0.0,0.8126374584656093,0.23296479645778936,2.339948954392501,0.7128398758470258,0.0,0.0,0.0,0.2,u,Has joined Como permanently,False,True
144,Gusto,DEF,6,CHE,5.0,1,FUL,False,0.476,1.1613466179250322,0.0,0.0,0.4756145126676049,0.0,0.0,0.0,0.9041237125073378,0.24987387278074383,2.440549388908604,0.4758545855301778,0.0,0.0,0.0,1.2,a,,False,True
144,Gusto,DEF,6,CHE,5.0,2,BHA,True,0.476,1.2077293458013356,0.0,0.0,0.5075675831617753,0.0,0.0,0.0,0.9041237125073378,0.2666610759861987,2.5380218716516785,0.4758545855301778,0.0,0.0,0.0,1.2,a,,False,True
144,Gusto,DEF,6,CHE,5.0,3,ARS,False,0.476,0.8729696737323172,0.0,0.0,0.29559208764897665,0.0,0.0,0.0,0.9041237125073378,0.155295386782729,1.8345303382118088,0.4758545855301778,0.0,0.0,0.0,1.2,a,,False,True
144,Gusto,DEF,6,CHE,5.0,4,HUL,True,0.476,1.4636135489660358,0.0,0.0,0.6958444837889545,0.0,0.0,0.0,0.9041237125073378,0.3655762206292879,3.0757580014393207,0.4758545855301778,0.0,0.0,0.0,1.2,a,,False,True
144,Gusto,DEF,6,CHE,5.0,5,BRE,False,0.476,0.9863180492494338,0.0,0.0,0.3621946922719582,0.0,0.0,0.0,0.9041237125073378,0.19028643585961016,2.0727299457470147,0.4758545855301778,0.0,0.0,0.0,1.2,a,,False,True
144,Gusto,DEF,6,CHE,5.0,6,BOU,True,0.476,1.1134754398542166,0.0,0.0,0.44342946664617433,0.0,0.0,0.0,0.9041237125073378,0.23296479645778936,2.339948954392501,0.4758545855301778,0.0,0.0,0.0,1.2,a,,False,True
145,Fofana,DEF,6,CHE,5.0,1,FUL,False,0.0,0.0,0.0,0.0,0.0,0.0,0.0,0.0,0.0,0.24987387278074383,2.440549388908604,0.3852258858130498,0.0,0.0,0.0,0.0,s,Suspended until 30 Aug,False,True
145,Fofana,DEF,6,CHE,5.0,2,BHA,True,0.0,0.0,0.0,0.0,0.0,0.0,0.0,0.0,0.0,0.2666610759861987,2.5380218716516785,0.3852258858130498,0.0,0.0,0.0,0.0,s,Suspended until 30 Aug,False,True
145,Fofana,DEF,6,CHE,5.0,3,ARS,False,0.231,0.4240251447531347,0.0,0.0,0.14357712704653672,0.0,0.0,0.0,0.43915750982687674,0.155295386782729,1.8345303382118088,0.3852258858130498,0.0,0.0,0.0,0.0,s,Suspended until 30 Aug,False,True
145,Fofana,DEF,6,CHE,5.0,4,HUL,True,0.231,0.7109169603906227,0.0,0.0,0.3379906162178504,0.0,0.0,0.0,0.43915750982687674,0.3655762206292879,3.0757580014393207,0.3852258858130498,0.0,0.0,0.0,0.0,s,Suspended until 30 Aug,False,True
145,Fofana,DEF,6,CHE,5.0,5,BRE,False,0.231,0.47908153764097705,0.0,0.0,0.17592782594934336,0.0,0.0,0.0,0.43915750982687674,0.19028643585961016,2.0727299457470147,0.3852258858130498,0.0,0.0,0.0,0.0,s,Suspended until 30 Aug,False,True
145,Fofana,DEF,6,CHE,5.0,6,BOU,True,0.231,0.5408453452279025,0.0,0.0,0.21538576818890098,0.0,0.0,0.0,0.43915750982687674,0.23296479645778936,2.339948954392501,0.3852258858130498,0.0,0.0,0.0,0.0,s,Suspended until 30 Aug,False,True
146,B.Badiashile,DEF,6,CHE,4.5,1,FUL,False,0.211,0.5146062755553557,0.0,0.0,0.2107503558250782,0.0,0.0,0.0,0.4006277963472886,0.24987387278074383,2.440549388908604,0.2108567349196256,0.0,0.0,0.0,0.0,a,,False,True
146,B.Badiashile,DEF,6,CHE,4.5,2,BHA,True,0.211,0.5351590050110699,0.0,0.0,0.22490913525041614,0.0,0.0,0.0,0.4006277963472886,0.2666610759861987,2.5380218716516785,0.2108567349196256,0.0,0.0,0.0,0.0,a,,False,True
146,B.Badiashile,DEF,6,CHE,4.5,3,ARS,False,0.211,0.38682307722633846,0.0,0.0,0.13098031282034647,0.0,0.0,0.0,0.4006277963472886,0.155295386782729,1.8345303382118088,0.2108567349196256,0.0,0.0,0.0,0.0,a,,False,True
146,B.Badiashile,DEF,6,CHE,4.5,4,HUL,True,0.211,0.6485442895864082,0.0,0.0,0.3083368329845933,0.0,0.0,0.0,0.4006277963472886,0.3655762206292879,3.0757580014393207,0.2108567349196256,0.0,0.0,0.0,0.0,a,,False,True
146,B.Badiashile,DEF,6,CHE,4.5,5,BRE,False,0.211,0.43704906873034827,0.0,0.0,0.16049270625940062,0.0,0.0,0.0,0.4006277963472886,0.19028643585961016,2.0727299457470147,0.2108567349196256,0.0,0.0,0.0,0.0,a,,False,True
146,B.Badiashile,DEF,6,CHE,4.5,6,BOU,True,0.211,0.4933939964017947,0.0,0.0,0.19648878532921848,0.0,0.0,0.0,0.4006277963472886,0.23296479645778936,2.339948954392501,0.2108567349196256,0.0,0.0,0.0,0.0,a,,False,True
147,Tosin,DEF,6,CHE,4.5,1,FUL,False,0.209,0.5091569576148125,0.0,0.0,0.2085186580212882,0.0,0.0,0.0,0.3963854302087111,0.24987387278074383,2.440549388908604,0.20862391063616373,0.0,0.0,0.0,0.2,a,,False,True
147,Tosin,DEF,6,CHE,4.5,2,BHA,True,0.209,0.5294920481440888,0.0,0.0,0.22252750594675194,0.0,0.0,0.0,0.3963854302087111,0.2666610759861987,2.5380218716516785,0.20862391063616373,0.0,0.0,0.0,0.2,a,,False,True
147,Tosin,DEF,6,CHE,4.5,3,ARS,False,0.209,0.38272689333843163,0.0,0.0,0.12959332357747413,0.0,0.0,0.0,0.3963854302087111,0.155295386782729,1.8345303382118088,0.20862391063616373,0.0,0.0,0.0,0.2,a,,False,True
147,Tosin,DEF,6,CHE,4.5,4,HUL,True,0.209,0.6416766624307424,0.0,0.0,0.30507176313308415,0.0,0.0,0.0,0.3963854302087111,0.3655762206292879,3.0757580014393207,0.20862391063616373,0.0,0.0,0.0,0.2,a,,False,True
147,Tosin,DEF,6,CHE,4.5,5,BRE,False,0.209,0.43242102697442575,0.0,0.0,0.15879320156019766,0.0,0.0,0.0,0.3963854302087111,0.19028643585961016,2.0727299457470147,0.20862391063616373,0.0,0.0,0.0,0.2,a,,False,True
147,Tosin,DEF,6,CHE,4.5,6,BOU,True,0.209,0.4881693015543659,0.0,0.0,0.1944081075103277,0.0,0.0,0.0,0.3963854302087111,0.23296479645778936,2.339948954392501,0.20862391063616373,0.0,0.0,0.0,0.2,a,,False,True
148,Hato,DEF,6,CHE,4.5,1,FUL,False,0.208,0.5073496335281397,0.0,0.0,0.20777849177682006,0.0,0.0,0.0,0.39497840448725496,0.24987387278074383,2.440549388908604,0.20788337078276578,0.0,0.0,0.0,0.5,a,,False,True
148,Hato,DEF,6,CHE,4.5,2,BHA,True,0.208,0.527612541799335,0.0,0.0,0.2217376133302809,0.0,0.0,0.0,0.39497840448725496,0.2666610759861987,2.5380218716516785,0.20788337078276578,0.0,0.0,0.0,0.5,a,,False,True
148,Hato,DEF,6,CHE,4.5,3,ARS,False,0.208,0.38136835051071816,0.0,0.0,0.12913331388562832,0.0,0.0,0.0,0.39497840448725496,0.155295386782729,1.8345303382118088,0.20788337078276578,0.0,0.0,0.0,0.5,a,,False,True
148,Hato,DEF,6,CHE,4.5,4,HUL,True,0.208,0.6393989410512689,0.0,0.0,0.3039888680897618,0.0,0.0,0.0,0.39497840448725496,0.3655762206292879,3.0757580014393207,0.20788337078276578,0.0,0.0,0.0,0.5,a,,False,True
148,Hato,DEF,6,CHE,4.5,5,BRE,False,0.208,0.43088608784426874,0.0,0.0,0.15822954280293727,0.0,0.0,0.0,0.39497840448725496,0.19028643585961016,2.0727299457470147,0.20788337078276578,0.0,0.0,0.0,0.5,a,,False,True
148,Hato,DEF,6,CHE,4.5,6,BOU,True,0.208,0.48643647609872137,0.0,0.0,0.19371802864546475,0.0,0.0,0.0,0.39497840448725496,0.23296479645778936,2.339948954392501,0.20788337078276578,0.0,0.0,0.0,0.5,a,,False,True
149,Colwill,DEF,6,CHE,5.0,1,FUL,False,0.338,0.8241840853834227,0.0,0.0,0.3375339507324732,0.0,0.0,0.0,0.6416382185688054,0.24987387278074383,2.440549388908604,0.33770432556252916,0.0,0.0,0.0,1.6,a,,False,True
149,Colwill,DEF,6,CHE,5.0,2,BHA,True,0.338,0.8571009644290781,0.0,0.0,0.3602103952787903,0.0,0.0,0.0,0.6416382185688054,0.2666610759861987,2.5380218716516785,0.33770432556252916,0.0,0.0,0.0,1.6,a,,False,True
149,Colwill,DEF,6,CHE,5.0,3,ARS,False,0.338,0.6195288305898174,0.0,0.0,0.2097756954257344,0.0,0.0,0.0,0.6416382185688054,0.155295386782729,1.8345303382118088,0.33770432556252916,0.0,0.0,0.0,1.6,a,,False,True
149,Colwill,DEF,6,CHE,5.0,4,HUL,True,0.338,1.0386967814696184,0.0,0.0,0.4938266841172481,0.0,0.0,0.0,0.6416382185688054,0.3655762206292879,3.0757580014393207,0.33770432556252916,0.0,0.0,0.0,1.6,a,,False,True
149,Colwill,DEF,6,CHE,5.0,5,BRE,False,0.338,0.6999698684017535,0.0,0.0,0.25704220994266846,0.0,0.0,0.0,0.6416382185688054,0.19028643585961016,2.0727299457470147,0.33770432556252916,0.0,0.0,0.0,1.6,a,,False,True
149,Colwill,DEF,6,CHE,5.0,6,BOU,True,0.338,0.7902108834938649,0.0,0.0,0.31469287787035854,0.0,0.0,0.0,0.6416382185688054,0.23296479645778936,2.339948954392501,0.33770432556252916,0.0,0.0,0.0,1.6,a,,False,True
150,M.Sarr,DEF,6,CHE,4.5,1,FUL,False,0.208,0.5067532060845311,0.0,0.0,0.20753423261805115,0.0,0.0,0.0,0.394514077828673,0.24987387278074383,2.440549388908604,0.20763898833088051,0.0,0.0,0.0,0.1,a,,False,True
150,M.Sarr,DEF,6,CHE,4.5,2,BHA,True,0.208,0.5269922937914024,0.0,0.0,0.22147694417999342,0.0,0.0,0.0,0.394514077828673,0.2666610759861987,2.5380218716516785,0.20763898833088051,0.0,0.0,0.0,0.1,a,,False,True
150,M.Sarr,DEF,6,CHE,4.5,3,ARS,False,0.208,0.3809200234886081,0.0,0.0,0.12898150801607458,0.0,0.0,0.0,0.394514077828673,0.155295386782729,1.8345303382118088,0.20763898833088051,0.0,0.0,0.0,0.1,a,,False,True
150,M.Sarr,DEF,6,CHE,4.5,4,HUL,True,0.208,0.6386472797694716,0.0,0.0,0.30363150643716846,0.0,0.0,0.0,0.394514077828673,0.3655762206292879,3.0757580014393207,0.20763898833088051,0.0,0.0,0.0,0.1,a,,False,True
150,M.Sarr,DEF,6,CHE,4.5,5,BRE,False,0.208,0.43037954901803105,0.0,0.0,0.15804353213991376,0.0,0.0,0.0,0.394514077828673,0.19028643585961016,2.0727299457470147,0.20763898833088051,0.0,0.0,0.0,0.1,a,,False,True
150,M.Sarr,DEF,6,CHE,4.5,6,BOU,True,0.208,0.4858646336359606,0.0,0.0,0.19349029861281952,0.0,0.0,0.0,0.394514077828673,0.23296479645778936,2.339948954392501,0.20763898833088051,0.0,0.0,0.0,0.1,a,,False,True
151,Acheampong,DEF,6,CHE,4.5,1,FUL,False,0.208,0.5065567067315373,0.0,0.0,0.20745375884513,0.0,0.0,0.0,0.39436110048169326,0.24987387278074383,2.440549388908604,0.2075584739377333,0.0,0.0,0.0,0.3,a,,False,True
151,Acheampong,DEF,6,CHE,4.5,2,BHA,True,0.208,0.526787946500612,0.0,0.0,0.22139106396115737,0.0,0.0,0.0,0.39436110048169326,0.2666610759861987,2.5380218716516785,0.2075584739377333,0.0,0.0,0.0,0.3,a,,False,True
151,Acheampong,DEF,6,CHE,4.5,3,ARS,False,0.208,0.3807723173917168,0.0,0.0,0.12893149396077308,0.0,0.0,0.0,0.39436110048169326,0.155295386782729,1.8345303382118088,0.2075584739377333,0.0,0.0,0.0,0.3,a,,False,True
151,Acheampong,DEF,6,CHE,4.5,4,HUL,True,0.208,0.6383996369805179,0.0,0.0,0.3035137698469564,0.0,0.0,0.0,0.39436110048169326,0.3655762206292879,3.0757580014393207,0.2075584739377333,0.0,0.0,0.0,0.3,a,,False,True
151,Acheampong,DEF,6,CHE,4.5,5,BRE,False,0.208,0.4302126644242912,0.0,0.0,0.15798224895228422,0.0,0.0,0.0,0.39436110048169326,0.19028643585961016,2.0727299457470147,0.2075584739377333,0.0,0.0,0.0,0.3,a,,False,True
151,Acheampong,DEF,6,CHE,4.5,6,BOU,True,0.208,0.4856762340659022,0.0,0.0,0.19341527053597365,0.0,0.0,0.0,0.39436110048169326,0.23296479645778936,2.339948954392501,0.2075584739377333,0.0,0.0,0.0,0.3,a,,False,True
152,Palestra,DEF,6,CHE,5.5,1,FUL,False,0.639,1.5606550678329858,0.0,0.0,0.6391461326643557,0.0,0.0,0.0,1.214990625618402,0.24987387278074383,2.440549388908604,0.6394687503254748,0.0,0.0,0.0,3.0,a,,False,True
152,Palestra,DEF,6,CHE,5.5,2,BHA,True,0.639,1.6229856745638214,0.0,0.0,0.6820857000853638,0.0,0.0,0.0,1.214990625618402,0.2666610759861987,2.5380218716516785,0.6394687503254748,0.0,0.0,0.0,3.0,a,,False,True
152,Palestra,DEF,6,CHE,5.5,3,ARS,False,0.639,1.1731248228104758,0.0,0.0,0.3972261876690519,0.0,0.0,0.0,1.214990625618402,0.155295386782729,1.8345303382118088,0.6394687503254748,0.0,0.0,0.0,3.0,a,,False,True
152,Palestra,DEF,6,CHE,5.5,4,HUL,True,0.639,1.9668511254839822,0.0,0.0,0.9350982758180831,0.0,0.0,0.0,1.214990625618402,0.3655762206292879,3.0757580014393207,0.6394687503254748,0.0,0.0,0.0,3.0,a,,False,True
152,Palestra,DEF,6,CHE,5.5,5,BRE,False,0.639,1.3254460281690328,0.0,0.0,0.4867289173721341,0.0,0.0,0.0,1.214990625618402,0.19028643585961016,2.0727299457470147,0.6394687503254748,0.0,0.0,0.0,3.0,a,,False,True
152,Palestra,DEF,6,CHE,5.5,6,BOU,True,0.639,1.496324233690774,0.0,0.0,0.5958948290427647,0.0,0.0,0.0,1.214990625618402,0.23296479645778936,2.339948954392501,0.6394687503254748,0.0,0.0,0.0,3.0,a,,False,True
153,Disasi,DEF,6,CHE,4.5,1,FUL,False,0.208,0.5064920032094198,0.0,0.0,0.207427260353065,0.0,0.0,0.0,0.3943107279333719,0.24987387278074383,2.440549388908604,0.20753196207019575,0.0,0.0,0.0,0.1,a,,False,True
153,Disasi,DEF,6,CHE,4.5,2,BHA,True,0.208,0.5267206588009434,0.0,0.0,0.2213627852286615,0.0,0.0,0.0,0.3943107279333719,0.2666610759861987,2.5380218716516785,0.20753196207019575,0.0,0.0,0.0,0.1,a,,False,True
153,Disasi,DEF,6,CHE,4.5,3,ARS,False,0.208,0.3807236805663965,0.0,0.0,0.12891502527787876,0.0,0.0,0.0,0.3943107279333719,0.155295386782729,1.8345303382118088,0.20753196207019575,0.0,0.0,0.0,0.1,a,,False,True
153,Disasi,DEF,6,CHE,4.5,4,HUL,True,0.208,0.6383180928918062,0.0,0.0,0.30347500141361156,0.0,0.0,0.0,0.3943107279333719,0.3655762206292879,3.0757580014393207,0.20753196207019575,0.0,0.0,0.0,0.1,a,,False,True
153,Disasi,DEF,6,CHE,4.5,5,BRE,False,0.208,0.43015771248252843,0.0,0.0,0.15796206955715741,0.0,0.0,0.0,0.3943107279333719,0.19028643585961016,2.0727299457470147,0.20753196207019575,0.0,0.0,0.0,0.1,a,,False,True
153,Disasi,DEF,6,CHE,4.5,6,BOU,True,0.208,0.48561419764917874,0.0,0.0,0.19339056520867526,0.0,0.0,0.0,0.3943107279333719,0.23296479645778936,2.339948954392501,0.20753196207019575,0.0,0.0,0.0,0.1,a,,False,True
154,Palmer,MID,6,CHE,9.5,1,FUL,False,0.792,1.8794568013490247,0.1772773002884721,0.0,0.197839598630897,0.0,0.0,0.0,1.5043399024296555,0.24987387278074383,2.373777307107048,0.7917578433840292,0.04478068686526081,0.0,0.0,10.7,a,,True,True
154,Palmer,MID,6,CHE,9.5,2,BHA,True,0.792,1.9149360890148932,0.19946518814794026,0.0,0.21113099843729743,0.0,0.0,0.0,1.5043399024296555,0.2666610759861987,2.4185880885376774,0.7917578433840292,0.0503854025102958,0.0,0.0,10.7,a,,True,True
154,Palmer,MID,6,CHE,9.5,3,ARS,False,0.792,1.7376209066904467,0.11032466373420897,0.0,0.12295634052658219,0.0,0.0,0.0,1.5043399024296555,0.155295386782729,2.1946368087289563,0.7917578433840292,0.027868284389245462,0.0,0.0,10.7,a,,True,True
154,Palmer,MID,6,CHE,9.5,4,HUL,True,0.792,2.0768411714773753,0.28305342900979047,0.0,0.28944784003792906,0.0,0.0,0.0,1.5043399024296555,0.3655762206292879,2.623076220629288,0.7917578433840292,0.07150000000000001,0.0,0.0,10.7,a,,True,True
154,Palmer,MID,6,CHE,9.5,5,BRE,False,0.792,1.8365569407867164,0.18155626027562258,0.0,0.15066077808143835,0.0,0.0,0.0,1.5043399024296555,0.19028643585961016,2.31959424984935,0.7917578433840292,0.04586156279794797,0.0,0.0,10.7,a,,True,True
154,Palmer,MID,6,CHE,9.5,6,BOU,True,0.792,1.9160103461061142,0.22721873884863997,0.0,0.18445170482781864,0.0,0.0,0.0,1.5043399024296555,0.23296479645778936,2.419944888599966,0.7917578433840292,0.057396018428435384,0.0,0.0,10.7,a,,True,True
155,Enzo,MID,6,CHE,7.0,1,FUL,False,0.729,1.5669021544876842,0.0,0.0,0.18211668813106194,0.0,0.0,0.0,1.3847854663566224,0.24987387278074383,2.1498738727807436,0.7288344559771697,0.0,0.0,0.0,5.3,a,,False,True
155,Enzo,MID,6,CHE,7.0,2,BHA,True,0.729,1.5791372466033102,0.0,0.0,0.19435178024668784,0.0,0.0,0.0,1.3847854663566224,0.2666610759861987,2.1666610759861986,0.7288344559771697,0.0,0.0,0.0,5.3,a,,False,True
155,Enzo,MID,6,CHE,7.0,3,ARS,False,0.729,1.497970095098177,0.0,0.0,0.11318462874155444,0.0,0.0,0.0,1.3847854663566224,0.155295386782729,2.055295386782729,0.7288344559771697,0.0,0.0,0.0,5.3,a,,False,True
155,Enzo,MID,6,CHE,7.0,4,HUL,True,0.729,1.6512300122371593,0.0,0.0,0.2664445458805368,0.0,0.0,0.0,1.3847854663566224,0.3655762206292879,2.265576220629288,0.7288344559771697,0.0,0.0,0.0,5.3,a,,False,True
155,Enzo,MID,6,CHE,7.0,5,BRE,False,0.729,1.523472777316196,0.0,0.0,0.13868731095957357,0.0,0.0,0.0,1.3847854663566224,0.19028643585961016,2.09028643585961,0.7288344559771697,0.0,0.0,0.0,5.3,a,,False,True
155,Enzo,MID,6,CHE,7.0,6,BOU,True,0.729,1.5545782370447674,0.0,0.0,0.16979277068814497,0.0,0.0,0.0,1.3847854663566224,0.23296479645778936,2.1329647964577894,0.7288344559771697,0.0,0.0,0.0,5.3,a,,False,True
156,Neto,MID,6,CHE,6.5,1,FUL,False,0.64,1.3752147544389848,0.0,0.0,0.15983739369436678,0.0,0.0,0.0,1.215377360744618,0.24987387278074383,2.1498738727807436,0.6396722951287463,0.0,0.0,0.0,1.4,a,,False,True
156,Neto,MID,6,CHE,6.5,2,BHA,True,0.64,1.3859530632422108,0.0,0.0,0.17057570249759274,0.0,0.0,0.0,1.215377360744618,0.2666610759861987,2.1666610759861986,0.6396722951287463,0.0,0.0,0.0,1.4,a,,False,True
156,Neto,MID,6,CHE,6.5,3,ARS,False,0.64,1.3147155172308327,0.0,0.0,0.09933815648621463,0.0,0.0,0.0,1.215377360744618,0.155295386782729,2.055295386782729,0.6396722951287463,0.0,0.0,0.0,1.4,a,,False,True
156,Neto,MID,6,CHE,6.5,4,HUL,True,0.64,1.4492263408390476,0.0,0.0,0.23384898009442953,0.0,0.0,0.0,1.215377360744618,0.3655762206292879,2.265576220629288,0.6396722951287463,0.0,0.0,0.0,1.4,a,,False,True
156,Neto,MID,6,CHE,6.5,5,BRE,False,0.64,1.3370983219028039,0.0,0.0,0.12172096115818581,0.0,0.0,0.0,1.215377360744618,0.19028643585961016,2.09028643585961,0.6396722951287463,0.0,0.0,0.0,1.4,a,,False,True
156,Neto,MID,6,CHE,6.5,6,BOU,True,0.64,1.3643984867789736,0.0,0.0,0.14902112603435536,0.0,0.0,0.0,1.215377360744618,0.23296479645778936,2.1329647964577894,0.6396722951287463,0.0,0.0,0.0,1.4,a,,False,True
157,Estêvão,MID,6,CHE,6.5,1,FUL,False,0.533,1.144945046243113,0.0,0.0,0.13307378467549372,0.0,0.0,0.0,1.0118712615676193,0.24987387278074383,2.1498738727807436,0.5325638218776944,0.0,0.0,0.0,1.3,a,,False,True
157,Estêvão,MID,6,CHE,6.5,2,BHA,True,0.533,1.1538853033408476,0.0,0.0,0.14201404177322824,0.0,0.0,0.0,1.0118712615676193,0.2666610759861987,2.1666610759861986,0.5325638218776944,0.0,0.0,0.0,1.3,a,,False,True
157,Estêvão,MID,6,CHE,6.5,3,ARS,False,0.533,1.0945759662726042,0.0,0.0,0.08270470470498494,0.0,0.0,0.0,1.0118712615676193,0.155295386782729,2.055295386782729,0.5325638218776944,0.0,0.0,0.0,1.3,a,,False,True
157,Estêvão,MID,6,CHE,6.5,4,HUL,True,0.533,1.206563930813556,0.0,0.0,0.19469266924593678,0.0,0.0,0.0,1.0118712615676193,0.3655762206292879,2.265576220629288,0.5325638218776944,0.0,0.0,0.0,1.3,a,,False,True
157,Estêvão,MID,6,CHE,6.5,5,BRE,False,0.533,1.113210933100498,0.0,0.0,0.10133967153287873,0.0,0.0,0.0,1.0118712615676193,0.19028643585961016,2.09028643585961,0.5325638218776944,0.0,0.0,0.0,1.3,a,,False,True
157,Estêvão,MID,6,CHE,6.5,6,BOU,True,0.533,1.1359398839321388,0.0,0.0,0.12406862236451946,0.0,0.0,0.0,1.0118712615676193,0.23296479645778936,2.1329647964577894,0.5325638218776944,0.0,0.0,0.0,1.3,a,,False,True
158,Gittens,MID,6,CHE,6.0,1,FUL,False,0.409,0.8797257989724201,0.0,0.0,0.1022480877401645,0.0,0.0,0.0,0.7774777112322556,0.24987387278074383,2.1498738727807436,0.4091987953853977,0.0,0.0,0.0,0.0,a,,False,True
158,Gittens,MID,6,CHE,6.0,2,BHA,True,0.409,0.8865951023019821,0.0,0.0,0.10911739106972651,0.0,0.0,0.0,0.7774777112322556,0.2666610759861987,2.1666610759861986,0.4091987953853977,0.0,0.0,0.0,0.0,a,,False,True
158,Gittens,MID,6,CHE,6.0,3,ARS,False,0.409,0.8410243964326577,0.0,0.0,0.06354668520040212,0.0,0.0,0.0,0.7774777112322556,0.155295386782729,2.055295386782729,0.4091987953853977,0.0,0.0,0.0,0.0,a,,False,True
158,Gittens,MID,6,CHE,6.0,4,HUL,True,0.409,0.9270710603353066,0.0,0.0,0.149593349103051,0.0,0.0,0.0,0.7774777112322556,0.3655762206292879,2.265576220629288,0.4091987953853977,0.0,0.0,0.0,0.0,a,,False,True
158,Gittens,MID,6,CHE,6.0,5,BRE,False,0.409,0.8553426915641889,0.0,0.0,0.07786498033193323,0.0,0.0,0.0,0.7774777112322556,0.19028643585961016,2.09028643585961,0.4091987953853977,0.0,0.0,0.0,0.0,a,,False,True
158,Gittens,MID,6,CHE,6.0,6,BOU,True,0.409,0.8728066253099874,0.0,0.0,0.09532891407773178,0.0,0.0,0.0,0.7774777112322556,0.23296479645778936,2.1329647964577894,0.4091987953853977,0.0,0.0,0.0,0.0,a,,False,True
159,Caicedo,MID,6,CHE,5.5,1,FUL,False,0.298,0.6410973031683438,0.0,0.0,0.07451296003926186,0.0,0.0,0.0,0.5665843431290819,0.24987387278074383,2.1498738727807436,0.29820228585741154,0.0,0.0,0.0,4.0,a,,False,True
159,Caicedo,MID,6,CHE,5.5,2,BHA,True,0.298,0.6461032855373633,0.0,0.0,0.07951894240828136,0.0,0.0,0.0,0.5665843431290819,0.2666610759861987,2.1666610759861986,0.29820228585741154,0.0,0.0,0.0,4.0,a,,False,True
159,Caicedo,MID,6,CHE,5.5,3,ARS,False,0.298,0.6128937824508025,0.0,0.0,0.046309439321720644,0.0,0.0,0.0,0.5665843431290819,0.155295386782729,2.055295386782729,0.29820228585741154,0.0,0.0,0.0,4.0,a,,False,True
159,Caicedo,MID,6,CHE,5.5,4,HUL,True,0.298,0.6756000077758489,0.0,0.0,0.10901566464676707,0.0,0.0,0.0,0.5665843431290819,0.3655762206292879,2.265576220629288,0.29820228585741154,0.0,0.0,0.0,4.0,a,,False,True
159,Caicedo,MID,6,CHE,5.5,5,BRE,False,0.298,0.6233281932700774,0.0,0.0,0.05674385014099548,0.0,0.0,0.0,0.5665843431290819,0.19028643585961016,2.09028643585961,0.29820228585741154,0.0,0.0,0.0,4.0,a,,False,True
159,Caicedo,MID,6,CHE,5.5,6,BOU,True,0.298,0.6360549779571013,0.0,0.0,0.0694706348280194,0.0,0.0,0.0,0.5665843431290819,0.23296479645778936,2.1329647964577894,0.29820228585741154,0.0,0.0,0.0,4.0,a,,False,True
161,Lavia,MID,6,CHE,5.0,1,FUL,False,0.153,0.3288083470301257,0.0,0.0,0.03821648149469441,0.0,0.0,0.0,0.29059186553543126,0.24987387278074383,2.1498738727807436,0.1529430871239112,0.0,0.0,0.0,0.1,a,,False,True
161,Lavia,MID,6,CHE,5.0,2,BHA,True,0.153,0.33137583371254437,0.0,0.0,0.04078396817711309,0.0,0.0,0.0,0.29059186553543126,0.2666610759861987,2.1666610759861986,0.1529430871239112,0.0,0.0,0.0,0.1,a,,False,True
161,Lavia,MID,6,CHE,5.0,3,ARS,False,0.153,0.3143432214060837,0.0,0.0,0.02375135587065241,0.0,0.0,0.0,0.29059186553543126,0.155295386782729,2.055295386782729,0.1529430871239112,0.0,0.0,0.0,0.1,a,,False,True
161,Lavia,MID,6,CHE,5.0,4,HUL,True,0.153,0.34650422129756664,0.0,0.0,0.05591235576213536,0.0,0.0,0.0,0.29059186553543126,0.3655762206292879,2.265576220629288,0.1529430871239112,0.0,0.0,0.0,0.1,a,,False,True
161,Lavia,MID,6,CHE,5.0,5,BRE,False,0.153,0.3196948604736062,0.0,0.0,0.029102994938174895,0.0,0.0,0.0,0.29059186553543126,0.19028643585961016,2.09028643585961,0.1529430871239112,0.0,0.0,0.0,0.1,a,,False,True
161,Lavia,MID,6,CHE,5.0,6,BOU,True,0.153,0.3262222206968792,0.0,0.0,0.03563035516144791,0.0,0.0,0.0,0.29059186553543126,0.23296479645778936,2.1329647964577894,0.1529430871239112,0.0,0.0,0.0,0.1,a,,False,True
163,D.Essugo,MID,6,CHE,4.5,1,FUL,False,0.041,0.08803388792581805,0.0,0.0,0.010231934436003788,0.0,0.0,0.0,0.07780195348981427,0.24987387278074383,2.1498738727807436,0.040948396573586454,0.0,0.0,0.0,0.2,a,,False,True
163,D.Essugo,MID,6,CHE,4.5,2,BHA,True,0.041,0.0887212969800364,0.0,0.0,0.010919343490222135,0.0,0.0,0.0,0.07780195348981427,0.2666610759861987,2.1666610759861986,0.040948396573586454,0.0,0.0,0.0,0.2,a,,False,True
163,D.Essugo,MID,6,CHE,4.5,3,ARS,False,0.041,0.08416105057384195,0.0,0.0,0.0063590970840276834,0.0,0.0,0.0,0.07780195348981427,0.155295386782729,2.055295386782729,0.040948396573586454,0.0,0.0,0.0,0.2,a,,False,True
163,D.Essugo,MID,6,CHE,4.5,4,HUL,True,0.041,0.09277171355001529,0.0,0.0,0.014969760060201018,0.0,0.0,0.0,0.07780195348981427,0.3655762206292879,2.265576220629288,0.040948396573586454,0.0,0.0,0.0,0.2,a,,False,True
163,D.Essugo,MID,6,CHE,4.5,5,BRE,False,0.041,0.08559387792796791,0.0,0.0,0.00779192443815364,0.0,0.0,0.0,0.07780195348981427,0.19028643585961016,2.09028643585961,0.040948396573586454,0.0,0.0,0.0,0.2,a,,False,True
163,D.Essugo,MID,6,CHE,4.5,6,BOU,True,0.041,0.08734148836285267,0.0,0.0,0.009539534873038408,0.0,0.0,0.0,0.07780195348981427,0.23296479645778936,2.1329647964577894,0.040948396573586454,0.0,0.0,0.0,0.2,a,,False,True
164,Quenda,MID,6,CHE,5.5,1,FUL,False,0.279,0.6005681243089552,0.0,0.0,0.06980236607817523,0.0,0.0,0.0,0.53076575823078,0.24987387278074383,2.1498738727807436,0.2793503990688316,0.0,0.0,0.0,0.0,a,,False,True
164,Quenda,MID,6,CHE,5.5,2,BHA,True,0.279,0.6052576362236486,0.0,0.0,0.07449187799286863,0.0,0.0,0.0,0.53076575823078,0.2666610759861987,2.1666610759861986,0.2793503990688316,0.0,0.0,0.0,0.0,a,,False,True
164,Quenda,MID,6,CHE,5.5,3,ARS,False,0.279,0.5741475865020839,0.0,0.0,0.0433818282713039,0.0,0.0,0.0,0.53076575823078,0.155295386782729,2.055295386782729,0.2793503990688316,0.0,0.0,0.0,0.0,a,,False,True
164,Quenda,MID,6,CHE,5.5,4,HUL,True,0.279,0.6328896213536468,0.0,0.0,0.1021238631228668,0.0,0.0,0.0,0.53076575823078,0.3655762206292879,2.265576220629288,0.2793503990688316,0.0,0.0,0.0,0.0,a,,False,True
164,Quenda,MID,6,CHE,5.5,5,BRE,False,0.279,0.5839223500255477,0.0,0.0,0.05315659179476772,0.0,0.0,0.0,0.53076575823078,0.19028643585961016,2.09028643585961,0.2793503990688316,0.0,0.0,0.0,0.0,a,,False,True
164,Quenda,MID,6,CHE,5.5,6,BOU,True,0.279,0.5958445670902526,0.0,0.0,0.06507880885947258,0.0,0.0,0.0,0.53076575823078,0.23296479645778936,2.1329647964577894,0.2793503990688316,0.0,0.0,0.0,0.0,a,,False,True
165,João Pedro,FWD,6,CHE,7.5,1,FUL,False,0.685,1.3009011271938704,0.0,0.0,0.0,0.0,0.0,0.0,1.3009011271938704,0.24987387278074383,1.9,0.6846848037862476,0.0,0.0,0.0,64.0,a,,False,True
165,João Pedro,FWD,6,CHE,7.5,2,BHA,True,0.685,1.3009011271938704,0.0,0.0,0.0,0.0,0.0,0.0,1.3009011271938704,0.2666610759861987,1.9,0.6846848037862476,0.0,0.0,0.0,64.0,a,,False,True
165,João Pedro,FWD,6,CHE,7.5,3,ARS,False,0.685,1.3009011271938704,0.0,0.0,0.0,0.0,0.0,0.0,1.3009011271938704,0.155295386782729,1.9,0.6846848037862476,0.0,0.0,0.0,64.0,a,,False,True
165,João Pedro,FWD,6,CHE,7.5,4,HUL,True,0.685,1.3009011271938704,0.0,0.0,0.0,0.0,0.0,0.0,1.3009011271938704,0.3655762206292879,1.9,0.6846848037862476,0.0,0.0,0.0,64.0,a,,False,True
165,João Pedro,FWD,6,CHE,7.5,5,BRE,False,0.685,1.3009011271938704,0.0,0.0,0.0,0.0,0.0,0.0,1.3009011271938704,0.19028643585961016,1.9,0.6846848037862476,0.0,0.0,0.0,64.0,a,,False,True
165,João Pedro,FWD,6,CHE,7.5,6,BOU,True,0.685,1.3009011271938704,0.0,0.0,0.0,0.0,0.0,0.0,1.3009011271938704,0.23296479645778936,1.9,0.6846848037862476,0.0,0.0,0.0,64.0,a,,False,True
166,N.Jackson,FWD,6,CHE,6.5,1,FUL,False,0.564,1.0723008094065167,0.0,0.0,0.0,0.0,0.0,0.0,1.0723008094065167,0.24987387278074383,1.9,0.5643688470560615,0.0,0.0,0.0,0.4,a,,False,True
166,N.Jackson,FWD,6,CHE,6.5,2,BHA,True,0.564,1.0723008094065167,0.0,0.0,0.0,0.0,0.0,0.0,1.0723008094065167,0.2666610759861987,1.9,0.5643688470560615,0.0,0.0,0.0,0.4,a,,False,True
166,N.Jackson,FWD,6,CHE,6.5,3,ARS,False,0.564,1.0723008094065167,0.0,0.0,0.0,0.0,0.0,0.0,1.0723008094065167,0.155295386782729,1.9,0.5643688470560615,0.0,0.0,0.0,0.4,a,,False,True
166,N.Jackson,FWD,6,CHE,6.5,4,HUL,True,0.564,1.0723008094065167,0.0,0.0,0.0,0.0,0.0,0.0,1.0723008094065167,0.3655762206292879,1.9,0.5643688470560615,0.0,0.0,0.0,0.4,a,,False,True
166,N.Jackson,FWD,6,CHE,6.5,5,BRE,False,0.564,1.0723008094065167,0.0,0.0,0.0,0.0,0.0,0.0,1.0723008094065167,0.19028643585961016,1.9,0.5643688470560615,0.0,0.0,0.0,0.4,a,,False,True
166,N.Jackson,FWD,6,CHE,6.5,6,BOU,True,0.564,1.0723008094065167,0.0,0.0,0.0,0.0,0.0,0.0,1.0723008094065167,0.23296479645778936,1.9,0.5643688470560615,0.0,0.0,0.0,0.4,a,,False,True
167,Delap,FWD,6,CHE,5.5,1,FUL,False,0.268,0.5090080171503236,0.0,0.0,0.0,0.0,0.0,0.0,0.5090080171503236,0.24987387278074383,1.9,0.2678989563949072,0.0,0.0,0.0,0.5,a,,False,True
167,Delap,FWD,6,CHE,5.5,2,BHA,True,0.268,0.5090080171503236,0.0,0.0,0.0,0.0,0.0,0.0,0.5090080171503236,0.2666610759861987,1.9,0.2678989563949072,0.0,0.0,0.0,0.5,a,,False,True
167,Delap,FWD,6,CHE,5.5,3,ARS,False,0.268,0.5090080171503236,0.0,0.0,0.0,0.0,0.0,0.0,0.5090080171503236,0.155295386782729,1.9,0.2678989563949072,0.0,0.0,0.0,0.5,a,,False,True
167,Delap,FWD,6,CHE,5.5,4,HUL,True,0.268,0.5090080171503236,0.0,0.0,0.0,0.0,0.0,0.0,0.5090080171503236,0.3655762206292879,1.9,0.2678989563949072,0.0,0.0,0.0,0.5,a,,False,True
167,Delap,FWD,6,CHE,5.5,5,BRE,False,0.268,0.5090080171503236,0.0,0.0,0.0,0.0,0.0,0.0,0.5090080171503236,0.19028643585961016,1.9,0.2678989563949072,0.0,0.0,0.0,0.5,a,,False,True
167,Delap,FWD,6,CHE,5.5,6,BOU,True,0.268,0.5090080171503236,0.0,0.0,0.0,0.0,0.0,0.0,0.5090080171503236,0.23296479645778936,1.9,0.2678989563949072,0.0,0.0,0.0,0.5,a,,False,True
168,Marc Guiu,FWD,6,CHE,5.0,1,FUL,False,0.152,0.28805243909312855,0.0,0.0,0.0,0.0,0.0,0.0,0.28805243909312855,0.24987387278074383,1.9,0.1516065468911203,0.0,0.0,0.0,0.5,a,,False,True
168,Marc Guiu,FWD,6,CHE,5.0,2,BHA,True,0.152,0.28805243909312855,0.0,0.0,0.0,0.0,0.0,0.0,0.28805243909312855,0.2666610759861987,1.9,0.1516065468911203,0.0,0.0,0.0,0.5,a,,False,True
168,Marc Guiu,FWD,6,CHE,5.0,3,ARS,False,0.152,0.28805243909312855,0.0,0.0,0.0,0.0,0.0,0.0,0.28805243909312855,0.155295386782729,1.9,0.1516065468911203,0.0,0.0,0.0,0.5,a,,False,True
168,Marc Guiu,FWD,6,CHE,5.0,4,HUL,True,0.152,0.28805243909312855,0.0,0.0,0.0,0.0,0.0,0.0,0.28805243909312855,0.3655762206292879,1.9,0.1516065468911203,0.0,0.0,0.0,0.5,a,,False,True
168,Marc Guiu,FWD,6,CHE,5.0,5,BRE,False,0.152,0.28805243909312855,0.0,0.0,0.0,0.0,0.0,0.0,0.28805243909312855,0.19028643585961016,1.9,0.1516065468911203,0.0,0.0,0.0,0.5,a,,False,True
168,Marc Guiu,FWD,6,CHE,5.0,6,BOU,True,0.152,0.28805243909312855,0.0,0.0,0.0,0.0,0.0,0.0,0.28805243909312855,0.23296479645778936,1.9,0.1516065468911203,0.0,0.0,0.0,0.5,a,,False,True
169,Mheuka,FWD,6,CHE,4.5,1,FUL,False,0.059,0.11303984575307005,0.0,0.0,0.0,0.0,0.0,0.0,0.11303984575307005,0.24987387278074383,1.9,0.05949465565951056,0.0,0.0,0.0,0.4,a,,False,True
169,Mheuka,FWD,6,CHE,4.5,2,BHA,True,0.059,0.11303984575307005,0.0,0.0,0.0,0.0,0.0,0.0,0.11303984575307005,0.2666610759861987,1.9,0.05949465565951056,0.0,0.0,0.0,0.4,a,,False,True
169,Mheuka,FWD,6,CHE,4.5,3,ARS,False,0.059,0.11303984575307005,0.0,0.0,0.0,0.0,0.0,0.0,0.11303984575307005,0.155295386782729,1.9,0.05949465565951056,0.0,0.0,0.0,0.4,a,,False,True
169,Mheuka,FWD,6,CHE,4.5,4,HUL,True,0.059,0.11303984575307005,0.0,0.0,0.0,0.0,0.0,0.0,0.11303984575307005,0.3655762206292879,1.9,0.05949465565951056,0.0,0.0,0.0,0.4,a,,False,True
169,Mheuka,FWD,6,CHE,4.5,5,BRE,False,0.059,0.11303984575307005,0.0,0.0,0.0,0.0,0.0,0.0,0.11303984575307005,0.19028643585961016,1.9,0.05949465565951056,0.0,0.0,0.0,0.4,a,,False,True
169,Mheuka,FWD,6,CHE,4.5,6,BOU,True,0.059,0.11303984575307005,0.0,0.0,0.0,0.0,0.0,0.0,0.11303984575307005,0.23296479645778936,1.9,0.05949465565951056,0.0,0.0,0.0,0.4,a,,False,True
170,Emegha,FWD,6,CHE,5.0,1,FUL,False,0.141,0.26876041320118405,0.0,0.0,0.0,0.0,0.0,0.0,0.26876041320118405,0.24987387278074383,1.9,0.14145284905325478,0.0,0.0,0.0,0.2,a,,False,True
170,Emegha,FWD,6,CHE,5.0,2,BHA,True,0.141,0.26876041320118405,0.0,0.0,0.0,0.0,0.0,0.0,0.26876041320118405,0.2666610759861987,1.9,0.14145284905325478,0.0,0.0,0.0,0.2,a,,False,True
170,Emegha,FWD,6,CHE,5.0,3,ARS,False,0.141,0.26876041320118405,0.0,0.0,0.0,0.0,0.0,0.0,0.26876041320118405,0.155295386782729,1.9,0.14145284905325478,0.0,0.0,0.0,0.2,a,,False,True
170,Emegha,FWD,6,CHE,5.0,4,HUL,True,0.141,0.26876041320118405,0.0,0.0,0.0,0.0,0.0,0.0,0.26876041320118405,0.3655762206292879,1.9,0.14145284905325478,0.0,0.0,0.0,0.2,a,,False,True
170,Emegha,FWD,6,CHE,5.0,5,BRE,False,0.141,0.26876041320118405,0.0,0.0,0.0,0.0,0.0,0.0,0.26876041320118405,0.19028643585961016,1.9,0.14145284905325478,0.0,0.0,0.0,0.2,a,,False,True
170,Emegha,FWD,6,CHE,5.0,6,BOU,True,0.141,0.26876041320118405,0.0,0.0,0.0,0.0,0.0,0.0,0.26876041320118405,0.23296479645778936,1.9,0.14145284905325478,0.0,0.0,0.0,0.2,a,,False,True
200,Lacroix,DEF,6,CHE,6.0,1,FUL,False,0.783,1.9113595221812891,0.0,0.0,0.7827726138291666,0.0,0.0,0.0,1.4880186849111328,0.24987387278074383,2.440549388908604,0.7831677289005963,0.0,0.0,0.0,9.1,a,,False,True
200,Lacroix,DEF,6,CHE,6.0,2,BHA,True,0.783,1.9876968251214855,0.0,0.0,0.8353613970652023,0.0,0.0,0.0,1.4880186849111328,0.2666610759861987,2.5380218716516785,0.7831677289005963,0.0,0.0,0.0,9.1,a,,False,True
200,Lacroix,DEF,6,CHE,6.0,3,ARS,False,0.783,1.436744958576585,0.0,0.0,0.4864893415014782,0.0,0.0,0.0,1.4880186849111328,0.155295386782729,1.8345303382118088,0.7831677289005963,0.0,0.0,0.0,9.1,a,,False,True
200,Lacroix,DEF,6,CHE,6.0,4,HUL,True,0.783,2.4088344086350695,0.0,0.0,1.145229993801211,0.0,0.0,0.0,1.4880186849111328,0.3655762206292879,3.0757580014393207,0.7831677289005963,0.0,0.0,0.0,9.1,a,,False,True
200,Lacroix,DEF,6,CHE,6.0,5,BRE,False,0.783,1.6232952042349458,0.0,0.0,0.5961047832510395,0.0,0.0,0.0,1.4880186849111328,0.19028643585961016,2.0727299457470147,0.7831677289005963,0.0,0.0,0.0,9.1,a,,False,True
200,Lacroix,DEF,6,CHE,6.0,6,BOU,True,0.783,1.8325725083548998,0.0,0.0,0.7298020422225463,0.0,0.0,0.0,1.4880186849111328,0.23296479645778936,2.339948954392501,0.7831677289005963,0.0,0.0,0.0,9.1,a,,False,True
560,Penders,GK,6,CHE,4.5,1,FUL,False,0.293,0.7157821723990961,0.0,0.0,0.29313934689887017,0.0,0.0,0.0,0.5572458946083688,0.24987387278074383,2.440549388908604,0.29328731295177307,0.0,0.0,0.0,0.1,a,,False,True
560,Penders,GK,6,CHE,4.5,2,BHA,True,0.293,0.7443696149495507,0.0,0.0,0.3128332417792832,0.0,0.0,0.0,0.5572458946083688,0.2666610759861987,2.5380218716516785,0.29328731295177307,0.0,0.0,0.0,0.1,a,,False,True
560,Penders,GK,6,CHE,4.5,3,ARS,False,0.293,0.5380444734226488,0.0,0.0,0.18218466681325154,0.0,0.0,0.0,0.5572458946083688,0.155295386782729,1.8345303382118088,0.29328731295177307,0.0,0.0,0.0,0.1,a,,False,True
560,Penders,GK,6,CHE,4.5,4,HUL,True,0.293,0.9020807995320541,0.0,0.0,0.42887546970971363,0.0,0.0,0.0,0.5572458946083688,0.3655762206292879,3.0757580014393207,0.29328731295177307,0.0,0.0,0.0,0.1,a,,False,True
560,Penders,GK,6,CHE,4.5,5,BRE,False,0.293,0.6079053962628164,0.0,0.0,0.2232343898577399,0.0,0.0,0.0,0.5572458946083688,0.19028643585961016,2.0727299457470147,0.29328731295177307,0.0,0.0,0.0,0.1,a,,False,True
560,Penders,GK,6,CHE,4.5,6,BOU,True,0.293,0.6862773412780876,0.0,0.0,0.27330247666184715,0.0,0.0,0.0,0.5572458946083688,0.23296479645778936,2.339948954392501,0.29328731295177307,0.0,0.0,0.0,0.1,a,,False,True
561,Anselmino,DEF,6,CHE,4.5,1,FUL,False,0.052,0.12661767534673327,0.0,0.0,0.05185463411667591,0.0,0.0,0.0,0.09857353604565897,0.24987387278074383,2.440549388908604,0.2075232337803347,0.0,0.0,0.0,0.0,d,Hamstring injury - 25% chance of playing,False,True
561,Anselmino,DEF,6,CHE,4.5,2,BHA,True,0.052,0.13167462655259346,0.0,0.0,0.05533836881199951,0.0,0.0,0.0,0.09857353604565897,0.2666610759861987,2.5380218716516785,0.2075232337803347,0.0,0.0,0.0,0.0,d,Hamstring injury - 25% chance of playing,False,True
561,Anselmino,DEF,6,CHE,4.5,3,ARS,False,0.145,0.266495367777692,0.0,0.0,0.09023672239769535,0.0,0.0,0.0,0.27600590092784516,0.155295386782729,1.8345303382118088,0.2075232337803347,0.0,0.0,0.0,0.0,d,Hamstring injury - 25% chance of playing,False,True
561,Anselmino,DEF,6,CHE,4.5,4,HUL,True,0.145,0.44680387274909905,0.0,0.0,0.2124235665949122,0.0,0.0,0.0,0.27600590092784516,0.3655762206292879,3.0757580014393207,0.2075232337803347,0.0,0.0,0.0,0.0,d,Hamstring injury - 25% chance of playing,False,True
561,Anselmino,DEF,6,CHE,4.5,5,BRE,False,0.145,0.3010977347663308,0.0,0.0,0.11056879823953752,0.0,0.0,0.0,0.27600590092784516,0.19028643585961016,2.0727299457470147,0.2075232337803347,0.0,0.0,0.0,0.0,d,Hamstring injury - 25% chance of playing,False,True
561,Anselmino,DEF,6,CHE,4.5,6,BOU,True,0.145,0.3399156417275113,0.0,0.0,0.13536770217011415,0.0,0.0,0.0,0.27600590092784516,0.23296479645778936,2.339948954392501,0.2075232337803347,0.0,0.0,0.0,0.0,d,Hamstring injury - 25% chance of playing,False,True
568,Barco,MID,6,CHE,5.5,1,FUL,False,0.273,0.5863101907878281,0.0,0.0,0.06814520604107674,0.0,0.0,0.0,0.5181649847467513,0.24987387278074383,2.1498738727807436,0.272718413024606,0.0,0.0,0.0,0.1,a,,False,True
568,Barco,MID,6,CHE,5.5,2,BHA,True,0.273,0.5908883702051413,0.0,0.0,0.07272338545838998,0.0,0.0,0.0,0.5181649847467513,0.2666610759861987,2.1666610759861986,0.272718413024606,0.0,0.0,0.0,0.1,a,,False,True
568,Barco,MID,6,CHE,5.5,3,ARS,False,0.273,0.5605168961801795,0.0,0.0,0.04235191143342822,0.0,0.0,0.0,0.5181649847467513,0.155295386782729,2.055295386782729,0.272718413024606,0.0,0.0,0.0,0.1,a,,False,True
568,Barco,MID,6,CHE,5.5,4,HUL,True,0.273,0.6178643514763039,0.0,0.0,0.09969936672955262,0.0,0.0,0.0,0.5181649847467513,0.3655762206292879,2.265576220629288,0.272718413024606,0.0,0.0,0.0,0.1,a,,False,True
568,Barco,MID,6,CHE,5.5,5,BRE,False,0.273,0.5700595995544927,0.0,0.0,0.05189461480774136,0.0,0.0,0.0,0.5181649847467513,0.19028643585961016,2.09028643585961,0.272718413024606,0.0,0.0,0.0,0.1,a,,False,True
568,Barco,MID,6,CHE,5.5,6,BOU,True,0.273,0.58169877432732,0.0,0.0,0.06353378958056867,0.0,0.0,0.0,0.5181649847467513,0.23296479645778936,2.1329647964577894,0.272718413024606,0.0,0.0,0.0,0.1,a,,False,True
578,Mudryk,MID,6,CHE,5.5,1,FUL,False,0.27,0.5815099001983032,0.0,0.0,0.06758728159012925,0.0,0.0,0.0,0.5139226186081739,0.24987387278074383,2.1498738727807436,0.27048558874114415,0.0,0.0,0.0,0.0,a,,False,True
578,Mudryk,MID,6,CHE,5.5,2,BHA,True,0.27,0.5860505967406479,0.0,0.0,0.07212797813247393,0.0,0.0,0.0,0.5139226186081739,0.2666610759861987,2.1666610759861986,0.27048558874114415,0.0,0.0,0.0,0.0,a,,False,True
578,Mudryk,MID,6,CHE,5.5,3,ARS,False,0.27,0.5559277827308841,0.0,0.0,0.042005164122710145,0.0,0.0,0.0,0.5139226186081739,0.155295386782729,2.055295386782729,0.27048558874114415,0.0,0.0,0.0,0.0,a,,False,True
578,Mudryk,MID,6,CHE,5.5,4,HUL,True,0.27,0.6128057178748493,0.0,0.0,0.09888309926667535,0.0,0.0,0.0,0.5139226186081739,0.3655762206292879,2.265576220629288,0.27048558874114415,0.0,0.0,0.0,0.0,a,,False,True
578,Mudryk,MID,6,CHE,5.5,5,BRE,False,0.27,0.5653923572411145,0.0,0.0,0.05146973863294062,0.0,0.0,0.0,0.5139226186081739,0.19028643585961016,2.09028643585961,0.27048558874114415,0.0,0.0,0.0,0.0,a,,False,True
578,Mudryk,MID,6,CHE,5.5,6,BOU,True,0.27,0.5769362387340199,0.0,0.0,0.06301362012584596,0.0,0.0,0.0,0.5139226186081739,0.23296479645778936,2.1329647964577894,0.27048558874114415,0.0,0.0,0.0,0.0,a,,False,True
583,Chavarria,DEF,6,CHE,5.0,1,FUL,False,0.319,0.7781751246017796,0.0,0.0,0.31869157488812677,0.0,0.0,0.0,0.6058196336705034,0.24987387278074383,2.440549388908604,0.3188524387739492,0.0,0.0,0.0,0.2,a,,False,True
583,Chavarria,DEF,6,CHE,5.0,2,BHA,True,0.319,0.8092544634377608,0.0,0.0,0.34010213761713937,0.0,0.0,0.0,0.6058196336705034,0.2666610759861987,2.5380218716516785,0.3188524387739492,0.0,0.0,0.0,0.2,a,,False,True
583,Chavarria,DEF,6,CHE,5.0,3,ARS,False,0.319,0.584944472343633,0.0,0.0,0.19806525122406743,0.0,0.0,0.0,0.6058196336705034,0.155295386782729,1.8345303382118088,0.3188524387739492,0.0,0.0,0.0,0.2,a,,False,True
583,Chavarria,DEF,6,CHE,5.0,4,HUL,True,0.319,0.9807129398374153,0.0,0.0,0.4662594780216471,0.0,0.0,0.0,0.6058196336705034,0.3655762206292879,3.0757580014393207,0.3188524387739492,0.0,0.0,0.0,0.2,a,,False,True
583,Chavarria,DEF,6,CHE,5.0,5,BRE,False,0.319,0.6608949981212311,0.0,0.0,0.24269317655775743,0.0,0.0,0.0,0.6058196336705034,0.19028643585961016,2.0727299457470147,0.3188524387739492,0.0,0.0,0.0,0.2,a,,False,True
583,Chavarria,DEF,6,CHE,5.0,6,BOU,True,0.319,0.7460984307146014,0.0,0.0,0.2971255739961713,0.0,0.0,0.0,0.6058196336705034,0.23296479645778936,2.339948954392501,0.3188524387739492,0.0,0.0,0.0,0.2,a,,False,True
104,Onyeka,MID,7,COV,5.0,1,ARS,False,0.32,0.6359962187266215,0.0,0.0,0.02838578235171185,0.0,0.0,0.0,0.6076104363749096,0.0887624425775574,1.9887624425775574,0.31979496651311035,0.0,0.0,0.0,0.2,a,,False,True
104,Onyeka,MID,7,COV,5.0,2,HUL,True,0.32,0.6940262744342991,0.0,0.0,0.0864158380593895,0.0,0.0,0.0,0.6076104363749096,0.27022263358809556,2.1702226335880956,0.31979496651311035,0.0,0.0,0.0,0.2,a,,False,True
104,Onyeka,MID,7,COV,5.0,3,MCI,False,0.32,0.6314340498454074,0.0,0.0,0.023823613470497787,0.0,0.0,0.0,0.6076104363749096,0.07449652422694124,1.9744965242269412,0.31979496651311035,0.0,0.0,0.0,0.2,a,,False,True
104,Onyeka,MID,7,COV,5.0,4,BHA,True,0.32,0.6649458088179527,0.0,0.0,0.05733537244304305,0.0,0.0,0.0,0.6076104363749096,0.17928791396625227,2.0792879139662523,0.31979496651311035,0.0,0.0,0.0,0.2,a,,False,True
104,Onyeka,MID,7,COV,5.0,5,NFO,False,0.32,0.661077926629537,0.0,0.0,0.05346749025462742,0.0,0.0,0.0,0.6076104363749096,0.16719303257837695,2.067193032578377,0.31979496651311035,0.0,0.0,0.0,0.2,a,,False,True
104,Onyeka,MID,7,COV,5.0,6,NEW,True,0.32,0.6640685805616913,0.0,0.0,0.05645814418678159,0.0,0.0,0.0,0.6076104363749096,0.17654481808257927,2.076544818082579,0.31979496651311035,0.0,0.0,0.0,0.2,a,,False,True
110,Rushworth,GK,7,COV,4.5,1,ARS,False,0.484,0.6271846588065118,0.0,0.0,0.171811812925243,0.0,0.0,0.0,0.9194272799352275,0.0887624425775574,1.296079502683804,0.48390909470275134,0.0,0.0,0.0,1.2,a,,False,True
110,Rushworth,GK,7,COV,4.5,2,HUL,True,0.484,1.238043017617246,0.0,0.0,0.5230527599512345,0.0,0.0,0.0,0.9194272799352275,0.27022263358809556,2.5584206438147916,0.48390909470275134,0.0,0.0,0.0,1.2,a,,False,True
110,Rushworth,GK,7,COV,4.5,3,MCI,False,0.484,0.55861997304404,0.0,0.0,0.14419818238864288,0.0,0.0,0.0,0.9194272799352275,0.07449652422694124,1.1543903166093228,0.48390909470275134,0.0,0.0,0.0,1.2,a,,False,True
110,Rushworth,GK,7,COV,4.5,4,BHA,True,0.484,0.9678468104723449,0.0,0.0,0.34703620855421563,0.0,0.0,0.0,0.9194272799352275,0.17928791396625227,2.0000591455443915,0.48390909470275134,0.0,0.0,0.0,1.2,a,,False,True
110,Rushworth,GK,7,COV,4.5,5,NFO,False,0.484,0.9280980785081161,0.0,0.0,0.32362491614244,0.0,0.0,0.0,0.9194272799352275,0.16719303257837695,1.917918238503483,0.48390909470275134,0.0,0.0,0.0,1.2,a,,False,True
110,Rushworth,GK,7,COV,4.5,6,NEW,True,0.484,0.9589356626463494,0.0,0.0,0.34172657237121146,0.0,0.0,0.0,0.9194272799352275,0.17654481808257927,1.9816442243876207,0.48390909470275134,0.0,0.0,0.0,1.2,a,,False,True
171,Dovin,GK,7,COV,4.0,1,ARS,False,0.154,0.20006463040257985,0.0,0.0,0.054805975192531366,0.0,0.0,0.0,0.29328663633502255,0.0887624425775574,1.296079502683804,0.1543613875447487,0.0,0.0,0.0,1.6,a,,False,True
171,Dovin,GK,7,COV,4.0,2,HUL,True,0.154,0.3949213605023806,0.0,0.0,0.1668477626666186,0.0,0.0,0.0,0.29328663633502255,0.27022263358809556,2.5584206438147916,0.1543613875447487,0.0,0.0,0.0,1.6,a,,False,True
171,Dovin,GK,7,COV,4.0,3,MCI,False,0.154,0.17819329104003687,0.0,0.0,0.04599754738772655,0.0,0.0,0.0,0.29328663633502255,0.07449652422694124,1.1543903166093228,0.1543613875447487,0.0,0.0,0.0,1.6,a,,False,True
171,Dovin,GK,7,COV,4.0,4,BHA,True,0.154,0.3087319048777968,0.0,0.0,0.11070052467933691,0.0,0.0,0.0,0.29328663633502255,0.17928791396625227,2.0000591455443915,0.1543613875447487,0.0,0.0,0.0,1.6,a,,False,True
171,Dovin,GK,7,COV,4.0,5,NFO,False,0.154,0.29605252049277797,0.0,0.0,0.10323259398645056,0.0,0.0,0.0,0.29328663633502255,0.16719303257837695,1.917918238503483,0.1543613875447487,0.0,0.0,0.0,1.6,a,,False,True
171,Dovin,GK,7,COV,4.0,6,NEW,True,0.154,0.3058893520965105,0.0,0.0,0.10900681233224871,0.0,0.0,0.0,0.29328663633502255,0.17654481808257927,1.9816442243876207,0.1543613875447487,0.0,0.0,0.0,1.6,a,,False,True
172,Wilson,GK,7,COV,4.5,1,ARS,False,0.376,0.4867688993383142,0.0,0.0,0.1333461300378232,0.0,0.0,0.0,0.7135834698625191,0.0887624425775574,1.296079502683804,0.3755702472960627,0.0,0.0,0.0,0.5,a,,False,True
172,Wilson,GK,7,COV,4.5,2,HUL,True,0.376,0.9608666738848732,0.0,0.0,0.40595032528669756,0.0,0.0,0.0,0.7135834698625191,0.27022263358809556,2.5584206438147916,0.3755702472960627,0.0,0.0,0.0,0.5,a,,False,True
172,Wilson,GK,7,COV,4.5,3,MCI,False,0.376,0.4335546566851435,0.0,0.0,0.11191471210643779,0.0,0.0,0.0,0.7135834698625191,0.07449652422694124,1.1543903166093228,0.3755702472960627,0.0,0.0,0.0,0.5,a,,False,True
172,Wilson,GK,7,COV,4.5,4,BHA,True,0.376,0.751162707898859,0.0,0.0,0.2693408247420023,0.0,0.0,0.0,0.7135834698625191,0.17928791396625227,2.0000591455443915,0.3755702472960627,0.0,0.0,0.0,0.5,a,,False,True
172,Wilson,GK,7,COV,4.5,5,NFO,False,0.376,0.7203130271283821,0.0,0.0,0.2511709143665588,0.0,0.0,0.0,0.7135834698625191,0.16719303257837695,1.917918238503483,0.3755702472960627,0.0,0.0,0.0,0.5,a,,False,True
172,Wilson,GK,7,COV,4.5,6,NEW,True,0.376,0.7442466114060731,0.0,0.0,0.26521992394445076,0.0,0.0,0.0,0.7135834698625191,0.17654481808257927,1.9816442243876207,0.3755702472960627,0.0,0.0,0.0,0.5,a,,False,True
173,Thomas,DEF,7,COV,4.0,1,ARS,False,0.474,0.6141180477588187,0.0,0.0,0.1682323278384024,0.0,0.0,0.0,0.9002721579390783,0.0887624425775574,1.296079502683804,0.4738274515468834,0.0,0.0,0.0,8.0,a,,False,True
173,Thomas,DEF,7,COV,4.0,2,HUL,True,0.474,1.2122499336436994,0.0,0.0,0.5121556072933383,0.0,0.0,0.0,0.9002721579390783,0.27022263358809556,2.5584206438147916,0.4738274515468834,0.0,0.0,0.0,8.0,a,,False,True
173,Thomas,DEF,7,COV,4.0,3,MCI,False,0.474,0.5469818218093951,0.0,0.0,0.1411939928942089,0.0,0.0,0.0,0.9002721579390783,0.07449652422694124,1.1543903166093228,0.4738274515468834,0.0,0.0,0.0,8.0,a,,False,True
173,Thomas,DEF,7,COV,4.0,4,BHA,True,0.474,0.9476829278763361,0.0,0.0,0.33980614147114474,0.0,0.0,0.0,0.9002721579390783,0.17928791396625227,2.0000591455443915,0.4738274515468834,0.0,0.0,0.0,8.0,a,,False,True
173,Thomas,DEF,7,COV,4.0,5,NFO,False,0.474,0.908762311225393,0.0,0.0,0.3168825941720296,0.0,0.0,0.0,0.9002721579390783,0.16719303257837695,1.917918238503483,0.4738274515468834,0.0,0.0,0.0,8.0,a,,False,True
173,Thomas,DEF,7,COV,4.0,6,NEW,True,0.474,0.9389574327141865,0.0,0.0,0.3346071249435067,0.0,0.0,0.0,0.9002721579390783,0.17654481808257927,1.9816442243876207,0.4738274515468834,0.0,0.0,0.0,8.0,a,,False,True
174,Kitching,DEF,7,COV,4.0,1,ARS,False,0.461,0.597890818561813,0.0,0.0,0.1637870187449108,0.0,0.0,0.0,0.8764836978866916,0.0887624425775574,1.296079502683804,0.46130720941404824,0.0,0.0,0.0,0.7,a,,False,True
174,Kitching,DEF,7,COV,4.0,2,HUL,True,0.461,1.1802178877054943,0.0,0.0,0.4986225960841569,0.0,0.0,0.0,0.8764836978866916,0.27022263358809556,2.5584206438147916,0.46130720941404824,0.0,0.0,0.0,0.7,a,,False,True
174,Kitching,DEF,7,COV,4.0,3,MCI,False,0.461,0.5325285755296463,0.0,0.0,0.1374631348087052,0.0,0.0,0.0,0.8764836978866916,0.07449652422694124,1.1543903166093228,0.46130720941404824,0.0,0.0,0.0,0.7,a,,False,True
174,Kitching,DEF,7,COV,4.0,4,BHA,True,0.461,0.922641703094129,0.0,0.0,0.3308272290937512,0.0,0.0,0.0,0.8764836978866916,0.17928791396625227,2.0000591455443915,0.46130720941404824,0.0,0.0,0.0,0.7,a,,False,True
174,Kitching,DEF,7,COV,4.0,5,NFO,False,0.461,0.8847495104883487,0.0,0.0,0.3085094051688125,0.0,0.0,0.0,0.8764836978866916,0.16719303257837695,1.917918238503483,0.46130720941404824,0.0,0.0,0.0,0.7,a,,False,True
174,Kitching,DEF,7,COV,4.0,6,NEW,True,0.461,0.9141467672037192,0.0,0.0,0.32576558946474177,0.0,0.0,0.0,0.8764836978866916,0.17654481808257927,1.9816442243876207,0.46130720941404824,0.0,0.0,0.0,0.7,a,,False,True
175,van Ewijk,DEF,7,COV,4.0,1,ARS,False,0.428,0.5543708866444802,0.0,0.0,0.15186510978857767,0.0,0.0,0.0,0.8126852422582291,0.0887624425775574,1.296079502683804,0.4277290748727522,0.0,0.0,0.0,13.6,a,,False,True
175,van Ewijk,DEF,7,COV,4.0,2,HUL,True,0.428,1.094310895114252,0.0,0.0,0.46232830829725924,0.0,0.0,0.0,0.8126852422582291,0.27022263358809556,2.5584206438147916,0.4277290748727522,0.0,0.0,0.0,13.6,a,,False,True
175,van Ewijk,DEF,7,COV,4.0,3,MCI,False,0.428,0.49376630216536915,0.0,0.0,0.1274573175553006,0.0,0.0,0.0,0.8126852422582291,0.07449652422694124,1.1543903166093228,0.4277290748727522,0.0,0.0,0.0,13.6,a,,False,True
175,van Ewijk,DEF,7,COV,4.0,4,BHA,True,0.428,0.8554834480144898,0.0,0.0,0.30674661430660266,0.0,0.0,0.0,0.8126852422582291,0.17928791396625227,2.0000591455443915,0.4277290748727522,0.0,0.0,0.0,13.6,a,,False,True
175,van Ewijk,DEF,7,COV,4.0,5,NFO,False,0.428,0.8203493938366733,0.0,0.0,0.2860532845996764,0.0,0.0,0.0,0.8126852422582291,0.16719303257837695,1.917918238503483,0.4277290748727522,0.0,0.0,0.0,13.6,a,,False,True
175,van Ewijk,DEF,7,COV,4.0,6,NEW,True,0.428,0.8476068508242496,0.0,0.0,0.30205340684815984,0.0,0.0,0.0,0.8126852422582291,0.17654481808257927,1.9816442243876207,0.4277290748727522,0.0,0.0,0.0,13.6,a,,False,True
176,Dasilva,DEF,7,COV,4.0,1,ARS,False,0.354,0.45927607476715726,0.0,0.0,0.1258147085247479,0.0,0.0,0.0,0.673280103767282,0.0887624425775574,1.296079502683804,0.3543579493512011,0.0,0.0,0.0,0.9,a,,False,True
176,Dasilva,DEF,7,COV,4.0,2,HUL,True,0.354,0.9065966929199892,0.0,0.0,0.3830221532262341,0.0,0.0,0.0,0.673280103767282,0.27022263358809556,2.5584206438147916,0.3543579493512011,0.0,0.0,0.0,0.9,a,,False,True
176,Dasilva,DEF,7,COV,4.0,3,MCI,False,0.354,0.40906738534456333,0.0,0.0,0.10559374223540387,0.0,0.0,0.0,0.673280103767282,0.07449652422694124,1.1543903166093228,0.3543579493512011,0.0,0.0,0.0,0.9,a,,False,True
176,Dasilva,DEF,7,COV,4.0,4,BHA,True,0.354,0.7087368573962259,0.0,0.0,0.25412839014614286,0.0,0.0,0.0,0.673280103767282,0.17928791396625227,2.0000591455443915,0.3543579493512011,0.0,0.0,0.0,0.9,a,,False,True
176,Dasilva,DEF,7,COV,4.0,5,NFO,False,0.354,0.679629574019362,0.0,0.0,0.23698472068112883,0.0,0.0,0.0,0.673280103767282,0.16719303257837695,1.917918238503483,0.3543579493512011,0.0,0.0,0.0,0.9,a,,False,True
176,Dasilva,DEF,7,COV,4.0,6,NEW,True,0.354,0.7022113836976486,0.0,0.0,0.2502402388172945,0.0,0.0,0.0,0.673280103767282,0.17654481808257927,1.9816442243876207,0.3543579493512011,0.0,0.0,0.0,0.9,a,,False,True
177,Kesler-Hayden,DEF,7,COV,4.0,1,ARS,False,0.247,0.32045497802271217,0.0,0.0,0.08778586969868249,0.0,0.0,0.0,0.469774004590283,0.0887624425775574,1.296079502683804,0.24724947610014897,0.0,0.0,0.0,0.1,a,,False,True
177,Kesler-Hayden,DEF,7,COV,4.0,2,HUL,True,0.247,0.6325681638270131,0.0,0.0,0.2672496183402366,0.0,0.0,0.0,0.469774004590283,0.27022263358809556,2.5584206438147916,0.24724947610014897,0.0,0.0,0.0,0.1,a,,False,True
177,Kesler-Hayden,DEF,7,COV,4.0,3,MCI,False,0.247,0.28542240099674016,0.0,0.0,0.0736769063455731,0.0,0.0,0.0,0.469774004590283,0.07449652422694124,1.1543903166093228,0.24724947610014897,0.0,0.0,0.0,0.1,a,,False,True
177,Kesler-Hayden,DEF,7,COV,4.0,4,BHA,True,0.247,0.4945135759051624,0.0,0.0,0.17731537119697782,0.0,0.0,0.0,0.469774004590283,0.17928791396625227,2.0000591455443915,0.24724947610014897,0.0,0.0,0.0,0.1,a,,False,True
177,Kesler-Hayden,DEF,7,COV,4.0,5,NFO,False,0.247,0.47420427967290674,0.0,0.0,0.16535355885039535,0.0,0.0,0.0,0.469774004590283,0.16719303257837695,1.917918238503483,0.24724947610014897,0.0,0.0,0.0,0.1,a,,False,True
177,Kesler-Hayden,DEF,7,COV,4.0,6,NEW,True,0.247,0.4899604962967252,0.0,0.0,0.17460245511645534,0.0,0.0,0.0,0.469774004590283,0.17654481808257927,1.9816442243876207,0.24724947610014897,0.0,0.0,0.0,0.1,a,,False,True
178,Bidwell,DEF,7,COV,4.0,1,ARS,False,0.157,0.20299297796445714,0.0,0.0,0.05560817068060145,0.0,0.0,0.0,0.2975794751277399,0.0887624425775574,1.296079502683804,0.15662077638302102,0.0,0.0,0.0,0.1,a,,False,True
178,Bidwell,DEF,7,COV,4.0,2,HUL,True,0.157,0.40070182754862116,0.0,0.0,0.16928991467532856,0.0,0.0,0.0,0.2975794751277399,0.27022263358809556,2.5584206438147916,0.15662077638302102,0.0,0.0,0.0,0.1,a,,False,True
178,Bidwell,DEF,7,COV,4.0,3,MCI,False,0.157,0.18080150763639358,0.0,0.0,0.04667081384904029,0.0,0.0,0.0,0.2975794751277399,0.07449652422694124,1.1543903166093228,0.15662077638302102,0.0,0.0,0.0,0.1,a,,False,True
178,Bidwell,DEF,7,COV,4.0,4,BHA,True,0.157,0.3132508161871242,0.0,0.0,0.11232084912594684,0.0,0.0,0.0,0.2975794751277399,0.17928791396625227,2.0000591455443915,0.15662077638302102,0.0,0.0,0.0,0.1,a,,False,True
178,Bidwell,DEF,7,COV,4.0,5,NFO,False,0.157,0.30038584355357156,0.0,0.0,0.1047436102730285,0.0,0.0,0.0,0.2975794751277399,0.16719303257837695,1.917918238503483,0.15662077638302102,0.0,0.0,0.0,0.1,a,,False,True
178,Bidwell,DEF,7,COV,4.0,6,NEW,True,0.157,0.31036665693851867,0.0,0.0,0.11060234589797109,0.0,0.0,0.0,0.2975794751277399,0.17654481808257927,1.9816442243876207,0.15662077638302102,0.0,0.0,0.0,0.1,a,,False,True
179,Latibeaudiere,DEF,7,COV,4.0,1,ARS,False,0.109,0.141401257788204,0.0,0.0,0.038735651628870375,0.0,0.0,0.0,0.2072885106517508,0.0887624425775574,1.296079502683804,0.10909921613250043,0.0,0.0,0.0,0.0,a,,False,True
179,Latibeaudiere,DEF,7,COV,4.0,2,HUL,True,0.109,0.27912168677740085,0.0,0.0,0.11792431002288442,0.0,0.0,0.0,0.2072885106517508,0.27022263358809556,2.5584206438147916,0.10909921613250043,0.0,0.0,0.0,0.0,a,,False,True
179,Latibeaudiere,DEF,7,COV,4.0,3,MCI,False,0.109,0.12594307865302612,0.0,0.0,0.03251004959102047,0.0,0.0,0.0,0.2072885106517508,0.07449652422694124,1.1543903166093228,0.10909921613250043,0.0,0.0,0.0,0.0,a,,False,True
179,Latibeaudiere,DEF,7,COV,4.0,4,BHA,True,0.109,0.21820488499753168,0.0,0.0,0.07824068350299719,0.0,0.0,0.0,0.2072885106517508,0.17928791396625227,2.0000591455443915,0.10909921613250043,0.0,0.0,0.0,0.0,a,,False,True
179,Latibeaudiere,DEF,7,COV,4.0,5,NFO,False,0.109,0.209243376426956,0.0,0.0,0.07296251518846612,0.0,0.0,0.0,0.2072885106517508,0.16719303257837695,1.917918238503483,0.10909921613250043,0.0,0.0,0.0,0.0,a,,False,True
179,Latibeaudiere,DEF,7,COV,4.0,6,NEW,True,0.109,0.2161958315341862,0.0,0.0,0.07704360506025713,0.0,0.0,0.0,0.2072885106517508,0.17654481808257927,1.9816442243876207,0.10909921613250043,0.0,0.0,0.0,0.0,a,,False,True
180,Woolfenden,DEF,7,COV,4.0,1,ARS,False,0.09,0.11696771373460987,0.0,0.0,0.032042293554670594,0.0,0.0,0.0,0.17146992575344883,0.0887624425775574,1.296079502683804,0.09024732934392043,0.0,0.0,0.0,0.2,a,,False,True
180,Woolfenden,DEF,7,COV,4.0,2,HUL,True,0.09,0.23089063044263847,0.0,0.0,0.09754748403842559,0.0,0.0,0.0,0.17146992575344883,0.27022263358809556,2.5584206438147916,0.09024732934392043,0.0,0.0,0.0,0.2,a,,False,True
180,Woolfenden,DEF,7,COV,4.0,3,MCI,False,0.09,0.10418064309447414,0.0,0.0,0.026892449427544454,0.0,0.0,0.0,0.17146992575344883,0.07449652422694124,1.1543903166093228,0.09024732934392043,0.0,0.0,0.0,0.2,a,,False,True
180,Woolfenden,DEF,7,COV,4.0,4,BHA,True,0.09,0.1804999964152648,0.0,0.0,0.06472102167638737,0.0,0.0,0.0,0.17146992575344883,0.17928791396625227,2.0000591455443915,0.09024732934392043,0.0,0.0,0.0,0.2,a,,False,True
180,Woolfenden,DEF,7,COV,4.0,5,NFO,False,0.09,0.1730869989249356,0.0,0.0,0.06035489870043841,0.0,0.0,0.0,0.17146992575344883,0.16719303257837695,1.917918238503483,0.09024732934392043,0.0,0.0,0.0,0.2,a,,False,True
180,Woolfenden,DEF,7,COV,4.0,6,NEW,True,0.09,0.17883809896078737,0.0,0.0,0.06373079336584421,0.0,0.0,0.0,0.17146992575344883,0.17654481808257927,1.9816442243876207,0.09024732934392043,0.0,0.0,0.0,0.2,a,,False,True
181,Brau,DEF,7,COV,4.0,1,ARS,False,0.084,0.108372132560604,0.0,0.0,0.029687608432967645,0.0,0.0,0.0,0.15886915226942017,0.0887624425775574,1.296079502683804,0.08361534329969483,0.0,0.0,0.0,0.0,a,,False,True
181,Brau,DEF,7,COV,4.0,2,HUL,True,0.084,0.2139232204376001,0.0,0.0,0.09037903309926504,0.0,0.0,0.0,0.15886915226942017,0.27022263358809556,2.5584206438147916,0.08361534329969483,0.0,0.0,0.0,0.0,a,,False,True
181,Brau,DEF,7,COV,4.0,3,MCI,False,0.084,0.09652474262513193,0.0,0.0,0.024916209791478898,0.0,0.0,0.0,0.15886915226942017,0.07449652422694124,1.1543903166093228,0.08361534329969483,0.0,0.0,0.0,0.0,a,,False,True
181,Brau,DEF,7,COV,4.0,4,BHA,True,0.084,0.1672356320743886,0.0,0.0,0.05996488190309734,0.0,0.0,0.0,0.15886915226942017,0.17928791396625227,2.0000591455443915,0.08361534329969483,0.0,0.0,0.0,0.0,a,,False,True
181,Brau,DEF,7,COV,4.0,5,NFO,False,0.084,0.16036739193321473,0.0,0.0,0.055919611265432205,0.0,0.0,0.0,0.15886915226942017,0.16719303257837695,1.917918238503483,0.08361534329969483,0.0,0.0,0.0,0.0,a,,False,True
181,Brau,DEF,7,COV,4.0,6,NEW,True,0.084,0.1656958621200284,0.0,0.0,0.05904742228702815,0.0,0.0,0.0,0.15886915226942017,0.17654481808257927,1.9816442243876207,0.08361534329969483,0.0,0.0,0.0,0.0,a,,False,True
182,Amenda,DEF,7,COV,4.0,1,ARS,False,0.081,0.10547821477371445,0.0,0.0,0.028894844683981416,0.0,0.0,0.0,0.15462678613084266,0.0887624425775574,1.296079502683804,0.08138251901623299,0.0,0.0,0.0,0.9,a,,False,True
182,Amenda,DEF,7,COV,4.0,2,HUL,True,0.081,0.20821071669678032,0.0,0.0,0.08796559446639898,0.0,0.0,0.0,0.15462678613084266,0.27022263358809556,2.5584206438147916,0.08138251901623299,0.0,0.0,0.0,0.9,a,,False,True
182,Amenda,DEF,7,COV,4.0,3,MCI,False,0.081,0.09394719189361342,0.0,0.0,0.024250859198169227,0.0,0.0,0.0,0.15462678613084266,0.07449652422694124,1.1543903166093228,0.08138251901623299,0.0,0.0,0.0,0.9,a,,False,True
182,Amenda,DEF,7,COV,4.0,4,BHA,True,0.081,0.16276985144585712,0.0,0.0,0.058363608270957074,0.0,0.0,0.0,0.15462678613084266,0.17928791396625227,2.0000591455443915,0.08138251901623299,0.0,0.0,0.0,0.9,a,,False,True
182,Amenda,DEF,7,COV,4.0,5,NFO,False,0.081,0.15608501751658976,0.0,0.0,0.05442636061276569,0.0,0.0,0.0,0.15462678613084266,0.16719303257837695,1.917918238503483,0.08138251901623299,0.0,0.0,0.0,0.9,a,,False,True
182,Amenda,DEF,7,COV,4.0,6,NEW,True,0.081,0.1612711987746338,0.0,0.0,0.057470648059291606,0.0,0.0,0.0,0.15462678613084266,0.17654481808257927,1.9816442243876207,0.08138251901623299,0.0,0.0,0.0,0.9,a,,False,True
183,Rudoni,MID,7,COV,5.0,1,ARS,False,0.229,0.4557572645095581,0.0,0.0,0.02034135759719159,0.0,0.0,0.0,0.43541590691236653,0.0887624425775574,1.9887624425775574,0.2291662667959824,0.0,0.0,0.0,0.1,a,,False,True
183,Rudoni,MID,7,COV,5.0,2,HUL,True,0.229,0.49734181905552904,0.0,0.0,0.0619259121431625,0.0,0.0,0.0,0.43541590691236653,0.27022263358809556,2.1702226335880956,0.2291662667959824,0.0,0.0,0.0,0.1,a,,False,True
183,Rudoni,MID,7,COV,5.0,3,MCI,False,0.229,0.4524879972587311,0.0,0.0,0.01707209034636458,0.0,0.0,0.0,0.43541590691236653,0.07449652422694124,1.9744965242269412,0.2291662667959824,0.0,0.0,0.0,0.1,a,,False,True
183,Rudoni,MID,7,COV,5.0,4,BHA,True,0.229,0.4765026488376518,0.0,0.0,0.0410867419252853,0.0,0.0,0.0,0.43541590691236653,0.17928791396625227,2.0792879139662523,0.2291662667959824,0.0,0.0,0.0,0.1,a,,False,True
183,Rudoni,MID,7,COV,5.0,5,NFO,False,0.229,0.4737309100226522,0.0,0.0,0.03831500311028571,0.0,0.0,0.0,0.43541590691236653,0.16719303257837695,2.067193032578377,0.2291662667959824,0.0,0.0,0.0,0.1,a,,False,True
183,Rudoni,MID,7,COV,5.0,6,NEW,True,0.229,0.4758740237945271,0.0,0.0,0.04045811688216054,0.0,0.0,0.0,0.43541590691236653,0.17654481808257927,2.076544818082579,0.2291662667959824,0.0,0.0,0.0,0.1,a,,False,True
184,Grimes,MID,7,COV,5.0,1,ARS,False,0.182,0.3612481702706363,0.0,0.0,0.016123227834258822,0.0,0.0,0.0,0.3451249424363775,0.0887624425775574,1.9887624425775574,0.18164470654546183,0.0,0.0,0.0,0.2,a,,False,True
184,Grimes,MID,7,COV,5.0,2,HUL,True,0.182,0.39420945341642893,0.0,0.0,0.049084510980051475,0.0,0.0,0.0,0.3451249424363775,0.27022263358809556,2.1702226335880956,0.18164470654546183,0.0,0.0,0.0,0.2,a,,False,True
184,Grimes,MID,7,COV,5.0,3,MCI,False,0.182,0.3586568417182371,0.0,0.0,0.01353189928185963,0.0,0.0,0.0,0.3451249424363775,0.07449652422694124,1.9744965242269412,0.18164470654546183,0.0,0.0,0.0,0.2,a,,False,True
184,Grimes,MID,7,COV,5.0,4,BHA,True,0.182,0.3776916429559254,0.0,0.0,0.0325667005195479,0.0,0.0,0.0,0.3451249424363775,0.17928791396625227,2.0792879139662523,0.18164470654546183,0.0,0.0,0.0,0.2,a,,False,True
184,Grimes,MID,7,COV,5.0,5,NFO,False,0.182,0.3754946717755226,0.0,0.0,0.03036972933914512,0.0,0.0,0.0,0.3451249424363775,0.16719303257837695,2.067193032578377,0.18164470654546183,0.0,0.0,0.0,0.2,a,,False,True
184,Grimes,MID,7,COV,5.0,6,NEW,True,0.182,0.3771933741091095,0.0,0.0,0.03206843167273205,0.0,0.0,0.0,0.3451249424363775,0.17654481808257927,2.076544818082579,0.18164470654546183,0.0,0.0,0.0,0.2,a,,False,True
185,Sakamoto,MID,7,COV,5.0,1,ARS,False,0.163,0.3237562458537844,0.0,0.0,0.014449888315708877,0.0,0.0,0.0,0.3093063575380755,0.0887624425775574,1.9887624425775574,0.16279281975688184,0.0,0.0,0.0,0.1,a,,False,True
185,Sakamoto,MID,7,COV,5.0,2,HUL,True,0.163,0.35329666202201226,0.0,0.0,0.04399030448393677,0.0,0.0,0.0,0.3093063575380755,0.27022263358809556,2.1702226335880956,0.16279281975688184,0.0,0.0,0.0,0.1,a,,False,True
185,Sakamoto,MID,7,COV,5.0,3,MCI,False,0.163,0.3214338567790661,0.0,0.0,0.012127499240990627,0.0,0.0,0.0,0.3093063575380755,0.07449652422694124,1.9744965242269412,0.16279281975688184,0.0,0.0,0.0,0.1,a,,False,True
185,Sakamoto,MID,7,COV,5.0,4,BHA,True,0.163,0.33849314260097096,0.0,0.0,0.029186785062895442,0.0,0.0,0.0,0.3093063575380755,0.17928791396625227,2.0792879139662523,0.16279281975688184,0.0,0.0,0.0,0.1,a,,False,True
185,Sakamoto,MID,7,COV,5.0,5,NFO,False,0.163,0.3365241827552137,0.0,0.0,0.02721782521713819,0.0,0.0,0.0,0.3093063575380755,0.16719303257837695,2.067193032578377,0.16279281975688184,0.0,0.0,0.0,0.1,a,,False,True
185,Sakamoto,MID,7,COV,5.0,6,NEW,True,0.163,0.3380465862872043,0.0,0.0,0.02874022874912882,0.0,0.0,0.0,0.3093063575380755,0.17654481808257927,2.076544818082579,0.16279281975688184,0.0,0.0,0.0,0.1,a,,False,True
186,Mason-Clark,MID,7,COV,5.5,1,ARS,False,0.663,1.3184113227437073,0.0,0.0,0.05884333232729786,0.0,0.0,0.0,1.2595679904164094,0.0887624425775574,1.9887624425775574,0.6629305212717945,0.0,0.0,0.0,0.1,a,,False,True
186,Mason-Clark,MID,7,COV,5.5,2,HUL,True,0.663,1.4387068217604027,0.0,0.0,0.17913883134399333,0.0,0.0,0.0,1.2595679904164094,0.27022263358809556,2.1702226335880956,0.6629305212717945,0.0,0.0,0.0,0.1,a,,False,True
186,Mason-Clark,MID,7,COV,5.5,3,MCI,False,0.663,1.3089540100551125,0.0,0.0,0.049386019638703024,0.0,0.0,0.0,1.2595679904164094,0.07449652422694124,1.9744965242269412,0.6629305212717945,0.0,0.0,0.0,0.1,a,,False,True
186,Mason-Clark,MID,7,COV,5.5,4,BHA,True,0.663,1.3784234206797896,0.0,0.0,0.11885543026338026,0.0,0.0,0.0,1.2595679904164094,0.17928791396625227,2.0792879139662523,0.6629305212717945,0.0,0.0,0.0,0.1,a,,False,True
186,Mason-Clark,MID,7,COV,5.5,5,NFO,False,0.663,1.370405354656605,0.0,0.0,0.11083736424019555,0.0,0.0,0.0,1.2595679904164094,0.16719303257837695,2.067193032578377,0.6629305212717945,0.0,0.0,0.0,0.1,a,,False,True
186,Mason-Clark,MID,7,COV,5.5,6,NEW,True,0.663,1.3766049386957278,0.0,0.0,0.11703694827931842,0.0,0.0,0.0,1.2595679904164094,0.17654481808257927,2.076544818082579,0.6629305212717945,0.0,0.0,0.0,0.1,a,,False,True
187,Eccles,MID,7,COV,5.0,1,ARS,False,0.156,0.31056680108933,0.0,0.0,0.01386121703528314,0.0,0.0,0.0,0.29670558405404684,0.0887624425775574,1.9887624425775574,0.15616083371265624,0.0,0.0,0.0,0.0,a,,False,True
187,Eccles,MID,7,COV,5.0,2,HUL,True,0.156,0.3389037758031935,0.0,0.0,0.04219819174914663,0.0,0.0,0.0,0.29670558405404684,0.27022263358809556,2.1702226335880956,0.15616083371265624,0.0,0.0,0.0,0.0,a,,False,True
187,Eccles,MID,7,COV,5.0,3,MCI,False,0.156,0.3083390233860211,0.0,0.0,0.011633439331974237,0.0,0.0,0.0,0.29670558405404684,0.07449652422694124,1.9744965242269412,0.15616083371265624,0.0,0.0,0.0,0.0,a,,False,True
187,Eccles,MID,7,COV,5.0,4,BHA,True,0.156,0.3247033341736198,0.0,0.0,0.027997750119572937,0.0,0.0,0.0,0.29670558405404684,0.17928791396625227,2.0792879139662523,0.15616083371265624,0.0,0.0,0.0,0.0,a,,False,True
187,Eccles,MID,7,COV,5.0,5,NFO,False,0.156,0.32281458741243346,0.0,0.0,0.02610900335838664,0.0,0.0,0.0,0.29670558405404684,0.16719303257837695,2.067193032578377,0.15616083371265624,0.0,0.0,0.0,0.0,a,,False,True
187,Eccles,MID,7,COV,5.0,6,NEW,True,0.156,0.32427497003347167,0.0,0.0,0.027569385979424807,0.0,0.0,0.0,0.29670558405404684,0.17654481808257927,2.076544818082579,0.15616083371265624,0.0,0.0,0.0,0.0,a,,False,True
188,Torp,MID,7,COV,5.5,1,ARS,False,0.65,1.2935115354179478,0.0,0.0,0.057732005053924965,0.0,0.0,0.0,1.2357795303640229,0.0887624425775574,1.9887624425775574,0.6504102791389594,0.0,0.0,0.0,0.2,a,,False,True
188,Torp,MID,7,COV,5.5,2,HUL,True,0.65,1.4115351089057209,0.0,0.0,0.175755578541698,0.0,0.0,0.0,1.2357795303640229,0.27022263358809556,2.1702226335880956,0.6504102791389594,0.0,0.0,0.0,0.2,a,,False,True
188,Torp,MID,7,COV,5.5,3,MCI,False,0.65,1.28423283548135,0.0,0.0,0.0484533051173271,0.0,0.0,0.0,1.2357795303640229,0.07449652422694124,1.9744965242269412,0.6504102791389594,0.0,0.0,0.0,0.2,a,,False,True
188,Torp,MID,7,COV,5.5,4,BHA,True,0.65,1.3523902325330548,0.0,0.0,0.11661070216903188,0.0,0.0,0.0,1.2357795303640229,0.17928791396625227,2.0792879139662523,0.6504102791389594,0.0,0.0,0.0,0.2,a,,False,True
188,Torp,MID,7,COV,5.5,5,NFO,False,0.65,1.3445235973534142,0.0,0.0,0.10874406698939129,0.0,0.0,0.0,1.2357795303640229,0.16719303257837695,2.067193032578377,0.6504102791389594,0.0,0.0,0.0,0.2,a,,False,True
188,Torp,MID,7,COV,5.5,6,NEW,True,0.65,1.35060609477365,0.0,0.0,0.1148265644096272,0.0,0.0,0.0,1.2357795303640229,0.17654481808257927,2.076544818082579,0.6504102791389594,0.0,0.0,0.0,0.2,a,,False,True
189,Shepherd,MID,7,COV,4.5,1,ARS,False,0.041,0.08208277583243284,0.0,0.0,0.0036635183370568422,0.0,0.0,0.0,0.078419257495376,0.0887624425775574,1.9887624425775574,0.04127329341861895,0.0,0.0,0.0,0.3,a,,False,True
189,Shepherd,MID,7,COV,4.5,2,HUL,True,0.041,0.08957223553980942,0.0,0.0,0.011152978044433423,0.0,0.0,0.0,0.078419257495376,0.27022263358809556,2.1702226335880956,0.04127329341861895,0.0,0.0,0.0,0.3,a,,False,True
189,Shepherd,MID,7,COV,4.5,3,MCI,False,0.041,0.0814939743984618,0.0,0.0,0.003074716903085801,0.0,0.0,0.0,0.078419257495376,0.07449652422694124,1.9744965242269412,0.04127329341861895,0.0,0.0,0.0,0.3,a,,False,True
189,Shepherd,MID,7,COV,4.5,4,BHA,True,0.041,0.08581906017491724,0.0,0.0,0.00739980267954124,0.0,0.0,0.0,0.078419257495376,0.17928791396625227,2.0792879139662523,0.04127329341861895,0.0,0.0,0.0,0.3,a,,False,True
189,Shepherd,MID,7,COV,4.5,5,NFO,False,0.041,0.08531986458653207,0.0,0.0,0.006900607091156068,0.0,0.0,0.0,0.078419257495376,0.16719303257837695,2.067193032578377,0.04127329341861895,0.0,0.0,0.0,0.3,a,,False,True
189,Shepherd,MID,7,COV,4.5,6,NEW,True,0.041,0.08570584357363499,0.0,0.0,0.0072865860782589985,0.0,0.0,0.0,0.078419257495376,0.17654481808257927,2.076544818082579,0.04127329341861895,0.0,0.0,0.0,0.3,a,,False,True
190,Tchaouna,MID,7,COV,5.5,1,ARS,False,0.617,1.2267326025504017,0.0,0.0,0.05475152781484167,0.0,0.0,0.0,1.1719810747355601,0.0887624425775574,1.9887624425775574,0.6168321445976632,0.0,0.0,0.0,0.2,a,,False,True
190,Tchaouna,MID,7,COV,5.5,2,HUL,True,0.617,1.3386630813305336,0.0,0.0,0.16668200659497354,0.0,0.0,0.0,1.1719810747355601,0.27022263358809556,2.1702226335880956,0.6168321445976632,0.0,0.0,0.0,0.2,a,,False,True
190,Tchaouna,MID,7,COV,5.5,3,MCI,False,0.617,1.2179329255395361,0.0,0.0,0.04595185080397594,0.0,0.0,0.0,1.1719810747355601,0.07449652422694124,1.9744965242269412,0.6168321445976632,0.0,0.0,0.0,0.2,a,,False,True
190,Tchaouna,MID,7,COV,5.5,4,BHA,True,0.617,1.2825716232078048,0.0,0.0,0.11059054847224473,0.0,0.0,0.0,1.1719810747355601,0.17928791396625227,2.0792879139662523,0.6168321445976632,0.0,0.0,0.0,0.2,a,,False,True
190,Tchaouna,MID,7,COV,5.5,5,NFO,False,0.617,1.2751111115826674,0.0,0.0,0.10313003684710723,0.0,0.0,0.0,1.1719810747355601,0.16719303257837695,2.067193032578377,0.6168321445976632,0.0,0.0,0.0,0.2,a,,False,True
190,Tchaouna,MID,7,COV,5.5,6,NEW,True,0.617,1.2808795934910417,0.0,0.0,0.10889851875548169,0.0,0.0,0.0,1.1719810747355601,0.17654481808257927,2.076544818082579,0.6168321445976632,0.0,0.0,0.0,0.2,a,,False,True
191,Borges Rodrigues,MID,7,COV,4.5,1,ARS,False,0.041,0.08159675719049833,0.0,0.0,0.0036418263537044103,0.0,0.0,0.0,0.07795493083679392,0.0887624425775574,1.9887624425775574,0.041028910966733646,0.0,0.0,0.0,0.2,a,,False,True
191,Borges Rodrigues,MID,7,COV,4.5,2,HUL,True,0.041,0.08904187121147618,0.0,0.0,0.011086940374682261,0.0,0.0,0.0,0.07795493083679392,0.27022263358809556,2.1702226335880956,0.041028910966733646,0.0,0.0,0.0,0.2,a,,False,True
191,Borges Rodrigues,MID,7,COV,4.5,3,MCI,False,0.041,0.0810114420966322,0.0,0.0,0.003056511259838288,0.0,0.0,0.0,0.07795493083679392,0.07449652422694124,1.9744965242269412,0.041028910966733646,0.0,0.0,0.0,0.2,a,,False,True
191,Borges Rodrigues,MID,7,COV,4.5,4,BHA,True,0.041,0.08531091869632668,0.0,0.0,0.007355987859532766,0.0,0.0,0.0,0.07795493083679392,0.17928791396625227,2.0792879139662523,0.041028910966733646,0.0,0.0,0.0,0.2,a,,False,True
191,Borges Rodrigues,MID,7,COV,4.5,5,NFO,False,0.041,0.08481467888471034,0.0,0.0,0.006859748047916426,0.0,0.0,0.0,0.07795493083679392,0.16719303257837695,2.067193032578377,0.041028910966733646,0.0,0.0,0.0,0.2,a,,False,True
191,Borges Rodrigues,MID,7,COV,4.5,6,NEW,True,0.041,0.08519837245954225,0.0,0.0,0.007243441622748333,0.0,0.0,0.0,0.07795493083679392,0.17654481808257927,2.076544818082579,0.041028910966733646,0.0,0.0,0.0,0.2,a,,False,True
192,Andrews,MID,7,COV,4.5,1,ARS,False,0.041,0.08143663318932028,0.0,0.0,0.003634679699506016,0.0,0.0,0.0,0.07780195348981427,0.0887624425775574,1.9887624425775574,0.040948396573586454,0.0,0.0,0.0,0.7,a,,False,True
192,Andrews,MID,7,COV,4.5,2,HUL,True,0.041,0.08886713705313855,0.0,0.0,0.01106518356332428,0.0,0.0,0.0,0.07780195348981427,0.27022263358809556,2.1702226335880956,0.040948396573586454,0.0,0.0,0.0,0.7,a,,False,True
192,Andrews,MID,7,COV,4.5,3,MCI,False,0.041,0.08085246670721284,0.0,0.0,0.003050513217398581,0.0,0.0,0.0,0.07780195348981427,0.07449652422694124,1.9744965242269412,0.040948396573586454,0.0,0.0,0.0,0.7,a,,False,True
192,Andrews,MID,7,COV,4.5,4,BHA,True,0.041,0.08514350609175542,0.0,0.0,0.007341552601941147,0.0,0.0,0.0,0.07780195348981427,0.17928791396625227,2.0792879139662523,0.040948396573586454,0.0,0.0,0.0,0.7,a,,False,True
192,Andrews,MID,7,COV,4.5,5,NFO,False,0.041,0.0846482400921742,0.0,0.0,0.006846286602359939,0.0,0.0,0.0,0.07780195348981427,0.16719303257837695,2.067193032578377,0.040948396573586454,0.0,0.0,0.0,0.7,a,,False,True
192,Andrews,MID,7,COV,4.5,6,NEW,True,0.041,0.0850311807136714,0.0,0.0,0.007229227223857133,0.0,0.0,0.0,0.07780195348981427,0.17654481808257927,2.076544818082579,0.040948396573586454,0.0,0.0,0.0,0.7,a,,False,True
193,Wright,FWD,7,COV,5.5,1,ARS,False,0.0,0.0,0.0,0.0,0.0,0.0,0.0,0.0,0.0,0.0887624425775574,1.9891785100455854,0.5336720849804131,0.022294627511396374,0.0,0.0,0.2,i,Thigh injury - Unknown return date,True,True
193,Wright,FWD,7,COV,5.5,2,HUL,True,0.0,0.0,0.0,0.0,0.0,0.0,0.0,0.0,0.0,0.27022263358809556,2.1288,0.5336720849804131,0.05720000000000001,0.0,0.0,0.2,i,Thigh injury - Unknown return date,True,True
193,Wright,FWD,7,COV,5.5,3,MCI,False,0.32,0.6470225083289711,0.038636331451300264,0.0,0.0,0.0,0.0,0.0,0.6083861768776708,0.07449652422694124,2.020661896255133,0.5336720849804131,0.030165474063783244,0.0,0.0,0.2,i,Thigh injury - Unknown return date,True,True
193,Wright,FWD,7,COV,5.5,4,BHA,True,0.32,0.6600135998733448,0.05162742299567404,0.0,0.0,0.0,0.0,0.0,0.6083861768776708,0.17928791396625227,2.0612332880329465,0.5336720849804131,0.04030832200823664,0.0,0.0,0.2,i,Thigh injury - Unknown return date,True,True
193,Wright,FWD,7,COV,5.5,5,NFO,False,0.32,0.6562339226787697,0.04784774580109889,0.0,0.0,0.0,0.0,0.0,0.6083861768776708,0.16719303257837695,2.0494292942168,0.5336720849804131,0.03735732355420012,0.0,0.0,0.2,i,Thigh injury - Unknown return date,True,True
193,Wright,FWD,7,COV,5.5,6,NEW,True,0.32,0.664613062520809,0.0562268856431382,0.0,0.0,0.0,0.0,0.0,0.6083861768776708,0.17654481808257927,2.0755974852522714,0.5336720849804131,0.04389937131306785,0.0,0.0,0.2,i,Thigh injury - Unknown return date,True,True
194,Thomas-Asante,FWD,7,COV,5.0,1,ARS,False,0.244,0.4633110605190515,0.0,0.0,0.0,0.0,0.0,0.0,0.4633110605190515,0.0887624425775574,1.9,0.2438479265889745,0.0,0.0,0.0,0.8,a,,False,True
194,Thomas-Asante,FWD,7,COV,5.0,2,HUL,True,0.244,0.4633110605190515,0.0,0.0,0.0,0.0,0.0,0.0,0.4633110605190515,0.27022263358809556,1.9,0.2438479265889745,0.0,0.0,0.0,0.8,a,,False,True
194,Thomas-Asante,FWD,7,COV,5.0,3,MCI,False,0.244,0.4633110605190515,0.0,0.0,0.0,0.0,0.0,0.0,0.4633110605190515,0.07449652422694124,1.9,0.2438479265889745,0.0,0.0,0.0,0.8,a,,False,True
194,Thomas-Asante,FWD,7,COV,5.0,4,BHA,True,0.244,0.4633110605190515,0.0,0.0,0.0,0.0,0.0,0.0,0.4633110605190515,0.17928791396625227,1.9,0.2438479265889745,0.0,0.0,0.0,0.8,a,,False,True
194,Thomas-Asante,FWD,7,COV,5.0,5,NFO,False,0.244,0.4633110605190515,0.0,0.0,0.0,0.0,0.0,0.0,0.4633110605190515,0.16719303257837695,1.9,0.2438479265889745,0.0,0.0,0.0,0.8,a,,False,True
194,Thomas-Asante,FWD,7,COV,5.0,6,NEW,True,0.244,0.4633110605190515,0.0,0.0,0.0,0.0,0.0,0.0,0.4633110605190515,0.17654481808257927,1.9,0.2438479265889745,0.0,0.0,0.0,0.8,a,,False,True
195,Simms,FWD,7,COV,5.0,1,ARS,False,0.179,0.34101196689885377,0.0,0.0,0.0,0.0,0.0,0.0,0.34101196689885377,0.0887624425775574,1.9,0.1794799825783441,0.0,0.0,0.0,0.9,a,,False,True
195,Simms,FWD,7,COV,5.0,2,HUL,True,0.179,0.34101196689885377,0.0,0.0,0.0,0.0,0.0,0.0,0.34101196689885377,0.27022263358809556,1.9,0.1794799825783441,0.0,0.0,0.0,0.9,a,,False,True
195,Simms,FWD,7,COV,5.0,3,MCI,False,0.179,0.34101196689885377,0.0,0.0,0.0,0.0,0.0,0.0,0.34101196689885377,0.07449652422694124,1.9,0.1794799825783441,0.0,0.0,0.0,0.9,a,,False,True
195,Simms,FWD,7,COV,5.0,4,BHA,True,0.179,0.34101196689885377,0.0,0.0,0.0,0.0,0.0,0.0,0.34101196689885377,0.17928791396625227,1.9,0.1794799825783441,0.0,0.0,0.0,0.9,a,,False,True
195,Simms,FWD,7,COV,5.0,5,NFO,False,0.179,0.34101196689885377,0.0,0.0,0.0,0.0,0.0,0.0,0.34101196689885377,0.16719303257837695,1.9,0.1794799825783441,0.0,0.0,0.0,0.9,a,,False,True
195,Simms,FWD,7,COV,5.0,6,NEW,True,0.179,0.34101196689885377,0.0,0.0,0.0,0.0,0.0,0.0,0.34101196689885377,0.17654481808257927,1.9,0.1794799825783441,0.0,0.0,0.0,0.9,a,,False,True
196,Markelo,FWD,7,COV,5.0,1,ARS,False,0.0,0.0,0.0,0.0,0.0,0.0,0.0,0.0,0.0,0.0887624425775574,1.9,0.1516065468911203,0.0,0.0,0.0,0.0,u,Has joined Shabab Al-Ahli Dubai permanently,False,True
196,Markelo,FWD,7,COV,5.0,2,HUL,True,0.0,0.0,0.0,0.0,0.0,0.0,0.0,0.0,0.0,0.27022263358809556,1.9,0.1516065468911203,0.0,0.0,0.0,0.0,u,Has joined Shabab Al-Ahli Dubai permanently,False,True
196,Markelo,FWD,7,COV,5.0,3,MCI,False,0.091,0.17283146345587713,0.0,0.0,0.0,0.0,0.0,0.0,0.17283146345587713,0.07449652422694124,1.9,0.1516065468911203,0.0,0.0,0.0,0.0,u,Has joined Shabab Al-Ahli Dubai permanently,False,True
196,Markelo,FWD,7,COV,5.0,4,BHA,True,0.091,0.17283146345587713,0.0,0.0,0.0,0.0,0.0,0.0,0.17283146345587713,0.17928791396625227,1.9,0.1516065468911203,0.0,0.0,0.0,0.0,u,Has joined Shabab Al-Ahli Dubai permanently,False,True
196,Markelo,FWD,7,COV,5.0,5,NFO,False,0.091,0.17283146345587713,0.0,0.0,0.0,0.0,0.0,0.0,0.17283146345587713,0.16719303257837695,1.9,0.1516065468911203,0.0,0.0,0.0,0.0,u,Has joined Shabab Al-Ahli Dubai permanently,False,True
196,Markelo,FWD,7,COV,5.0,6,NEW,True,0.091,0.17283146345587713,0.0,0.0,0.0,0.0,0.0,0.0,0.17283146345587713,0.17654481808257927,1.9,0.1516065468911203,0.0,0.0,0.0,0.0,u,Has joined Shabab Al-Ahli Dubai permanently,False,True
197,Bassette,FWD,7,COV,4.5,1,ARS,False,0.0,0.0,0.0,0.0,0.0,0.0,0.0,0.0,0.0,0.0887624425775574,1.9,0.05949465565951056,0.0,0.0,0.0,0.0,u,Has joined KVC Westerlo on loan for the rest of the season,False,True
197,Bassette,FWD,7,COV,4.5,2,HUL,True,0.0,0.0,0.0,0.0,0.0,0.0,0.0,0.0,0.0,0.27022263358809556,1.9,0.05949465565951056,0.0,0.0,0.0,0.0,u,Has joined KVC Westerlo on loan for the rest of the season,False,True
197,Bassette,FWD,7,COV,4.5,3,MCI,False,0.036,0.06782390745184202,0.0,0.0,0.0,0.0,0.0,0.0,0.06782390745184202,0.07449652422694124,1.9,0.05949465565951056,0.0,0.0,0.0,0.0,u,Has joined KVC Westerlo on loan for the rest of the season,False,True
197,Bassette,FWD,7,COV,4.5,4,BHA,True,0.036,0.06782390745184202,0.0,0.0,0.0,0.0,0.0,0.0,0.06782390745184202,0.17928791396625227,1.9,0.05949465565951056,0.0,0.0,0.0,0.0,u,Has joined KVC Westerlo on loan for the rest of the season,False,True
197,Bassette,FWD,7,COV,4.5,5,NFO,False,0.036,0.06782390745184202,0.0,0.0,0.0,0.0,0.0,0.0,0.06782390745184202,0.16719303257837695,1.9,0.05949465565951056,0.0,0.0,0.0,0.0,u,Has joined KVC Westerlo on loan for the rest of the season,False,True
197,Bassette,FWD,7,COV,4.5,6,NEW,True,0.036,0.06782390745184202,0.0,0.0,0.0,0.0,0.0,0.0,0.06782390745184202,0.17654481808257927,1.9,0.05949465565951056,0.0,0.0,0.0,0.0,u,Has joined KVC Westerlo on loan for the rest of the season,False,True
492,Awoniyi,FWD,7,COV,5.5,1,ARS,False,0.436,0.828001049170755,0.0,0.0,0.0,0.0,0.0,0.0,0.828001049170755,0.0887624425775574,1.9,0.4357900258793448,0.0,0.0,0.0,0.8,a,,False,True
492,Awoniyi,FWD,7,COV,5.5,2,HUL,True,0.436,0.828001049170755,0.0,0.0,0.0,0.0,0.0,0.0,0.828001049170755,0.27022263358809556,1.9,0.4357900258793448,0.0,0.0,0.0,0.8,a,,False,True
492,Awoniyi,FWD,7,COV,5.5,3,MCI,False,0.436,0.828001049170755,0.0,0.0,0.0,0.0,0.0,0.0,0.828001049170755,0.07449652422694124,1.9,0.4357900258793448,0.0,0.0,0.0,0.8,a,,False,True
492,Awoniyi,FWD,7,COV,5.5,4,BHA,True,0.436,0.828001049170755,0.0,0.0,0.0,0.0,0.0,0.0,0.828001049170755,0.17928791396625227,1.9,0.4357900258793448,0.0,0.0,0.0,0.8,a,,False,True
492,Awoniyi,FWD,7,COV,5.5,5,NFO,False,0.436,0.828001049170755,0.0,0.0,0.0,0.0,0.0,0.0,0.828001049170755,0.16719303257837695,1.9,0.4357900258793448,0.0,0.0,0.0,0.8,a,,False,True
492,Awoniyi,FWD,7,COV,5.5,6,NEW,True,0.436,0.828001049170755,0.0,0.0,0.0,0.0,0.0,0.0,0.828001049170755,0.17654481808257927,1.9,0.4357900258793448,0.0,0.0,0.0,0.8,a,,False,True
575,Yirenkyi,MID,7,COV,5.0,1,ARS,False,0.154,0.3061262440135059,0.0,0.0,0.01366302609803658,0.0,0.0,0.0,0.2924632179154693,0.0887624425775574,1.9887624425775574,0.15392800942919438,0.0,0.0,0.0,0.3,a,,False,True
575,Yirenkyi,MID,7,COV,5.0,2,HUL,True,0.154,0.33405805000639943,0.0,0.0,0.04159483209093011,0.0,0.0,0.0,0.2924632179154693,0.27022263358809556,2.1702226335880956,0.15392800942919438,0.0,0.0,0.0,0.3,a,,False,True
575,Yirenkyi,MID,7,COV,5.0,3,MCI,False,0.154,0.30393031959911615,0.0,0.0,0.011467101683646818,0.0,0.0,0.0,0.2924632179154693,0.07449652422694124,1.9744965242269412,0.15392800942919438,0.0,0.0,0.0,0.3,a,,False,True
575,Yirenkyi,MID,7,COV,5.0,4,BHA,True,0.154,0.3200606496270072,0.0,0.0,0.02759743171153787,0.0,0.0,0.0,0.2924632179154693,0.17928791396625227,2.0792879139662523,0.15392800942919438,0.0,0.0,0.0,0.3,a,,False,True
575,Yirenkyi,MID,7,COV,5.0,5,NFO,False,0.154,0.31819890861068933,0.0,0.0,0.02573569069522001,0.0,0.0,0.0,0.2924632179154693,0.16719303257837695,2.067193032578377,0.15392800942919438,0.0,0.0,0.0,0.3,a,,False,True
575,Yirenkyi,MID,7,COV,5.0,6,NEW,True,0.154,0.31963841033796,0.0,0.0,0.027175192422490668,0.0,0.0,0.0,0.2924632179154693,0.17654481808257927,2.076544818082579,0.15392800942919438,0.0,0.0,0.0,0.3,a,,False,True
584,Hamer,MID,7,COV,5.5,1,ARS,False,0.543,1.0808148637434973,0.0,0.0,0.04823892749888424,0.0,0.0,0.0,1.0325759362446132,0.0887624425775574,1.9887624425775574,0.5434610190761122,0.0,0.0,0.0,0.2,a,,False,True
584,Hamer,MID,7,COV,5.5,2,HUL,True,0.543,1.1794314040718306,0.0,0.0,0.14685546782721728,0.0,0.0,0.0,1.0325759362446132,0.27022263358809556,2.1702226335880956,0.5434610190761122,0.0,0.0,0.0,0.2,a,,False,True
584,Hamer,MID,7,COV,5.5,3,MCI,False,0.543,1.073061893218615,0.0,0.0,0.040485956974001765,0.0,0.0,0.0,1.0325759362446132,0.07449652422694124,1.9744965242269412,0.5434610190761122,0.0,0.0,0.0,0.2,a,,False,True
584,Hamer,MID,7,COV,5.5,4,BHA,True,0.543,1.130011928676743,0.0,0.0,0.09743599243212979,0.0,0.0,0.0,1.0325759362446132,0.17928791396625227,2.0792879139662523,0.5434610190761122,0.0,0.0,0.0,0.2,a,,False,True
584,Hamer,MID,7,COV,5.5,5,NFO,False,0.543,1.1234388321120836,0.0,0.0,0.09086289586747037,0.0,0.0,0.0,1.0325759362446132,0.16719303257837695,2.067193032578377,0.5434610190761122,0.0,0.0,0.0,0.2,a,,False,True
584,Hamer,MID,7,COV,5.5,6,NEW,True,0.543,1.1285211629923786,0.0,0.0,0.09594522674776537,0.0,0.0,0.0,1.0325759362446132,0.17654481808257927,2.076544818082579,0.5434610190761122,0.0,0.0,0.0,0.2,a,,False,True
599,Cherif,FWD,7,COV,5.0,1,ARS,False,0.141,0.26876041320118405,0.0,0.0,0.0,0.0,0.0,0.0,0.26876041320118405,0.0887624425775574,1.9,0.14145284905325478,0.0,0.0,0.0,0.1,a,,False,True
599,Cherif,FWD,7,COV,5.0,2,HUL,True,0.141,0.26876041320118405,0.0,0.0,0.0,0.0,0.0,0.0,0.26876041320118405,0.27022263358809556,1.9,0.14145284905325478,0.0,0.0,0.0,0.1,a,,False,True
599,Cherif,FWD,7,COV,5.0,3,MCI,False,0.141,0.26876041320118405,0.0,0.0,0.0,0.0,0.0,0.0,0.26876041320118405,0.07449652422694124,1.9,0.14145284905325478,0.0,0.0,0.0,0.1,a,,False,True
599,Cherif,FWD,7,COV,5.0,4,BHA,True,0.141,0.26876041320118405,0.0,0.0,0.0,0.0,0.0,0.0,0.26876041320118405,0.17928791396625227,1.9,0.14145284905325478,0.0,0.0,0.0,0.1,a,,False,True
599,Cherif,FWD,7,COV,5.0,5,NFO,False,0.141,0.26876041320118405,0.0,0.0,0.0,0.0,0.0,0.0,0.26876041320118405,0.16719303257837695,1.9,0.14145284905325478,0.0,0.0,0.0,0.1,a,,False,True
599,Cherif,FWD,7,COV,5.0,6,NEW,True,0.141,0.26876041320118405,0.0,0.0,0.0,0.0,0.0,0.0,0.26876041320118405,0.17654481808257927,1.9,0.14145284905325478,0.0,0.0,0.0,0.1,a,,False,True
42,Guessand,MID,8,CRY,5.5,1,EVE,False,0.65,1.4024866431881169,0.0,0.0,0.16670711282409395,0.0,0.0,0.0,1.2357795303640229,0.2563106982946024,2.156310698294602,0.6504102791389594,0.0,0.0,0.0,0.0,a,,False,True
42,Guessand,MID,8,CRY,5.5,2,MCI,True,0.65,1.361170443325382,0.0,0.0,0.12539091296135904,0.0,0.0,0.0,1.2357795303640229,0.19278740970600405,2.0927874097060037,0.6504102791389594,0.0,0.0,0.0,0.0,a,,False,True
42,Guessand,MID,8,CRY,5.5,3,FUL,False,0.65,1.3988999899629082,0.0,0.0,0.16312045959888535,0.0,0.0,0.0,1.2357795303640229,0.25079625096766783,2.1507962509676677,0.6504102791389594,0.0,0.0,0.0,0.0,a,,False,True
42,Guessand,MID,8,CRY,5.5,4,IPS,True,0.65,1.4741906221361163,0.0,0.0,0.23841109177209338,0.0,0.0,0.0,1.2357795303640229,0.3665549260502341,2.266554926050234,0.6504102791389594,0.0,0.0,0.0,0.0,a,,False,True
42,Guessand,MID,8,CRY,5.5,5,LEE,False,0.65,1.379073477218966,0.0,0.0,0.14329394685494296,0.0,0.0,0.0,1.2357795303640229,0.22031316455305955,2.1203131645530595,0.6504102791389594,0.0,0.0,0.0,0.0,a,,False,True
42,Guessand,MID,8,CRY,5.5,6,NFO,True,0.65,1.4450978290993457,0.0,0.0,0.2093182987353227,0.0,0.0,0.0,1.2357795303640229,0.3218250163764741,2.221825016376474,0.6504102791389594,0.0,0.0,0.0,0.0,a,,False,True
198,Henderson,GK,8,CRY,5.0,1,EVE,False,0.596,1.4763765509121645,0.0,0.0,0.6107860828583839,0.0,0.0,0.0,1.131920716880361,0.2563106982946024,2.478190746843271,0.5957477457265059,0.0,0.0,0.0,1.9,a,,False,True
198,Henderson,GK,8,CRY,5.0,2,MCI,True,0.596,1.2445221984533523,0.0,0.0,0.4594106589472169,0.0,0.0,0.0,1.131920716880361,0.19278740970600405,2.0890086574069624,0.5957477457265059,0.0,0.0,0.0,1.9,a,,False,True
198,Henderson,GK,8,CRY,5.0,3,FUL,False,0.596,1.4571778084467277,0.0,0.0,0.5976452046025885,0.0,0.0,0.0,1.131920716880361,0.25079625096766783,2.4459644520680817,0.5957477457265059,0.0,0.0,0.0,1.9,a,,False,True
198,Henderson,GK,8,CRY,5.0,4,IPS,True,0.596,1.8353977506650931,0.0,0.0,0.8734970835174921,0.0,0.0,0.0,1.131920716880361,0.3665549260502341,3.080830374652701,0.5957477457265059,0.0,0.0,0.0,1.9,a,,False,True
198,Henderson,GK,8,CRY,5.0,5,LEE,False,0.596,1.348110655115074,0.0,0.0,0.5250042845454319,0.0,0.0,0.0,1.131920716880361,0.22031316455305955,2.2628883865453364,0.5957477457265059,0.0,0.0,0.0,1.9,a,,False,True
198,Henderson,GK,8,CRY,5.0,6,NFO,True,0.596,1.6946320405808617,0.0,0.0,0.7669061120987212,0.0,0.0,0.0,1.131920716880361,0.3218250163764741,2.8445462911727546,0.5957477457265059,0.0,0.0,0.0,1.9,a,,False,True
199,Benitez,GK,8,CRY,4.5,1,EVE,False,0.376,0.9307347116387414,0.0,0.0,0.38505068937252135,0.0,0.0,0.0,0.7135834698625191,0.2563106982946024,2.478190746843271,0.3755702472960627,0.0,0.0,0.0,0.1,a,,False,True
199,Benitez,GK,8,CRY,4.5,2,MCI,True,0.376,0.7845694980659488,0.0,0.0,0.2896208605554052,0.0,0.0,0.0,0.7135834698625191,0.19278740970600405,2.0890086574069624,0.3755702472960627,0.0,0.0,0.0,0.1,a,,False,True
199,Benitez,GK,8,CRY,4.5,3,FUL,False,0.376,0.9186314741405879,0.0,0.0,0.37676643998740966,0.0,0.0,0.0,0.7135834698625191,0.25079625096766783,2.4459644520680817,0.3755702472960627,0.0,0.0,0.0,0.1,a,,False,True
199,Benitez,GK,8,CRY,4.5,4,IPS,True,0.376,1.1570682256855365,0.0,0.0,0.5506684968971056,0.0,0.0,0.0,0.7135834698625191,0.3665549260502341,3.080830374652701,0.3755702472960627,0.0,0.0,0.0,0.1,a,,False,True
199,Benitez,GK,8,CRY,4.5,5,LEE,False,0.376,0.8498735509382203,0.0,0.0,0.3309722787750829,0.0,0.0,0.0,0.7135834698625191,0.22031316455305955,2.2628883865453364,0.3755702472960627,0.0,0.0,0.0,0.1,a,,False,True
199,Benitez,GK,8,CRY,4.5,6,NFO,True,0.376,1.0683269540208495,0.0,0.0,0.4834716039462872,0.0,0.0,0.0,0.7135834698625191,0.3218250163764741,2.8445462911727546,0.3755702472960627,0.0,0.0,0.0,0.1,a,,False,True
201,Muñoz,DEF,8,CRY,5.5,1,EVE,False,0.759,1.880793754823333,0.0,0.0,0.7780959738647323,0.0,0.0,0.0,1.4419826797901985,0.2563106982946024,2.478190746843271,0.7589382525211571,0.0,0.0,0.0,9.4,a,,False,True
201,Muñoz,DEF,8,CRY,5.5,2,MCI,True,0.759,1.5854285799540087,0.0,0.0,0.5852549593214204,0.0,0.0,0.0,1.4419826797901985,0.19278740970600405,2.0890086574069624,0.7589382525211571,0.0,0.0,0.0,9.4,a,,False,True
201,Muñoz,DEF,8,CRY,5.5,3,FUL,False,0.759,1.8563359869814193,0.0,0.0,0.7613554737930375,0.0,0.0,0.0,1.4419826797901985,0.25079625096766783,2.4459644520680817,0.7589382525211571,0.0,0.0,0.0,9.4,a,,False,True
201,Muñoz,DEF,8,CRY,5.5,4,IPS,True,0.759,2.3381600208530227,0.0,0.0,1.1127702201183465,0.0,0.0,0.0,1.4419826797901985,0.3665549260502341,3.080830374652701,0.7589382525211571,0.0,0.0,0.0,9.4,a,,False,True
201,Muñoz,DEF,8,CRY,5.5,5,LEE,False,0.759,1.717392557735138,0.0,0.0,0.6688163524532206,0.0,0.0,0.0,1.4419826797901985,0.22031316455305955,2.2628883865453364,0.7589382525211571,0.0,0.0,0.0,9.4,a,,False,True
201,Muñoz,DEF,8,CRY,5.5,6,NFO,True,0.759,2.158834991438189,0.0,0.0,0.976981262185416,0.0,0.0,0.0,1.4419826797901985,0.3218250163764741,2.8445462911727546,0.7589382525211571,0.0,0.0,0.0,9.4,a,,False,True
202,Richards,DEF,8,CRY,5.0,1,EVE,False,0.69,1.709734324692576,0.0,0.0,0.707327632819895,0.0,0.0,0.0,1.3108334058037463,0.2563106982946024,2.478190746843271,0.689912318844077,0.0,0.0,0.0,0.8,a,,False,True
202,Richards,DEF,8,CRY,5.0,2,MCI,True,0.69,1.4412328069169895,0.0,0.0,0.5320256354968494,0.0,0.0,0.0,1.3108334058037463,0.19278740970600405,2.0890086574069624,0.689912318844077,0.0,0.0,0.0,0.8,a,,False,True
202,Richards,DEF,8,CRY,5.0,3,FUL,False,0.69,1.6875010069364724,0.0,0.0,0.6921096922500192,0.0,0.0,0.0,1.3108334058037463,0.25079625096766783,2.4459644520680817,0.689912318844077,0.0,0.0,0.0,0.8,a,,False,True
202,Richards,DEF,8,CRY,5.0,4,IPS,True,0.69,2.1255028277419115,0.0,0.0,1.0115630360601446,0.0,0.0,0.0,1.3108334058037463,0.3665549260502341,3.080830374652701,0.689912318844077,0.0,0.0,0.0,0.8,a,,False,True
202,Richards,DEF,8,CRY,5.0,5,LEE,False,0.69,1.561194574046825,0.0,0.0,0.6079870649147121,0.0,0.0,0.0,1.3108334058037463,0.22031316455305955,2.2628883865453364,0.689912318844077,0.0,0.0,0.0,0.8,a,,False,True
202,Richards,DEF,8,CRY,5.0,6,NFO,True,0.69,1.9624875278023144,0.0,0.0,0.8881241732413052,0.0,0.0,0.0,1.3108334058037463,0.3218250163764741,2.8445462911727546,0.689912318844077,0.0,0.0,0.0,0.8,a,,False,True
203,Canvot,DEF,8,CRY,5.0,1,EVE,False,0.656,1.6265213023760774,0.0,0.0,0.6729018923730562,0.0,0.0,0.0,1.2470349501752835,0.2563106982946024,2.478190746843271,0.6563341843027809,0.0,0.0,0.0,0.3,a,,False,True
203,Canvot,DEF,8,CRY,5.0,2,MCI,True,0.656,1.371087793160646,0.0,0.0,0.5061318691729448,0.0,0.0,0.0,1.2470349501752835,0.19278740970600405,2.0890086574069624,0.6563341843027809,0.0,0.0,0.0,0.3,a,,False,True
203,Canvot,DEF,8,CRY,5.0,3,FUL,False,0.656,1.6053700834817026,0.0,0.0,0.6584246112202392,0.0,0.0,0.0,1.2470349501752835,0.25079625096766783,2.4459644520680817,0.6563341843027809,0.0,0.0,0.0,0.3,a,,False,True
203,Canvot,DEF,8,CRY,5.0,4,IPS,True,0.656,2.0220542909229113,0.0,0.0,0.9623301135653862,0.0,0.0,0.0,1.2470349501752835,0.3665549260502341,3.080830374652701,0.6563341843027809,0.0,0.0,0.0,0.3,a,,False,True
203,Canvot,DEF,8,CRY,5.0,5,LEE,False,0.656,1.4852110033514692,0.0,0.0,0.5783962445923867,0.0,0.0,0.0,1.2470349501752835,0.22031316455305955,2.2628883865453364,0.6563341843027809,0.0,0.0,0.0,0.3,a,,False,True
203,Canvot,DEF,8,CRY,5.0,6,NFO,True,0.656,1.8669729697283706,0.0,0.0,0.8448990384467289,0.0,0.0,0.0,1.2470349501752835,0.3218250163764741,2.8445462911727546,0.6563341843027809,0.0,0.0,0.0,0.3,a,,False,True
204,Mitchell,DEF,8,CRY,4.5,1,EVE,False,0.374,0.928059803161209,0.0,0.0,0.38394406324114083,0.0,0.0,0.0,0.7115326486681515,0.2563106982946024,2.478190746843271,0.3744908677200797,0.0,0.0,0.0,6.1,a,,False,True
204,Mitchell,DEF,8,CRY,4.5,2,MCI,True,0.374,0.7823146647870921,0.0,0.0,0.28878849738523193,0.0,0.0,0.0,0.7115326486681515,0.19278740970600405,2.0890086574069624,0.3744908677200797,0.0,0.0,0.0,6.1,a,,False,True
204,Mitchell,DEF,8,CRY,4.5,3,FUL,False,0.374,0.9159913500674453,0.0,0.0,0.37568362258329924,0.0,0.0,0.0,0.7115326486681515,0.25079625096766783,2.4459644520680817,0.3744908677200797,0.0,0.0,0.0,6.1,a,,False,True
204,Mitchell,DEF,8,CRY,4.5,4,IPS,True,0.374,1.1537428403020684,0.0,0.0,0.5490858892944873,0.0,0.0,0.0,0.7115326486681515,0.3665549260502341,3.080830374652701,0.3744908677200797,0.0,0.0,0.0,6.1,a,,False,True
204,Mitchell,DEF,8,CRY,4.5,5,LEE,False,0.374,0.8474310354310541,0.0,0.0,0.3300210726545279,0.0,0.0,0.0,0.7115326486681515,0.22031316455305955,2.2628883865453364,0.3744908677200797,0.0,0.0,0.0,6.1,a,,False,True
204,Mitchell,DEF,8,CRY,4.5,6,NFO,True,0.374,1.0652566088512194,0.0,0.0,0.4820821185474186,0.0,0.0,0.0,0.7115326486681515,0.3218250163764741,2.8445462911727546,0.3744908677200797,0.0,0.0,0.0,6.1,a,,False,True
205,Sosa,DEF,8,CRY,4.5,1,EVE,False,0.284,0.703464598123785,0.0,0.0,0.29102764200102527,0.0,0.0,0.0,0.5393381192056084,0.2563106982946024,2.478190746843271,0.2838621680029518,0.0,0.0,0.0,0.0,a,,False,True
205,Sosa,DEF,8,CRY,4.5,2,MCI,True,0.284,0.5929905264684758,0.0,0.0,0.21890020833127846,0.0,0.0,0.0,0.5393381192056084,0.19278740970600405,2.0890086574069624,0.2838621680029518,0.0,0.0,0.0,0.0,a,,False,True
205,Sosa,DEF,8,CRY,4.5,3,FUL,False,0.284,0.6943167722221977,0.0,0.0,0.28476627010677835,0.0,0.0,0.0,0.5393381192056084,0.25079625096766783,2.4459644520680817,0.2838621680029518,0.0,0.0,0.0,0.0,a,,False,True
205,Sosa,DEF,8,CRY,4.5,4,IPS,True,0.284,0.8745311893982619,0.0,0.0,0.41620430400312447,0.0,0.0,0.0,0.5393381192056084,0.3665549260502341,3.080830374652701,0.2838621680029518,0.0,0.0,0.0,0.0,a,,False,True
205,Sosa,DEF,8,CRY,4.5,5,LEE,False,0.284,0.6423484033534608,0.0,0.0,0.2501542901184902,0.0,0.0,0.0,0.5393381192056084,0.22031316455305955,2.2628883865453364,0.2838621680029518,0.0,0.0,0.0,0.0,a,,False,True
205,Sosa,DEF,8,CRY,4.5,6,NFO,True,0.284,0.807459077197054,0.0,0.0,0.3654157874648456,0.0,0.0,0.0,0.5393381192056084,0.3218250163764741,2.8445462911727546,0.2838621680029518,0.0,0.0,0.0,0.0,a,,False,True
206,Chadi Riad,DEF,8,CRY,4.5,1,EVE,False,0.118,0.2928485536176949,0.0,0.0,0.1211532524167927,0.0,0.0,0.0,0.22452357736480957,0.2563106982946024,2.478190746843271,0.23634060775243115,0.0,0.0,0.0,0.1,d,Knee injury - 50% chance of playing,False,True
206,Chadi Riad,DEF,8,CRY,4.5,2,MCI,True,0.118,0.24685878784582585,0.0,0.0,0.09112698715386788,0.0,0.0,0.0,0.22452357736480957,0.19278740970600405,2.0890086574069624,0.23634060775243115,0.0,0.0,0.0,0.1,d,Knee injury - 50% chance of playing,False,True
206,Chadi Riad,DEF,8,CRY,4.5,3,FUL,False,0.189,0.46246458011409014,0.0,0.0,0.18967468280233557,0.0,0.0,0.0,0.35923772378369534,0.25079625096766783,2.4459644520680817,0.23634060775243115,0.0,0.0,0.0,0.1,d,Knee injury - 50% chance of playing,False,True
206,Chadi Riad,DEF,8,CRY,4.5,4,IPS,True,0.189,0.5825002585020556,0.0,0.0,0.2772218047915513,0.0,0.0,0.0,0.35923772378369534,0.3665549260502341,3.080830374652701,0.23634060775243115,0.0,0.0,0.0,0.1,d,Knee injury - 50% chance of playing,False,True
206,Chadi Riad,DEF,8,CRY,4.5,5,LEE,False,0.189,0.4278499332416345,0.0,0.0,0.16662063106026068,0.0,0.0,0.0,0.35923772378369534,0.22031316455305955,2.2628883865453364,0.23634060775243115,0.0,0.0,0.0,0.1,d,Knee injury - 50% chance of playing,False,True
206,Chadi Riad,DEF,8,CRY,4.5,6,NFO,True,0.189,0.5378254393885543,0.0,0.0,0.2433930238731264,0.0,0.0,0.0,0.35923772378369534,0.3218250163764741,2.8445462911727546,0.23634060775243115,0.0,0.0,0.0,0.1,d,Knee injury - 50% chance of playing,False,True
207,Mingueza,DEF,8,CRY,4.5,1,EVE,False,0.217,0.538978535835394,0.0,0.0,0.2229787437657785,0.0,0.0,0.0,0.41322856983131717,0.2563106982946024,2.478190746843271,0.21748872096385116,0.0,0.0,0.0,0.1,a,,False,True
207,Mingueza,DEF,8,CRY,4.5,2,MCI,True,0.217,0.45433582098185216,0.0,0.0,0.16771634861957108,0.0,0.0,0.0,0.41322856983131717,0.19278740970600405,2.0890086574069624,0.21748872096385116,0.0,0.0,0.0,0.1,a,,False,True
207,Mingueza,DEF,8,CRY,4.5,3,FUL,False,0.217,0.5319696802033341,0.0,0.0,0.21818142338194838,0.0,0.0,0.0,0.41322856983131717,0.25079625096766783,2.4459644520680817,0.21748872096385116,0.0,0.0,0.0,0.1,a,,False,True
207,Mingueza,DEF,8,CRY,4.5,4,IPS,True,0.217,0.6700458576897983,0.0,0.0,0.31888624811865784,0.0,0.0,0.0,0.41322856983131717,0.3665549260502341,3.080830374652701,0.21748872096385116,0.0,0.0,0.0,0.1,a,,False,True
207,Mingueza,DEF,8,CRY,4.5,5,LEE,False,0.217,0.492152700873698,0.0,0.0,0.19166251348057356,0.0,0.0,0.0,0.41322856983131717,0.22031316455305955,2.2628883865453364,0.21748872096385116,0.0,0.0,0.0,0.1,a,,False,True
207,Mingueza,DEF,8,CRY,4.5,6,NFO,True,0.217,0.618656734589629,0.0,0.0,0.2799732447435592,0.0,0.0,0.0,0.41322856983131717,0.3218250163764741,2.8445462911727546,0.21748872096385116,0.0,0.0,0.0,0.1,a,,False,True
208,Sarr,MID,8,CRY,6.5,1,EVE,False,0.569,1.227709184319944,0.0,0.0,0.1459321231326329,0.0,0.0,0.0,1.081777061187311,0.2563106982946024,2.156310698294602,0.7591417973244288,0.0,0.0,0.0,4.0,d,Groin injury - 75% chance of playing,False,True
208,Sarr,MID,8,CRY,6.5,2,MCI,True,0.569,1.1915417967166138,0.0,0.0,0.1097647355293027,0.0,0.0,0.0,1.081777061187311,0.19278740970600405,2.0927874097060037,0.7591417973244288,0.0,0.0,0.0,4.0,d,Groin injury - 75% chance of playing,False,True
208,Sarr,MID,8,CRY,6.5,3,FUL,False,0.683,1.4694833984744147,0.0,0.0,0.17135092504964147,0.0,0.0,0.0,1.2981324734247732,0.25079625096766783,2.1507962509676677,0.7591417973244288,0.0,0.0,0.0,4.0,d,Groin injury - 75% chance of playing,False,True
208,Sarr,MID,8,CRY,6.5,4,IPS,True,0.683,1.5485729222666813,0.0,0.0,0.250440448841908,0.0,0.0,0.0,1.2981324734247732,0.3665549260502341,2.266554926050234,0.7591417973244288,0.0,0.0,0.0,4.0,d,Groin injury - 75% chance of playing,False,True
208,Sarr,MID,8,CRY,6.5,5,LEE,False,0.683,1.4486565119665114,0.0,0.0,0.15052403854173804,0.0,0.0,0.0,1.2981324734247732,0.22031316455305955,2.1203131645530595,0.7591417973244288,0.0,0.0,0.0,4.0,d,Groin injury - 75% chance of playing,False,True
208,Sarr,MID,8,CRY,6.5,6,NFO,True,0.683,1.5180122126451734,0.0,0.0,0.21987973922040024,0.0,0.0,0.0,1.2981324734247732,0.3218250163764741,2.221825016376474,0.7591417973244288,0.0,0.0,0.0,4.0,d,Groin injury - 75% chance of playing,False,True
210,Wharton,MID,8,CRY,5.5,1,EVE,False,0.617,1.3300817524479442,0.0,0.0,0.15810067771238423,0.0,0.0,0.0,1.1719810747355601,0.2563106982946024,2.156310698294602,0.6168321445976632,0.0,0.0,0.0,0.9,a,,False,True
210,Wharton,MID,8,CRY,5.5,2,MCI,True,0.617,1.290898546115943,0.0,0.0,0.11891747138038283,0.0,0.0,0.0,1.1719810747355601,0.19278740970600405,2.0927874097060037,0.6168321445976632,0.0,0.0,0.0,0.9,a,,False,True
210,Wharton,MID,8,CRY,5.5,3,FUL,False,0.617,1.3266802640770003,0.0,0.0,0.1546991893414403,0.0,0.0,0.0,1.1719810747355601,0.25079625096766783,2.1507962509676677,0.6168321445976632,0.0,0.0,0.0,0.9,a,,False,True
210,Wharton,MID,8,CRY,5.5,4,IPS,True,0.617,1.3980839358839638,0.0,0.0,0.22610286114840375,0.0,0.0,0.0,1.1719810747355601,0.3665549260502341,2.266554926050234,0.6168321445976632,0.0,0.0,0.0,0.9,a,,False,True
210,Wharton,MID,8,CRY,5.5,5,LEE,False,0.617,1.3078773165099218,0.0,0.0,0.1358962417743616,0.0,0.0,0.0,1.1719810747355601,0.22031316455305955,2.1203131645530595,0.6168321445976632,0.0,0.0,0.0,0.9,a,,False,True
210,Wharton,MID,8,CRY,5.5,6,NFO,True,0.617,1.3704930897722387,0.0,0.0,0.1985120150366786,0.0,0.0,0.0,1.1719810747355601,0.3218250163764741,2.221825016376474,0.6168321445976632,0.0,0.0,0.0,0.9,a,,False,True
211,Yeremy,MID,8,CRY,5.5,1,EVE,False,0.543,1.1718708095399077,0.0,0.0,0.13929487329529455,0.0,0.0,0.0,1.0325759362446132,0.2563106982946024,2.156310698294602,0.5434610190761122,0.0,0.0,0.0,0.2,a,,False,True
211,Yeremy,MID,8,CRY,5.5,2,MCI,True,0.543,1.1373483783884821,0.0,0.0,0.10477244214386892,0.0,0.0,0.0,1.0325759362446132,0.19278740970600405,2.0927874097060037,0.5434610190761122,0.0,0.0,0.0,0.2,a,,False,True
211,Yeremy,MID,8,CRY,5.5,3,FUL,False,0.543,1.1688739223759703,0.0,0.0,0.13629798613135716,0.0,0.0,0.0,1.0325759362446132,0.25079625096766783,2.1507962509676677,0.5434610190761122,0.0,0.0,0.0,0.2,a,,False,True
211,Yeremy,MID,8,CRY,5.5,4,IPS,True,0.543,1.2317842499032423,0.0,0.0,0.19920831365862918,0.0,0.0,0.0,1.0325759362446132,0.3665549260502341,2.266554926050234,0.5434610190761122,0.0,0.0,0.0,0.2,a,,False,True
211,Yeremy,MID,8,CRY,5.5,5,LEE,False,0.543,1.152307553168502,0.0,0.0,0.11973161692388895,0.0,0.0,0.0,1.0325759362446132,0.22031316455305955,2.1203131645530595,0.5434610190761122,0.0,0.0,0.0,0.2,a,,False,True
211,Yeremy,MID,8,CRY,5.5,6,NFO,True,0.543,1.2074752876087582,0.0,0.0,0.1748993513641451,0.0,0.0,0.0,1.0325759362446132,0.3218250163764741,2.221825016376474,0.5434610190761122,0.0,0.0,0.0,0.2,a,,False,True
212,Hughes,MID,8,CRY,4.5,1,EVE,False,0.041,0.08824029778603151,0.0,0.0,0.010488716844538606,0.0,0.0,0.0,0.07775158094149291,0.2563106982946024,2.156310698294602,0.040921884706048905,0.0,0.0,0.0,11.7,a,,False,True
212,Hughes,MID,8,CRY,4.5,2,MCI,True,0.041,0.08564080509425982,0.0,0.0,0.007889224152766912,0.0,0.0,0.0,0.07775158094149291,0.19278740970600405,2.0927874097060037,0.040921884706048905,0.0,0.0,0.0,11.7,a,,False,True
212,Hughes,MID,8,CRY,4.5,3,FUL,False,0.041,0.08801463620830112,0.0,0.0,0.01026305526680821,0.0,0.0,0.0,0.07775158094149291,0.25079625096766783,2.1507962509676677,0.040921884706048905,0.0,0.0,0.0,11.7,a,,False,True
212,Hughes,MID,8,CRY,4.5,4,IPS,True,0.041,0.09275169936375488,0.0,0.0,0.015000118422261963,0.0,0.0,0.0,0.07775158094149291,0.3665549260502341,2.266554926050234,0.040921884706048905,0.0,0.0,0.0,11.7,a,,False,True
212,Hughes,MID,8,CRY,4.5,5,LEE,False,0.041,0.086767210860558,0.0,0.0,0.009015629919065083,0.0,0.0,0.0,0.07775158094149291,0.22031316455305955,2.1203131645530595,0.040921884706048905,0.0,0.0,0.0,11.7,a,,False,True
212,Hughes,MID,8,CRY,4.5,6,NFO,True,0.041,0.09092126715717329,0.0,0.0,0.013169686215680374,0.0,0.0,0.0,0.07775158094149291,0.3218250163764741,2.221825016376474,0.040921884706048905,0.0,0.0,0.0,11.7,a,,False,True
213,Lerma,MID,8,CRY,5.0,1,EVE,False,0.229,0.49415367278041195,0.0,0.0,0.058737765868045404,0.0,0.0,0.0,0.43541590691236653,0.2563106982946024,2.156310698294602,0.2291662667959824,0.0,0.0,0.0,0.1,a,,False,True
213,Lerma,MID,8,CRY,5.0,2,MCI,True,0.229,0.479596277879959,0.0,0.0,0.04418037096759249,0.0,0.0,0.0,0.43541590691236653,0.19278740970600405,2.0927874097060037,0.2291662667959824,0.0,0.0,0.0,0.1,a,,False,True
213,Lerma,MID,8,CRY,5.0,3,FUL,False,0.229,0.49288994747305526,0.0,0.0,0.05747404056068873,0.0,0.0,0.0,0.43541590691236653,0.25079625096766783,2.1507962509676677,0.2291662667959824,0.0,0.0,0.0,0.1,a,,False,True
213,Lerma,MID,8,CRY,5.0,4,IPS,True,0.229,0.5194179308909761,0.0,0.0,0.08400202397860955,0.0,0.0,0.0,0.43541590691236653,0.3665549260502341,2.266554926050234,0.2291662667959824,0.0,0.0,0.0,0.1,a,,False,True
213,Lerma,MID,8,CRY,5.0,5,LEE,False,0.229,0.48590425235900014,0.0,0.0,0.050488345446633616,0.0,0.0,0.0,0.43541590691236653,0.22031316455305955,2.1203131645530595,0.2291662667959824,0.0,0.0,0.0,0.1,a,,False,True
213,Lerma,MID,8,CRY,5.0,6,NFO,True,0.229,0.509167344476919,0.0,0.0,0.07375143756455246,0.0,0.0,0.0,0.43541590691236653,0.3218250163764741,2.221825016376474,0.2291662667959824,0.0,0.0,0.0,0.1,a,,False,True
214,Kamada,MID,8,CRY,5.0,1,EVE,False,0.182,0.3916824240125629,0.0,0.0,0.04655748157618546,0.0,0.0,0.0,0.3451249424363775,0.2563106982946024,2.156310698294602,0.18164470654546183,0.0,0.0,0.0,0.3,a,,False,True
214,Kamada,MID,8,CRY,5.0,2,MCI,True,0.182,0.38014375489808433,0.0,0.0,0.03501881246170683,0.0,0.0,0.0,0.3451249424363775,0.19278740970600405,2.0927874097060037,0.18164470654546183,0.0,0.0,0.0,0.3,a,,False,True
214,Kamada,MID,8,CRY,5.0,3,FUL,False,0.182,0.3906807538461015,0.0,0.0,0.04555581140972402,0.0,0.0,0.0,0.3451249424363775,0.25079625096766783,2.1507962509676677,0.18164470654546183,0.0,0.0,0.0,0.3,a,,False,True
214,Kamada,MID,8,CRY,5.0,4,IPS,True,0.182,0.41170770441156573,0.0,0.0,0.06658276197518824,0.0,0.0,0.0,0.3451249424363775,0.3665549260502341,2.266554926050234,0.18164470654546183,0.0,0.0,0.0,0.3,a,,False,True
214,Kamada,MID,8,CRY,5.0,5,LEE,False,0.182,0.38514366255972005,0.0,0.0,0.040018720123342545,0.0,0.0,0.0,0.3451249424363775,0.22031316455305955,2.1203131645530595,0.18164470654546183,0.0,0.0,0.0,0.3,a,,False,True
214,Kamada,MID,8,CRY,5.0,6,NFO,True,0.182,0.4035827530950706,0.0,0.0,0.058457810658693085,0.0,0.0,0.0,0.3451249424363775,0.3218250163764741,2.221825016376474,0.18164470654546183,0.0,0.0,0.0,0.3,a,,False,True
215,Devenny,MID,8,CRY,5.0,1,EVE,False,0.163,0.35103189884730923,0.0,0.0,0.041725541309233734,0.0,0.0,0.0,0.3093063575380755,0.2563106982946024,2.156310698294602,0.16279281975688184,0.0,0.0,0.0,0.0,a,,False,True
215,Devenny,MID,8,CRY,5.0,2,MCI,True,0.163,0.34069076357774114,0.0,0.0,0.03138440603966565,0.0,0.0,0.0,0.3093063575380755,0.19278740970600405,2.0927874097060037,0.16279281975688184,0.0,0.0,0.0,0.0,a,,False,True
215,Devenny,MID,8,CRY,5.0,3,FUL,False,0.163,0.3501341864175568,0.0,0.0,0.040827828879481255,0.0,0.0,0.0,0.3093063575380755,0.25079625096766783,2.1507962509676677,0.16279281975688184,0.0,0.0,0.0,0.0,a,,False,True
215,Devenny,MID,8,CRY,5.0,4,IPS,True,0.163,0.3689788675455684,0.0,0.0,0.059672510007492914,0.0,0.0,0.0,0.3093063575380755,0.3665549260502341,2.266554926050234,0.16279281975688184,0.0,0.0,0.0,0.0,a,,False,True
215,Devenny,MID,8,CRY,5.0,5,LEE,False,0.163,0.34517175882523,0.0,0.0,0.03586540128715447,0.0,0.0,0.0,0.3093063575380755,0.22031316455305955,2.1203131645530595,0.16279281975688184,0.0,0.0,0.0,0.0,a,,False,True
215,Devenny,MID,8,CRY,5.0,6,NFO,True,0.163,0.3616971594223064,0.0,0.0,0.05239080188423089,0.0,0.0,0.0,0.3093063575380755,0.3218250163764741,2.221825016376474,0.16279281975688184,0.0,0.0,0.0,0.0,a,,False,True
216,Esse,MID,8,CRY,5.0,1,EVE,False,0.156,0.3367312763892051,0.0,0.0,0.04002569233515821,0.0,0.0,0.0,0.29670558405404684,0.2563106982946024,2.156310698294602,0.15616083371265624,0.0,0.0,0.0,0.0,a,,False,True
216,Esse,MID,8,CRY,5.0,2,MCI,True,0.156,0.32681142668303986,0.0,0.0,0.03010584262899303,0.0,0.0,0.0,0.29670558405404684,0.19278740970600405,2.0927874097060037,0.15616083371265624,0.0,0.0,0.0,0.0,a,,False,True
216,Esse,MID,8,CRY,5.0,3,FUL,False,0.156,0.3358701356971664,0.0,0.0,0.03916455164311958,0.0,0.0,0.0,0.29670558405404684,0.25079625096766783,2.1507962509676677,0.15616083371265624,0.0,0.0,0.0,0.0,a,,False,True
216,Esse,MID,8,CRY,5.0,4,IPS,True,0.156,0.35394710690753245,0.0,0.0,0.05724152285348561,0.0,0.0,0.0,0.29670558405404684,0.3665549260502341,2.266554926050234,0.15616083371265624,0.0,0.0,0.0,0.0,a,,False,True
216,Esse,MID,8,CRY,5.0,5,LEE,False,0.156,0.3311098715085262,0.0,0.0,0.034404287454479404,0.0,0.0,0.0,0.29670558405404684,0.22031316455305955,2.1203131645530595,0.15616083371265624,0.0,0.0,0.0,0.0,a,,False,True
216,Esse,MID,8,CRY,5.0,6,NFO,True,0.156,0.3469620469209863,0.0,0.0,0.05025646286693944,0.0,0.0,0.0,0.29670558405404684,0.3218250163764741,2.221825016376474,0.15616083371265624,0.0,0.0,0.0,0.0,a,,False,True
217,M.França,MID,8,CRY,5.0,1,EVE,False,0.154,0.33191661349936424,0.0,0.0,0.039453395583894955,0.0,0.0,0.0,0.2924632179154693,0.2563106982946024,2.156310698294602,0.15392800942919438,0.0,0.0,0.0,0.0,a,,False,True
217,M.França,MID,8,CRY,5.0,2,MCI,True,0.154,0.32213860013452505,0.0,0.0,0.029675382219055753,0.0,0.0,0.0,0.2924632179154693,0.19278740970600405,2.0927874097060037,0.15392800942919438,0.0,0.0,0.0,0.0,a,,False,True
217,M.França,MID,8,CRY,5.0,3,FUL,False,0.154,0.33106778559922706,0.0,0.0,0.03860456768375777,0.0,0.0,0.0,0.2924632179154693,0.25079625096766783,2.1507962509676677,0.15392800942919438,0.0,0.0,0.0,0.0,a,,False,True
217,M.França,MID,8,CRY,5.0,4,IPS,True,0.154,0.3488862880288474,0.0,0.0,0.056423070113378083,0.0,0.0,0.0,0.2924632179154693,0.3665549260502341,2.266554926050234,0.15392800942919438,0.0,0.0,0.0,0.0,a,,False,True
217,M.França,MID,8,CRY,5.0,5,LEE,False,0.154,0.3263755847861683,0.0,0.0,0.033912366870699005,0.0,0.0,0.0,0.2924632179154693,0.22031316455305955,2.1203131645530595,0.15392800942919438,0.0,0.0,0.0,0.0,a,,False,True
217,M.França,MID,8,CRY,5.0,6,NFO,True,0.154,0.34200110207081785,0.0,0.0,0.04953788415534854,0.0,0.0,0.0,0.2924632179154693,0.3218250163764741,2.221825016376474,0.15392800942919438,0.0,0.0,0.0,0.0,a,,False,True
218,Doucouré,MID,8,CRY,5.0,1,EVE,False,0.153,0.33031977949096886,0.0,0.0,0.03926358729695556,0.0,0.0,0.0,0.2910561921940133,0.2563106982946024,2.156310698294602,0.1531874695757965,0.0,0.0,0.0,0.1,a,,False,True
218,Doucouré,MID,8,CRY,5.0,2,MCI,True,0.153,0.3205888076529484,0.0,0.0,0.029532615458935107,0.0,0.0,0.0,0.2910561921940133,0.19278740970600405,2.0927874097060037,0.1531874695757965,0.0,0.0,0.0,0.1,a,,False,True
218,Doucouré,MID,8,CRY,5.0,3,FUL,False,0.153,0.32947503525884675,0.0,0.0,0.03841884306483344,0.0,0.0,0.0,0.2910561921940133,0.25079625096766783,2.1507962509676677,0.1531874695757965,0.0,0.0,0.0,0.1,a,,False,True
218,Doucouré,MID,8,CRY,5.0,4,IPS,True,0.153,0.34720781377619186,0.0,0.0,0.05615162158217857,0.0,0.0,0.0,0.2910561921940133,0.3665549260502341,2.266554926050234,0.1531874695757965,0.0,0.0,0.0,0.1,a,,False,True
218,Doucouré,MID,8,CRY,5.0,5,LEE,False,0.153,0.32480540838613253,0.0,0.0,0.03374921619211926,0.0,0.0,0.0,0.2910561921940133,0.22031316455305955,2.1203131645530595,0.1531874695757965,0.0,0.0,0.0,0.1,a,,False,True
218,Doucouré,MID,8,CRY,5.0,6,NFO,True,0.153,0.3403557520989146,0.0,0.0,0.049299559904901334,0.0,0.0,0.0,0.2910561921940133,0.3218250163764741,2.221825016376474,0.1531874695757965,0.0,0.0,0.0,0.1,a,,False,True
219,J.Rak-Sakyi,MID,8,CRY,5.0,1,EVE,False,0.153,0.3297928149954932,0.0,0.0,0.03920094946006189,0.0,0.0,0.0,0.29059186553543126,0.2563106982946024,2.156310698294602,0.1529430871239112,0.0,0.0,0.0,0.0,a,,False,True
219,J.Rak-Sakyi,MID,8,CRY,5.0,2,MCI,True,0.153,0.3200773671344898,0.0,0.0,0.02948550159905854,0.0,0.0,0.0,0.29059186553543126,0.19278740970600405,2.0927874097060037,0.1529430871239112,0.0,0.0,0.0,0.0,a,,False,True
219,J.Rak-Sakyi,MID,8,CRY,5.0,3,FUL,False,0.153,0.32894941839752956,0.0,0.0,0.03835755286209832,0.0,0.0,0.0,0.29059186553543126,0.25079625096766783,2.1507962509676677,0.1529430871239112,0.0,0.0,0.0,0.0,a,,False,True
219,J.Rak-Sakyi,MID,8,CRY,5.0,4,IPS,True,0.153,0.34665390752603104,0.0,0.0,0.056062041990599776,0.0,0.0,0.0,0.29059186553543126,0.3665549260502341,2.266554926050234,0.1529430871239112,0.0,0.0,0.0,0.0,a,,False,True
219,J.Rak-Sakyi,MID,8,CRY,5.0,5,LEE,False,0.153,0.3242872410562144,0.0,0.0,0.033695375520783166,0.0,0.0,0.0,0.29059186553543126,0.22031316455305955,2.1203131645530595,0.1529430871239112,0.0,0.0,0.0,0.0,a,,False,True
219,J.Rak-Sakyi,MID,8,CRY,5.0,6,NFO,True,0.153,0.33981277705375246,0.0,0.0,0.049220911518321225,0.0,0.0,0.0,0.29059186553543126,0.3218250163764741,2.221825016376474,0.1529430871239112,0.0,0.0,0.0,0.0,a,,False,True
220,Cardines,DEF,8,CRY,4.5,1,EVE,False,0.0,0.0,0.0,0.0,0.0,0.0,0.0,0.0,0.0,0.2563106982946024,2.478190746843271,0.2108567349196256,0.0,0.0,0.0,0.0,u,Has joined Bristol City on loan for the rest of the season,False,True
220,Cardines,DEF,8,CRY,4.5,2,MCI,True,0.0,0.0,0.0,0.0,0.0,0.0,0.0,0.0,0.0,0.19278740970600405,2.0890086574069624,0.2108567349196256,0.0,0.0,0.0,0.0,u,Has joined Bristol City on loan for the rest of the season,False,True
220,Cardines,DEF,8,CRY,4.5,3,FUL,False,0.127,0.30944884685552804,0.0,0.0,0.12691698866190101,0.0,0.0,0.0,0.24037667780837316,0.25079625096766783,2.4459644520680817,0.2108567349196256,0.0,0.0,0.0,0.0,u,Has joined Bristol City on loan for the rest of the season,False,True
220,Cardines,DEF,8,CRY,4.5,4,IPS,True,0.127,0.3897683001842852,0.0,0.0,0.1854973797015772,0.0,0.0,0.0,0.24037667780837316,0.3665549260502341,3.080830374652701,0.2108567349196256,0.0,0.0,0.0,0.0,u,Has joined Bristol City on loan for the rest of the season,False,True
220,Cardines,DEF,8,CRY,4.5,5,LEE,False,0.127,0.2862871540046935,0.0,0.0,0.11149083488992399,0.0,0.0,0.0,0.24037667780837316,0.22031316455305955,2.2628883865453364,0.2108567349196256,0.0,0.0,0.0,0.0,u,Has joined Bristol City on loan for the rest of the season,False,True
220,Cardines,DEF,8,CRY,4.5,6,NFO,True,0.127,0.35987504597065056,0.0,0.0,0.16286153320463606,0.0,0.0,0.0,0.24037667780837316,0.3218250163764741,2.8445462911727546,0.2108567349196256,0.0,0.0,0.0,0.0,u,Has joined Bristol City on loan for the rest of the season,False,True
221,Drakes-Thomas,MID,8,CRY,4.5,1,EVE,False,0.041,0.08822147688122631,0.0,0.0,0.0104864796904694,0.0,0.0,0.0,0.07773499719075691,0.2563106982946024,2.156310698294602,0.04091315641618785,0.0,0.0,0.0,0.1,a,,False,True
221,Drakes-Thomas,MID,8,CRY,4.5,2,MCI,True,0.041,0.08562253863913034,0.0,0.0,0.007887541448373435,0.0,0.0,0.0,0.07773499719075691,0.19278740970600405,2.0927874097060037,0.04091315641618785,0.0,0.0,0.0,0.1,a,,False,True
221,Drakes-Thomas,MID,8,CRY,4.5,3,FUL,False,0.041,0.08799586343519061,0.0,0.0,0.010260866244433696,0.0,0.0,0.0,0.07773499719075691,0.25079625096766783,2.1507962509676677,0.04091315641618785,0.0,0.0,0.0,0.1,a,,False,True
221,Drakes-Thomas,MID,8,CRY,4.5,4,IPS,True,0.041,0.09273191621537431,0.0,0.0,0.014996919024617398,0.0,0.0,0.0,0.07773499719075691,0.3665549260502341,2.266554926050234,0.04091315641618785,0.0,0.0,0.0,0.1,a,,False,True
221,Drakes-Thomas,MID,8,CRY,4.5,5,LEE,False,0.041,0.08674870415266156,0.0,0.0,0.009013706961904656,0.0,0.0,0.0,0.07773499719075691,0.22031316455305955,2.1203131645530595,0.04091315641618785,0.0,0.0,0.0,0.1,a,,False,True
221,Drakes-Thomas,MID,8,CRY,4.5,6,NFO,True,0.041,0.0909018744244098,0.0,0.0,0.0131668772336529,0.0,0.0,0.0,0.07773499719075691,0.3218250163764741,2.221825016376474,0.04091315641618785,0.0,0.0,0.0,0.1,a,,False,True
222,Strand Larsen,FWD,8,CRY,6.0,1,EVE,False,0.523,0.993794062280052,0.0,0.0,0.0,0.0,0.0,0.0,0.993794062280052,0.2563106982946024,1.9,0.5230495064631853,0.0,0.0,0.0,0.6,a,,False,True
222,Strand Larsen,FWD,8,CRY,6.0,2,MCI,True,0.523,0.993794062280052,0.0,0.0,0.0,0.0,0.0,0.0,0.993794062280052,0.19278740970600405,1.9,0.5230495064631853,0.0,0.0,0.0,0.6,a,,False,True
222,Strand Larsen,FWD,8,CRY,6.0,3,FUL,False,0.523,0.993794062280052,0.0,0.0,0.0,0.0,0.0,0.0,0.993794062280052,0.25079625096766783,1.9,0.5230495064631853,0.0,0.0,0.0,0.6,a,,False,True
222,Strand Larsen,FWD,8,CRY,6.0,4,IPS,True,0.523,0.993794062280052,0.0,0.0,0.0,0.0,0.0,0.0,0.993794062280052,0.3665549260502341,1.9,0.5230495064631853,0.0,0.0,0.0,0.6,a,,False,True
222,Strand Larsen,FWD,8,CRY,6.0,5,LEE,False,0.523,0.993794062280052,0.0,0.0,0.0,0.0,0.0,0.0,0.993794062280052,0.22031316455305955,1.9,0.5230495064631853,0.0,0.0,0.0,0.6,a,,False,True
222,Strand Larsen,FWD,8,CRY,6.0,6,NFO,True,0.523,0.993794062280052,0.0,0.0,0.0,0.0,0.0,0.0,0.993794062280052,0.3218250163764741,1.9,0.5230495064631853,0.0,0.0,0.0,0.6,a,,False,True
223,Mateta,FWD,8,CRY,6.5,1,EVE,False,0.662,1.3821495700833792,0.12387284838483276,0.0,0.0,0.0,0.0,0.0,1.2582767216985464,0.2563106982946024,2.087048212744071,0.6622509061571298,0.0467620531860178,0.0,0.0,5.7,a,,True,True
223,Mateta,FWD,8,CRY,6.5,2,MCI,True,0.662,1.3791382525256155,0.1208615308270691,0.0,0.0,0.0,0.0,0.0,1.2582767216985464,0.19278740970600405,2.0825011180858883,0.6622509061571298,0.04562527952147216,0.0,0.0,5.7,a,,True,True
223,Mateta,FWD,8,CRY,6.5,3,FUL,False,0.662,1.376900923517977,0.11862420181943059,0.0,0.0,0.0,0.0,0.0,1.2582767216985464,0.25079625096766783,2.079122747461043,0.6622509061571298,0.04478068686526081,0.0,0.0,5.7,a,,True,True
223,Mateta,FWD,8,CRY,6.5,4,IPS,True,0.662,1.4476804808594856,0.18940375916093913,0.0,0.0,0.0,0.0,0.0,1.2582767216985464,0.3665549260502341,2.186,0.6622509061571298,0.07150000000000001,0.0,0.0,5.7,a,,True,True
223,Mateta,FWD,8,CRY,6.5,5,LEE,False,0.662,1.3845482986551625,0.1262715769566161,0.0,0.0,0.0,0.0,0.0,1.2582767216985464,0.22031316455305955,2.0906702969865867,0.6622509061571298,0.04766757424664667,0.0,0.0,5.7,a,,True,True
223,Mateta,FWD,8,CRY,6.5,6,NFO,True,0.662,1.4079532460195598,0.14967652432101344,0.0,0.0,0.0,0.0,0.0,1.2582767216985464,0.3218250163764741,2.126011807502911,0.6622509061571298,0.056502951875727694,0.0,0.0,5.7,a,,True,True
224,Nketiah,FWD,8,CRY,5.5,1,EVE,False,0.332,0.6313071107705213,0.0,0.0,0.0,0.0,0.0,0.0,0.6313071107705213,0.2563106982946024,1.9,0.3322669004055375,0.0,0.0,0.0,0.5,a,,False,True
224,Nketiah,FWD,8,CRY,5.5,2,MCI,True,0.332,0.6313071107705213,0.0,0.0,0.0,0.0,0.0,0.0,0.6313071107705213,0.19278740970600405,1.9,0.3322669004055375,0.0,0.0,0.0,0.5,a,,False,True
224,Nketiah,FWD,8,CRY,5.5,3,FUL,False,0.332,0.6313071107705213,0.0,0.0,0.0,0.0,0.0,0.0,0.6313071107705213,0.25079625096766783,1.9,0.3322669004055375,0.0,0.0,0.0,0.5,a,,False,True
224,Nketiah,FWD,8,CRY,5.5,4,IPS,True,0.332,0.6313071107705213,0.0,0.0,0.0,0.0,0.0,0.0,0.6313071107705213,0.3665549260502341,1.9,0.3322669004055375,0.0,0.0,0.0,0.5,a,,False,True
224,Nketiah,FWD,8,CRY,5.5,5,LEE,False,0.332,0.6313071107705213,0.0,0.0,0.0,0.0,0.0,0.0,0.6313071107705213,0.22031316455305955,1.9,0.3322669004055375,0.0,0.0,0.0,0.5,a,,False,True
224,Nketiah,FWD,8,CRY,5.5,6,NFO,True,0.332,0.6313071107705213,0.0,0.0,0.0,0.0,0.0,0.0,0.6313071107705213,0.3218250163764741,1.9,0.3322669004055375,0.0,0.0,0.0,0.5,a,,False,True
225,Uche,FWD,8,CRY,5.0,1,EVE,False,0.0,0.0,0.0,0.0,0.0,0.0,0.0,0.0,0.0,0.2563106982946024,1.9,0.1794799825783441,0.0,0.0,0.0,0.0,u,has returned to Getafe CF,False,True
225,Uche,FWD,8,CRY,5.0,2,MCI,True,0.0,0.0,0.0,0.0,0.0,0.0,0.0,0.0,0.0,0.19278740970600405,1.9,0.1794799825783441,0.0,0.0,0.0,0.0,u,has returned to Getafe CF,False,True
225,Uche,FWD,8,CRY,5.0,3,FUL,False,0.108,0.20460718013931228,0.0,0.0,0.0,0.0,0.0,0.0,0.20460718013931228,0.25079625096766783,1.9,0.1794799825783441,0.0,0.0,0.0,0.0,u,has returned to Getafe CF,False,True
225,Uche,FWD,8,CRY,5.0,4,IPS,True,0.108,0.20460718013931228,0.0,0.0,0.0,0.0,0.0,0.0,0.20460718013931228,0.3665549260502341,1.9,0.1794799825783441,0.0,0.0,0.0,0.0,u,has returned to Getafe CF,False,True
225,Uche,FWD,8,CRY,5.0,5,LEE,False,0.108,0.20460718013931228,0.0,0.0,0.0,0.0,0.0,0.0,0.20460718013931228,0.22031316455305955,1.9,0.1794799825783441,0.0,0.0,0.0,0.0,u,has returned to Getafe CF,False,True
225,Uche,FWD,8,CRY,5.0,6,NFO,True,0.108,0.20460718013931228,0.0,0.0,0.0,0.0,0.0,0.0,0.20460718013931228,0.3218250163764741,1.9,0.1794799825783441,0.0,0.0,0.0,0.0,u,has returned to Getafe CF,False,True
241,McNeil,MID,8,CRY,5.5,1,EVE,False,0.436,0.9409116627906629,0.0,0.0,0.11184182572304865,0.0,0.0,0.0,0.8290698370676142,0.2563106982946024,2.156310698294602,0.4363525458250601,0.0,0.0,0.0,0.2,a,,False,True
241,McNeil,MID,8,CRY,5.5,2,MCI,True,0.436,0.9131931140958479,0.0,0.0,0.08412327702823377,0.0,0.0,0.0,0.8290698370676142,0.19278740970600405,2.0927874097060037,0.4363525458250601,0.0,0.0,0.0,0.2,a,,False,True
241,McNeil,MID,8,CRY,5.5,3,FUL,False,0.436,0.9385054196607368,0.0,0.0,0.10943558259312255,0.0,0.0,0.0,0.8290698370676142,0.25079625096766783,2.1507962509676677,0.4363525458250601,0.0,0.0,0.0,0.2,a,,False,True
241,McNeil,MID,8,CRY,5.5,4,IPS,True,0.436,0.9890170122343505,0.0,0.0,0.1599471751667363,0.0,0.0,0.0,0.8290698370676142,0.3665549260502341,2.266554926050234,0.4363525458250601,0.0,0.0,0.0,0.2,a,,False,True
241,McNeil,MID,8,CRY,5.5,5,LEE,False,0.436,0.9252040472991171,0.0,0.0,0.09613421023150293,0.0,0.0,0.0,0.8290698370676142,0.22031316455305955,2.1203131645530595,0.4363525458250601,0.0,0.0,0.0,0.2,a,,False,True
241,McNeil,MID,8,CRY,5.5,6,NFO,True,0.436,0.9694990022736802,0.0,0.0,0.14042916520606613,0.0,0.0,0.0,0.8290698370676142,0.3218250163764741,2.221825016376474,0.4363525458250601,0.0,0.0,0.0,0.2,a,,False,True
555,Matthews,GK,8,CRY,4.0,1,EVE,False,0.154,0.3825369622832844,0.0,0.0,0.15825790012527313,0.0,0.0,0.0,0.29328663633502255,0.2563106982946024,2.478190746843271,0.1543613875447487,0.0,0.0,0.0,1.8,a,,False,True
555,Matthews,GK,8,CRY,4.0,2,MCI,True,0.154,0.3224622749503313,0.0,0.0,0.11903572825350696,0.0,0.0,0.0,0.29328663633502255,0.19278740970600405,2.0890086574069624,0.1543613875447487,0.0,0.0,0.0,1.8,a,,False,True
555,Matthews,GK,8,CRY,4.0,3,FUL,False,0.154,0.37756246670636007,0.0,0.0,0.15485302916156093,0.0,0.0,0.0,0.29328663633502255,0.25079625096766783,2.4459644520680817,0.1543613875447487,0.0,0.0,0.0,1.8,a,,False,True
555,Matthews,GK,8,CRY,4.0,4,IPS,True,0.154,0.47556125142139893,0.0,0.0,0.22632770798590757,0.0,0.0,0.0,0.29328663633502255,0.3665549260502341,3.080830374652701,0.1543613875447487,0.0,0.0,0.0,1.8,a,,False,True
555,Matthews,GK,8,CRY,4.0,5,LEE,False,0.154,0.3493025912060358,0.0,0.0,0.13603138309913929,0.0,0.0,0.0,0.29328663633502255,0.22031316455305955,2.2628883865453364,0.1543613875447487,0.0,0.0,0.0,1.8,a,,False,True
555,Matthews,GK,8,CRY,4.0,6,NFO,True,0.154,0.43908811244069523,0.0,0.0,0.19870942429793606,0.0,0.0,0.0,0.29328663633502255,0.3218250163764741,2.8445462911727546,0.1543613875447487,0.0,0.0,0.0,1.8,a,,False,True
577,Tomiyasu,DEF,8,CRY,4.5,1,EVE,False,0.209,0.5170098449087984,0.0,0.0,0.21389016086442342,0.0,0.0,0.0,0.3963854302087111,0.2563106982946024,2.478190746843271,0.20862391063616373,0.0,0.0,0.0,0.4,a,,False,True
577,Tomiyasu,DEF,8,CRY,4.5,2,MCI,True,0.209,0.4358171554610425,0.0,0.0,0.1608802533371315,0.0,0.0,0.0,0.3963854302087111,0.19278740970600405,2.0890086574069624,0.20862391063616373,0.0,0.0,0.0,0.4,a,,False,True
577,Tomiyasu,DEF,8,CRY,4.5,3,FUL,False,0.209,0.5102866692674847,0.0,0.0,0.2092883785990545,0.0,0.0,0.0,0.3963854302087111,0.25079625096766783,2.4459644520680817,0.20862391063616373,0.0,0.0,0.0,0.4,a,,False,True
577,Tomiyasu,DEF,8,CRY,4.5,4,IPS,True,0.209,0.6427348807667239,0.0,0.0,0.3058884885421986,0.0,0.0,0.0,0.3963854302087111,0.3665549260502341,3.080830374652701,0.20862391063616373,0.0,0.0,0.0,0.4,a,,False,True
577,Tomiyasu,DEF,8,CRY,4.5,5,LEE,False,0.209,0.47209262453424694,0.0,0.0,0.18385037581475172,0.0,0.0,0.0,0.3963854302087111,0.22031316455305955,2.2628883865453364,0.20862391063616373,0.0,0.0,0.0,0.4,a,,False,True
577,Tomiyasu,DEF,8,CRY,4.5,6,NFO,True,0.209,0.5934403712500558,0.0,0.0,0.26856157382802986,0.0,0.0,0.0,0.3963854302087111,0.3218250163764741,2.8445462911727546,0.20862391063616373,0.0,0.0,0.0,0.4,a,,False,True
588,Khalaili,DEF,8,CRY,5.0,1,EVE,False,0.583,1.4446936580230938,0.0,0.0,0.5976786747046975,0.0,0.0,0.0,1.1076298116843368,0.2563106982946024,2.478190746843271,0.5829630587812299,0.0,0.0,0.0,0.1,a,,False,True
588,Khalaili,DEF,8,CRY,5.0,2,MCI,True,0.583,1.2178148767424333,0.0,0.0,0.44955175222688915,0.0,0.0,0.0,1.1076298116843368,0.19278740970600405,2.0890086574069624,0.5829630587812299,0.0,0.0,0.0,0.1,a,,False,True
588,Khalaili,DEF,8,CRY,5.0,3,FUL,False,0.583,1.425906918647764,0.0,0.0,0.5848197983799065,0.0,0.0,0.0,1.1076298116843368,0.25079625096766783,2.4459644520680817,0.5829630587812299,0.0,0.0,0.0,0.1,a,,False,True
588,Khalaili,DEF,8,CRY,5.0,4,IPS,True,0.583,1.7960102987936613,0.0,0.0,0.8547519236062879,0.0,0.0,0.0,1.1076298116843368,0.3665549260502341,3.080830374652701,0.5829630587812299,0.0,0.0,0.0,0.1,a,,False,True
588,Khalaili,DEF,8,CRY,5.0,5,LEE,False,0.583,1.3191803355009915,0.0,0.0,0.5137377451904961,0.0,0.0,0.0,1.1076298116843368,0.22031316455305955,2.2628883865453364,0.5829630587812299,0.0,0.0,0.0,0.1,a,,False,True
588,Khalaili,DEF,8,CRY,5.0,6,NFO,True,0.583,1.6582654067468723,0.0,0.0,0.750448383756595,0.0,0.0,0.0,1.1076298116843368,0.3218250163764741,2.8445462911727546,0.5829630587812299,0.0,0.0,0.0,0.1,a,,False,True
595,Gozo,MID,8,CRY,5.0,1,EVE,False,0.153,0.3296192009481831,0.0,0.0,0.039180312759731564,0.0,0.0,0.0,0.29043888818845154,0.2563106982946024,2.156310698294602,0.15286257273076398,0.0,0.0,0.0,0.0,a,,False,True
595,Gozo,MID,8,CRY,5.0,2,MCI,True,0.153,0.3199088676262112,0.0,0.0,0.029469979437759638,0.0,0.0,0.0,0.29043888818845154,0.19278740970600405,2.0927874097060037,0.15286257273076398,0.0,0.0,0.0,0.0,a,,False,True
595,Gozo,MID,8,CRY,5.0,3,FUL,False,0.153,0.3287762483425996,0.0,0.0,0.03833736015414806,0.0,0.0,0.0,0.29043888818845154,0.25079625096766783,2.1507962509676677,0.15286257273076398,0.0,0.0,0.0,0.0,a,,False,True
595,Gozo,MID,8,CRY,5.0,4,IPS,True,0.153,0.3464714172316253,0.0,0.0,0.05603252904317372,0.0,0.0,0.0,0.29043888818845154,0.3665549260502341,2.266554926050234,0.15286257273076398,0.0,0.0,0.0,0.0,a,,False,True
595,Gozo,MID,8,CRY,5.0,5,LEE,False,0.153,0.3241165253284884,0.0,0.0,0.03367763714003684,0.0,0.0,0.0,0.29043888818845154,0.22031316455305955,2.1203131645530595,0.15286257273076398,0.0,0.0,0.0,0.0,a,,False,True
595,Gozo,MID,8,CRY,5.0,6,NFO,True,0.153,0.33963388816087964,0.0,0.0,0.04919499997242808,0.0,0.0,0.0,0.29043888818845154,0.3218250163764741,2.221825016376474,0.15286257273076398,0.0,0.0,0.0,0.0,a,,False,True
21,Nørgaard,MID,9,EVE,5.0,1,CRY,True,0.0,0.0,0.0,0.0,0.0,0.0,0.0,0.0,0.0,0.2736915881034291,2.173691588103429,0.16279281975688184,0.0,0.0,0.0,0.1,i,Unspecified injury - Unknown return date,False,True
21,Nørgaard,MID,9,EVE,5.0,2,BOU,False,0.0,0.0,0.0,0.0,0.0,0.0,0.0,0.0,0.0,0.16300160124491855,2.0630016012449186,0.16279281975688184,0.0,0.0,0.0,0.1,i,Unspecified injury - Unknown return date,False,True
21,Nørgaard,MID,9,EVE,5.0,3,MUN,True,0.098,0.2062616354658968,0.0,0.0,0.020677820943051504,0.0,0.0,0.0,0.18558381452284528,0.2116987405006784,2.111698740500678,0.16279281975688184,0.0,0.0,0.0,0.1,i,Unspecified injury - Unknown return date,False,True
21,Nørgaard,MID,9,EVE,5.0,4,TOT,False,0.098,0.21133252510078462,0.0,0.0,0.025748710577939343,0.0,0.0,0.0,0.18558381452284528,0.26361431477130465,2.1636143147713045,0.16279281975688184,0.0,0.0,0.0,0.1,i,Unspecified injury - Unknown return date,False,True
21,Nørgaard,MID,9,EVE,5.0,5,IPS,True,0.098,0.22026349083784172,0.0,0.0,0.03467967631499644,0.0,0.0,0.0,0.18558381452284528,0.3550492006423439,2.2550492006423437,0.16279281975688184,0.0,0.0,0.0,0.1,i,Unspecified injury - Unknown return date,False,True
21,Nørgaard,MID,9,EVE,5.0,6,HUL,False,0.098,0.21348583342192284,0.0,0.0,0.027902018899077573,0.0,0.0,0.0,0.18558381452284528,0.2856598030628442,2.185659803062844,0.16279281975688184,0.0,0.0,0.0,0.1,i,Unspecified injury - Unknown return date,False,True
209,Johnson,MID,9,EVE,6.0,1,CRY,True,0.714,1.5517663158800776,0.0,0.0,0.19538438188887053,0.0,0.0,0.0,1.356381933991207,0.2736915881034291,2.173691588103429,0.7138852284164248,0.0,0.0,0.0,0.2,a,,False,True
209,Johnson,MID,9,EVE,6.0,2,BOU,False,0.714,1.4727463693281788,0.0,0.0,0.11636443533697167,0.0,0.0,0.0,1.356381933991207,0.16300160124491855,2.0630016012449186,0.7138852284164248,0.0,0.0,0.0,0.2,a,,False,True
209,Johnson,MID,9,EVE,6.0,3,MUN,True,0.714,1.5075105377090035,0.0,0.0,0.15112860371779624,0.0,0.0,0.0,1.356381933991207,0.2116987405006784,2.111698740500678,0.7138852284164248,0.0,0.0,0.0,0.2,a,,False,True
209,Johnson,MID,9,EVE,6.0,4,TOT,False,0.714,1.5445722993055593,0.0,0.0,0.18819036531435213,0.0,0.0,0.0,1.356381933991207,0.26361431477130465,2.1636143147713045,0.7138852284164248,0.0,0.0,0.0,0.2,a,,False,True
209,Johnson,MID,9,EVE,6.0,5,IPS,True,0.714,1.6098463136908359,0.0,0.0,0.2534643796996287,0.0,0.0,0.0,1.356381933991207,0.3550492006423439,2.2550492006423437,0.7138852284164248,0.0,0.0,0.0,0.2,a,,False,True
209,Johnson,MID,9,EVE,6.0,6,HUL,False,0.714,1.5603102477501165,0.0,0.0,0.20392831375890946,0.0,0.0,0.0,1.356381933991207,0.2856598030628442,2.185659803062844,0.7138852284164248,0.0,0.0,0.0,0.2,a,,False,True
226,Pickford,GK,9,EVE,5.5,1,CRY,True,0.645,1.6618773967036873,0.0,0.0,0.7056736089148691,0.0,0.0,0.0,1.224717816712333,0.2736915881034291,2.5781996559936293,0.6445883245854385,0.0,0.0,0.0,8.3,a,,False,True
226,Pickford,GK,9,EVE,5.5,2,BOU,False,0.645,1.217532257529066,0.0,0.0,0.42027571620482307,0.0,0.0,0.0,1.224717816712333,0.16300160124491855,1.8888524831908982,0.6445883245854385,0.0,0.0,0.0,8.3,a,,False,True
226,Pickford,GK,9,EVE,5.5,3,MUN,True,0.645,1.4241826826201802,0.0,0.0,0.5458341458247192,0.0,0.0,0.0,1.224717816712333,0.2116987405006784,2.2094453596194614,0.6445883245854385,0.0,0.0,0.0,8.3,a,,False,True
226,Pickford,GK,9,EVE,5.5,4,TOT,False,0.645,1.6246823412467415,0.0,0.0,0.6796908379806946,0.0,0.0,0.0,1.224717816712333,0.26361431477130465,2.520496073663206,0.6445883245854385,0.0,0.0,0.0,8.3,a,,False,True
226,Pickford,GK,9,EVE,5.5,5,IPS,True,0.645,1.9472616793915765,0.0,0.0,0.9154422775497906,0.0,0.0,0.0,1.224717816712333,0.3550492006423439,3.0209384891417965,0.6445883245854385,0.0,0.0,0.0,8.3,a,,False,True
226,Pickford,GK,9,EVE,5.5,6,HUL,False,0.645,1.7054454707231628,0.0,0.0,0.7365318954307403,0.0,0.0,0.0,1.224717816712333,0.2856598030628442,2.6457901976738496,0.6445883245854385,0.0,0.0,0.0,8.3,a,,False,True
227,Travers,GK,9,EVE,5.0,1,CRY,True,0.487,1.2566374539763872,0.0,0.0,0.5335988617475744,0.0,0.0,0.0,0.9260769068076531,0.2736915881034291,2.5781996559936293,0.48740889831981743,0.0,0.0,0.0,0.0,a,,False,True
227,Travers,GK,9,EVE,5.0,2,BOU,False,0.487,0.9206435079207271,0.0,0.0,0.31779372354860774,0.0,0.0,0.0,0.9260769068076531,0.16300160124491855,1.8888524831908982,0.48740889831981743,0.0,0.0,0.0,0.0,a,,False,True
227,Travers,GK,9,EVE,5.0,3,MUN,True,0.487,1.0769033286299545,0.0,0.0,0.4127353995325143,0.0,0.0,0.0,0.9260769068076531,0.2116987405006784,2.2094453596194614,0.48740889831981743,0.0,0.0,0.0,0.0,a,,False,True
227,Travers,GK,9,EVE,5.0,4,TOT,False,0.487,1.2285122144836085,0.0,0.0,0.5139518509760607,0.0,0.0,0.0,0.9260769068076531,0.26361431477130465,2.520496073663206,0.48740889831981743,0.0,0.0,0.0,0.0,a,,False,True
227,Travers,GK,9,EVE,5.0,5,IPS,True,0.487,1.4724323008845368,0.0,0.0,0.6922165589376666,0.0,0.0,0.0,0.9260769068076531,0.3550492006423439,3.0209384891417965,0.48740889831981743,0.0,0.0,0.0,0.0,a,,False,True
227,Travers,GK,9,EVE,5.0,6,HUL,False,0.487,1.289581685433583,0.0,0.0,0.5569325196204676,0.0,0.0,0.0,0.9260769068076531,0.2856598030628442,2.6457901976738496,0.48740889831981743,0.0,0.0,0.0,0.0,a,,False,True
228,King,GK,9,EVE,4.5,1,CRY,True,0.293,0.7561532493595573,0.0,0.0,0.32108108180943273,0.0,0.0,0.0,0.5572458946083688,0.2736915881034291,2.5781996559936293,0.29328731295177307,0.0,0.0,0.0,0.0,a,,False,True
228,King,GK,9,EVE,4.5,2,BOU,False,0.293,0.5539764693573427,0.0,0.0,0.1912252065438342,0.0,0.0,0.0,0.5572458946083688,0.16300160124491855,1.8888524831908982,0.29328731295177307,0.0,0.0,0.0,0.0,a,,False,True
228,King,GK,9,EVE,4.5,3,MUN,True,0.293,0.6480022926365558,0.0,0.0,0.24835421902687466,0.0,0.0,0.0,0.5572458946083688,0.2116987405006784,2.2094453596194614,0.29328731295177307,0.0,0.0,0.0,0.0,a,,False,True
228,King,GK,9,EVE,4.5,4,TOT,False,0.293,0.7392295207501759,0.0,0.0,0.3092589361395954,0.0,0.0,0.0,0.5572458946083688,0.26361431477130465,2.520496073663206,0.29328731295177307,0.0,0.0,0.0,0.0,a,,False,True
228,King,GK,9,EVE,4.5,5,IPS,True,0.293,0.8860029320729867,0.0,0.0,0.41652570408827194,0.0,0.0,0.0,0.5572458946083688,0.3550492006423439,3.0209384891417965,0.29328731295177307,0.0,0.0,0.0,0.0,a,,False,True
228,King,GK,9,EVE,4.5,6,HUL,False,0.293,0.7759766977099039,0.0,0.0,0.33512158423453703,0.0,0.0,0.0,0.5572458946083688,0.2856598030628442,2.6457901976738496,0.29328731295177307,0.0,0.0,0.0,0.0,a,,False,True
229,Tarkowski,DEF,9,EVE,6.0,1,CRY,True,0.783,2.0191627692368295,0.0,0.0,0.85738567789664,0.0,0.0,0.0,1.4880186849111328,0.2736915881034291,2.5781996559936293,0.7831677289005963,0.0,0.0,0.0,8.8,a,,False,True
229,Tarkowski,DEF,9,EVE,6.0,2,BOU,False,0.783,1.4792883094888674,0.0,0.0,0.5106303754165739,0.0,0.0,0.0,1.4880186849111328,0.16300160124491855,1.8888524831908982,0.7831677289005963,0.0,0.0,0.0,8.8,a,,False,True
229,Tarkowski,DEF,9,EVE,6.0,3,MUN,True,0.783,1.7303663044231348,0.0,0.0,0.6631824872361319,0.0,0.0,0.0,1.4880186849111328,0.2116987405006784,2.2094453596194614,0.7831677289005963,0.0,0.0,0.0,8.8,a,,False,True
229,Tarkowski,DEF,9,EVE,6.0,4,TOT,False,0.783,1.9739711857136826,0.0,0.0,0.8258168968205183,0.0,0.0,0.0,1.4880186849111328,0.26361431477130465,2.520496073663206,0.7831677289005963,0.0,0.0,0.0,8.8,a,,False,True
229,Tarkowski,DEF,9,EVE,6.0,5,IPS,True,0.783,2.3659015356895794,0.0,0.0,1.1122523044601464,0.0,0.0,0.0,1.4880186849111328,0.3550492006423439,3.0209384891417965,0.7831677289005963,0.0,0.0,0.0,8.8,a,,False,True
229,Tarkowski,DEF,9,EVE,6.0,6,HUL,False,0.783,2.072097500259688,0.0,0.0,0.8948781568116773,0.0,0.0,0.0,1.4880186849111328,0.2856598030628442,2.6457901976738496,0.7831677289005963,0.0,0.0,0.0,8.8,a,,False,True
230,Branthwaite,DEF,9,EVE,5.5,1,CRY,True,0.746,1.9244146576106207,0.0,0.0,0.8171533226087266,0.0,0.0,0.0,1.4181942197378115,0.2736915881034291,2.5781996559936293,0.7464180103883219,0.0,0.0,0.0,1.8,a,,False,True
230,Branthwaite,DEF,9,EVE,5.5,2,BOU,False,0.746,1.4098735124203914,0.0,0.0,0.4866693235653709,0.0,0.0,0.0,1.4181942197378115,0.16300160124491855,1.8888524831908982,0.7464180103883219,0.0,0.0,0.0,1.8,a,,False,True
230,Branthwaite,DEF,9,EVE,5.5,3,MUN,True,0.746,1.6491698093888687,0.0,0.0,0.6320630107449201,0.0,0.0,0.0,1.4181942197378115,0.2116987405006784,2.2094453596194614,0.7464180103883219,0.0,0.0,0.0,1.8,a,,False,True
230,Branthwaite,DEF,9,EVE,5.5,4,TOT,False,0.746,1.881343664495267,0.0,0.0,0.7870658893659122,0.0,0.0,0.0,1.4181942197378115,0.26361431477130465,2.520496073663206,0.7464180103883219,0.0,0.0,0.0,1.8,a,,False,True
230,Branthwaite,DEF,9,EVE,5.5,5,IPS,True,0.746,2.254882896570723,0.0,0.0,1.0600604717336897,0.0,0.0,0.0,1.4181942197378115,0.3550492006423439,3.0209384891417965,0.7464180103883219,0.0,0.0,0.0,1.8,a,,False,True
230,Branthwaite,DEF,9,EVE,5.5,6,HUL,False,0.746,1.9748654552526397,0.0,0.0,0.8528864874003522,0.0,0.0,0.0,1.4181942197378115,0.2856598030628442,2.6457901976738496,0.7464180103883219,0.0,0.0,0.0,1.8,a,,False,True
231,Keane,DEF,9,EVE,5.0,1,CRY,True,0.656,1.692160568186289,0.0,0.0,0.7185325809135873,0.0,0.0,0.0,1.2470349501752835,0.2736915881034291,2.5781996559936293,0.6563341843027809,0.0,0.0,0.0,1.6,a,,False,True
231,Keane,DEF,9,EVE,5.0,2,BOU,False,0.656,1.2397184538233803,0.0,0.0,0.4279340919725231,0.0,0.0,0.0,1.2470349501752835,0.16300160124491855,1.8888524831908982,0.6563341843027809,0.0,0.0,0.0,1.6,a,,False,True
231,Keane,DEF,9,EVE,5.0,3,MUN,True,0.656,1.4501345178674037,0.0,0.0,0.5557804806577554,0.0,0.0,0.0,1.2470349501752835,0.2116987405006784,2.2094453596194614,0.6563341843027809,0.0,0.0,0.0,1.6,a,,False,True
231,Keane,DEF,9,EVE,5.0,4,TOT,False,0.656,1.6542877345461018,0.0,0.0,0.6920763450238431,0.0,0.0,0.0,1.2470349501752835,0.26361431477130465,2.520496073663206,0.6563341843027809,0.0,0.0,0.0,1.6,a,,False,True
231,Keane,DEF,9,EVE,5.0,5,IPS,True,0.656,1.9827451990997564,0.0,0.0,0.9321237099637887,0.0,0.0,0.0,1.2470349501752835,0.3550492006423439,3.0209384891417965,0.6563341843027809,0.0,0.0,0.0,1.6,a,,False,True
231,Keane,DEF,9,EVE,5.0,6,HUL,False,0.656,1.7365225512265594,0.0,0.0,0.7499531753253795,0.0,0.0,0.0,1.2470349501752835,0.2856598030628442,2.6457901976738496,0.6563341843027809,0.0,0.0,0.0,1.6,a,,False,True
232,O'Brien,DEF,9,EVE,5.0,1,CRY,True,0.583,1.5029951576067608,0.0,0.0,0.63820834145387,0.0,0.0,0.0,1.1076298116843368,0.2736915881034291,2.5781996559936293,0.5829630587812299,0.0,0.0,0.0,0.5,a,,False,True
232,O'Brien,DEF,9,EVE,5.0,2,BOU,False,0.583,1.1011312211874877,0.0,0.0,0.3800956481919042,0.0,0.0,0.0,1.1076298116843368,0.16300160124491855,1.8888524831908982,0.5829630587812299,0.0,0.0,0.0,0.5,a,,False,True
232,O'Brien,DEF,9,EVE,5.0,3,MUN,True,0.583,1.288025025053756,0.0,0.0,0.4936501812096373,0.0,0.0,0.0,1.1076298116843368,0.2116987405006784,2.2094453596194614,0.5829630587812299,0.0,0.0,0.0,0.5,a,,False,True
232,O'Brien,DEF,9,EVE,5.0,4,TOT,False,0.583,1.4693561007487825,0.0,0.0,0.6147096291103908,0.0,0.0,0.0,1.1076298116843368,0.26361431477130465,2.520496073663206,0.5829630587812299,0.0,0.0,0.0,0.5,a,,False,True
232,O'Brien,DEF,9,EVE,5.0,5,IPS,True,0.583,1.7610955420200491,0.0,0.0,0.8279222720971656,0.0,0.0,0.0,1.1076298116843368,0.3550492006423439,3.0209384891417965,0.5829630587812299,0.0,0.0,0.0,0.5,a,,False,True
232,O'Brien,DEF,9,EVE,5.0,6,HUL,False,0.583,1.5423979465293423,0.0,0.0,0.6661164502574376,0.0,0.0,0.0,1.1076298116843368,0.2856598030628442,2.6457901976738496,0.5829630587812299,0.0,0.0,0.0,0.5,a,,False,True
233,Mykolenko,DEF,9,EVE,4.5,1,CRY,True,0.374,0.9655122263286653,0.0,0.0,0.40998000126615924,0.0,0.0,0.0,0.7115326486681515,0.2736915881034291,2.5781996559936293,0.3744908677200797,0.0,0.0,0.0,1.6,a,,False,True
233,Mykolenko,DEF,9,EVE,4.5,2,BOU,False,0.374,0.7073580054253867,0.0,0.0,0.2441704443598879,0.0,0.0,0.0,0.7115326486681515,0.16300160124491855,1.8888524831908982,0.3744908677200797,0.0,0.0,0.0,1.6,a,,False,True
233,Mykolenko,DEF,9,EVE,4.5,3,MUN,True,0.374,0.8274171099039958,0.0,0.0,0.31711698010138817,0.0,0.0,0.0,0.7115326486681515,0.2116987405006784,2.2094453596194614,0.3744908677200797,0.0,0.0,0.0,1.6,a,,False,True
233,Mykolenko,DEF,9,EVE,4.5,4,TOT,False,0.374,0.9439027617111879,0.0,0.0,0.39488461392856045,0.0,0.0,0.0,0.7115326486681515,0.26361431477130465,2.520496073663206,0.3744908677200797,0.0,0.0,0.0,1.6,a,,False,True
233,Mykolenko,DEF,9,EVE,4.5,5,IPS,True,0.374,1.1313138761276982,0.0,0.0,0.5318507329274882,0.0,0.0,0.0,0.7115326486681515,0.3550492006423439,3.0209384891417965,0.3744908677200797,0.0,0.0,0.0,1.6,a,,False,True
233,Mykolenko,DEF,9,EVE,4.5,6,HUL,False,0.374,0.9908242669321612,0.0,0.0,0.4279079500870065,0.0,0.0,0.0,0.7115326486681515,0.2856598030628442,2.6457901976738496,0.3744908677200797,0.0,0.0,0.0,1.6,a,,False,True
234,Patterson,DEF,9,EVE,4.5,1,CRY,True,0.284,0.7318533438948162,0.0,0.0,0.31076275025284106,0.0,0.0,0.0,0.5393381192056084,0.2736915881034291,2.5781996559936293,0.2838621680029518,0.0,0.0,0.0,0.0,a,,False,True
234,Patterson,DEF,9,EVE,4.5,2,BOU,False,0.284,0.5361737609163274,0.0,0.0,0.1850799516693409,0.0,0.0,0.0,0.5393381192056084,0.16300160124491855,1.8888524831908982,0.2838621680029518,0.0,0.0,0.0,0.0,a,,False,True
234,Patterson,DEF,9,EVE,4.5,3,MUN,True,0.284,0.6271779498656418,0.0,0.0,0.24037305376806747,0.0,0.0,0.0,0.5393381192056084,0.2116987405006784,2.2094453596194614,0.2838621680029518,0.0,0.0,0.0,0.0,a,,False,True
234,Patterson,DEF,9,EVE,4.5,4,TOT,False,0.284,0.7154734799129652,0.0,0.0,0.29932052363038036,0.0,0.0,0.0,0.5393381192056084,0.26361431477130465,2.520496073663206,0.2838621680029518,0.0,0.0,0.0,0.0,a,,False,True
234,Patterson,DEF,9,EVE,4.5,5,IPS,True,0.284,0.857530148931352,0.0,0.0,0.40314014336820303,0.0,0.0,0.0,0.5393381192056084,0.3550492006423439,3.0209384891417965,0.2838621680029518,0.0,0.0,0.0,0.0,a,,False,True
234,Patterson,DEF,9,EVE,4.5,6,HUL,False,0.284,0.7510397415926573,0.0,0.0,0.32435204403486084,0.0,0.0,0.0,0.5393381192056084,0.2856598030628442,2.6457901976738496,0.2838621680029518,0.0,0.0,0.0,0.0,a,,False,True
235,Aznou,DEF,9,EVE,4.0,1,CRY,True,0.109,0.28127956150198724,0.0,0.0,0.11943815089657317,0.0,0.0,0.0,0.2072885106517508,0.2736915881034291,2.5781996559936293,0.10909921613250043,0.0,0.0,0.0,0.2,a,,False,True
235,Aznou,DEF,9,EVE,4.0,2,BOU,False,0.109,0.20607232530605393,0.0,0.0,0.07113338769665208,0.0,0.0,0.0,0.2072885106517508,0.16300160124491855,1.8888524831908982,0.10909921613250043,0.0,0.0,0.0,0.2,a,,False,True
235,Aznou,DEF,9,EVE,4.0,3,MUN,True,0.109,0.24104875682207377,0.0,0.0,0.09238466657944654,0.0,0.0,0.0,0.2072885106517508,0.2116987405006784,2.2094453596194614,0.10909921613250043,0.0,0.0,0.0,0.2,a,,False,True
235,Aznou,DEF,9,EVE,4.0,4,TOT,False,0.109,0.2749841459017008,0.0,0.0,0.11504046041142227,0.0,0.0,0.0,0.2072885106517508,0.26361431477130465,2.520496073663206,0.10909921613250043,0.0,0.0,0.0,0.2,a,,False,True
235,Aznou,DEF,9,EVE,4.0,5,IPS,True,0.109,0.3295820211498702,0.0,0.0,0.15494235791420236,0.0,0.0,0.0,0.2072885106517508,0.3550492006423439,3.0209384891417965,0.10909921613250043,0.0,0.0,0.0,0.2,a,,False,True
235,Aznou,DEF,9,EVE,4.0,6,HUL,False,0.109,0.28865363661727034,0.0,0.0,0.124661042378883,0.0,0.0,0.0,0.2072885106517508,0.2856598030628442,2.6457901976738496,0.10909921613250043,0.0,0.0,0.0,0.2,a,,False,True
236,Dewsbury-Hall,MID,9,EVE,6.5,1,CRY,True,0.759,1.6501401390218289,0.0,0.0,0.2077707241054144,0.0,0.0,0.0,1.4423694149164146,0.2736915881034291,2.173691588103429,0.7591417973244288,0.0,0.0,0.0,3.9,a,,False,True
236,Dewsbury-Hall,MID,9,EVE,6.5,2,BOU,False,0.759,1.5661107434522419,0.0,0.0,0.12374132853582731,0.0,0.0,0.0,1.4423694149164146,0.16300160124491855,2.0630016012449186,0.7591417973244288,0.0,0.0,0.0,3.9,a,,False,True
236,Dewsbury-Hall,MID,9,EVE,6.5,3,MUN,True,0.759,1.6030787772714175,0.0,0.0,0.16070936235500285,0.0,0.0,0.0,1.4423694149164146,0.2116987405006784,2.111698740500678,0.7591417973244288,0.0,0.0,0.0,3.9,a,,False,True
236,Dewsbury-Hall,MID,9,EVE,6.5,4,TOT,False,0.759,1.6424900596323504,0.0,0.0,0.2001206447159359,0.0,0.0,0.0,1.4423694149164146,0.26361431477130465,2.1636143147713045,0.7591417973244288,0.0,0.0,0.0,3.9,a,,False,True
236,Dewsbury-Hall,MID,9,EVE,6.5,5,IPS,True,0.759,1.7119021032306452,0.0,0.0,0.26953268831423066,0.0,0.0,0.0,1.4423694149164146,0.3550492006423439,2.2550492006423437,0.7591417973244288,0.0,0.0,0.0,3.9,a,,False,True
236,Dewsbury-Hall,MID,9,EVE,6.5,6,HUL,False,0.759,1.6592257112368844,0.0,0.0,0.21685629632046993,0.0,0.0,0.0,1.4423694149164146,0.2856598030628442,2.185659803062844,0.7591417973244288,0.0,0.0,0.0,3.9,a,,False,True
237,Ndiaye,MID,9,EVE,6.0,1,CRY,True,0.68,1.6653160757051237,0.18653826842166638,0.0,0.18619432892071264,0.0,0.0,0.0,1.2925834783627448,0.2736915881034291,2.4478887412730614,0.6803070938751289,0.05483943063392654,0.0,0.0,16.0,a,,True,True
237,Ndiaye,MID,9,EVE,6.0,2,BOU,False,0.68,1.564825526883049,0.16135090288038106,0.0,0.11089114563992314,0.0,0.0,0.0,1.2925834783627448,0.16300160124491855,2.300175231114486,0.6803070938751289,0.04743472597391354,0.0,0.0,16.0,a,,True,True
237,Ndiaye,MID,9,EVE,6.0,3,MUN,True,0.68,1.6121354316976308,0.17553179840784458,0.0,0.14402015492704157,0.0,0.0,0.0,1.2925834783627448,0.2116987405006784,2.369717214787033,0.6803070938751289,0.051603694857270926,0.0,0.0,16.0,a,,True,True
237,Ndiaye,MID,9,EVE,6.0,4,TOT,False,0.68,1.6291857435385795,0.15726357678988503,0.0,0.17933868838594974,0.0,0.0,0.0,1.2925834783627448,0.26361431477130465,2.3947798842703505,0.6803070938751289,0.04623311389980918,0.0,0.0,16.0,a,,True,True
237,Ndiaye,MID,9,EVE,6.0,5,IPS,True,0.68,1.7773357542947839,0.24320978606035862,0.0,0.24154248987168053,0.0,0.0,0.0,1.2925834783627448,0.3550492006423439,2.612549200642344,0.6803070938751289,0.07150000000000001,0.0,0.0,16.0,a,,True,True
237,Ndiaye,MID,9,EVE,6.0,6,HUL,False,0.68,1.687919692011749,0.200999823190379,0.0,0.1943363904586252,0.0,0.0,0.0,1.2925834783627448,0.2856598030628442,2.48111434851739,0.6803070938751289,0.0590909090909091,0.0,0.0,16.0,a,,True,True
239,Garner,MID,9,EVE,6.0,1,CRY,True,0.607,1.319291608927581,0.0,0.0,0.16611326905578327,0.0,0.0,0.0,1.1531783398717976,0.2736915881034291,2.173691588103429,0.6069359683535778,0.0,0.0,0.0,0.1,a,,False,True
239,Garner,MID,9,EVE,6.0,2,BOU,False,0.607,1.252109874566566,0.0,0.0,0.0989315346947684,0.0,0.0,0.0,1.1531783398717976,0.16300160124491855,2.0630016012449186,0.6069359683535778,0.0,0.0,0.0,0.1,a,,False,True
239,Garner,MID,9,EVE,6.0,3,MUN,True,0.607,1.2816659199368097,0.0,0.0,0.128487580065012,0.0,0.0,0.0,1.1531783398717976,0.2116987405006784,2.111698740500678,0.6069359683535778,0.0,0.0,0.0,0.1,a,,False,True
239,Garner,MID,9,EVE,6.0,4,TOT,False,0.607,1.3131753492793843,0.0,0.0,0.15999700940758665,0.0,0.0,0.0,1.1531783398717976,0.26361431477130465,2.1636143147713045,0.6069359683535778,0.0,0.0,0.0,0.1,a,,False,True
239,Garner,MID,9,EVE,6.0,5,IPS,True,0.607,1.3686704702768224,0.0,0.0,0.21549213040502474,0.0,0.0,0.0,1.1531783398717976,0.3550492006423439,2.2550492006423437,0.6069359683535778,0.0,0.0,0.0,0.1,a,,False,True
239,Garner,MID,9,EVE,6.0,6,HUL,False,0.607,1.3265555490634373,0.0,0.0,0.17337720919163968,0.0,0.0,0.0,1.1531783398717976,0.2856598030628442,2.185659803062844,0.6069359683535778,0.0,0.0,0.0,0.1,a,,False,True
240,Iroegbunam,MID,9,EVE,5.0,1,CRY,True,0.0,0.0,0.0,0.0,0.0,0.0,0.0,0.0,0.0,0.2736915881034291,2.173691588103429,0.15616083371265624,0.0,0.0,0.0,0.0,i,Thigh injury - Unknown return date,False,True
240,Iroegbunam,MID,9,EVE,5.0,2,BOU,False,0.0,0.0,0.0,0.0,0.0,0.0,0.0,0.0,0.0,0.16300160124491855,2.0630016012449186,0.15616083371265624,0.0,0.0,0.0,0.0,i,Thigh injury - Unknown return date,False,True
240,Iroegbunam,MID,9,EVE,5.0,3,MUN,True,0.094,0.19785878151993122,0.0,0.0,0.019835431087503123,0.0,0.0,0.0,0.1780233504324281,0.2116987405006784,2.111698740500678,0.15616083371265624,0.0,0.0,0.0,0.0,i,Thigh injury - Unknown return date,False,True
240,Iroegbunam,MID,9,EVE,5.0,4,TOT,False,0.094,0.2027230891363946,0.0,0.0,0.024699738703966512,0.0,0.0,0.0,0.1780233504324281,0.26361431477130465,2.1636143147713045,0.15616083371265624,0.0,0.0,0.0,0.0,i,Thigh injury - Unknown return date,False,True
240,Iroegbunam,MID,9,EVE,5.0,5,IPS,True,0.094,0.21129021794122044,0.0,0.0,0.033266867508792354,0.0,0.0,0.0,0.1780233504324281,0.3550492006423439,2.2550492006423437,0.15616083371265624,0.0,0.0,0.0,0.0,i,Thigh injury - Unknown return date,False,True
240,Iroegbunam,MID,9,EVE,5.0,6,HUL,False,0.094,0.20478867423512026,0.0,0.0,0.026765323802692167,0.0,0.0,0.0,0.1780233504324281,0.2856598030628442,2.185659803062844,0.15616083371265624,0.0,0.0,0.0,0.0,i,Thigh injury - Unknown return date,False,True
242,George,MID,9,EVE,5.5,1,CRY,True,0.436,0.9484958583074492,0.0,0.0,0.11942602123983502,0.0,0.0,0.0,0.8290698370676142,0.2736915881034291,2.173691588103429,0.4363525458250601,0.0,0.0,0.0,0.3,a,,False,True
242,George,MID,9,EVE,5.5,2,BOU,False,0.436,0.9001960007443957,0.0,0.0,0.0711261636767815,0.0,0.0,0.0,0.8290698370676142,0.16300160124491855,2.0630016012449186,0.4363525458250601,0.0,0.0,0.0,0.3,a,,False,True
242,George,MID,9,EVE,5.5,3,MUN,True,0.436,0.9214451214330439,0.0,0.0,0.09237528436542979,0.0,0.0,0.0,0.8290698370676142,0.2116987405006784,2.111698740500678,0.4363525458250601,0.0,0.0,0.0,0.3,a,,False,True
242,George,MID,9,EVE,5.5,4,TOT,False,0.436,0.9440986144340017,0.0,0.0,0.11502877736638753,0.0,0.0,0.0,0.8290698370676142,0.26361431477130465,2.1636143147713045,0.4363525458250601,0.0,0.0,0.0,0.3,a,,False,True
242,George,MID,9,EVE,5.5,5,IPS,True,0.436,0.9839964596610535,0.0,0.0,0.15492662259343934,0.0,0.0,0.0,0.8290698370676142,0.3550492006423439,2.2550492006423437,0.4363525458250601,0.0,0.0,0.0,0.3,a,,False,True
242,George,MID,9,EVE,5.5,6,HUL,False,0.436,0.9537182193739715,0.0,0.0,0.12464838230635739,0.0,0.0,0.0,0.8290698370676142,0.2856598030628442,2.185659803062844,0.4363525458250601,0.0,0.0,0.0,0.3,a,,False,True
243,Alcaraz,MID,9,EVE,5.0,1,CRY,True,0.154,0.33459201926974513,0.0,0.0,0.04212880135427582,0.0,0.0,0.0,0.2924632179154693,0.2736915881034291,2.173691588103429,0.15392800942919438,0.0,0.0,0.0,0.1,a,,False,True
243,Alcaraz,MID,9,EVE,5.0,2,BOU,False,0.154,0.31755372992887093,0.0,0.0,0.025090512013401605,0.0,0.0,0.0,0.2924632179154693,0.16300160124491855,2.0630016012449186,0.15392800942919438,0.0,0.0,0.0,0.1,a,,False,True
243,Alcaraz,MID,9,EVE,5.0,3,MUN,True,0.154,0.3250495836394063,0.0,0.0,0.032586365723937,0.0,0.0,0.0,0.2924632179154693,0.2116987405006784,2.111698740500678,0.15392800942919438,0.0,0.0,0.0,0.1,a,,False,True
243,Alcaraz,MID,9,EVE,5.0,4,TOT,False,0.154,0.3330408446452573,0.0,0.0,0.040577626729788,0.0,0.0,0.0,0.2924632179154693,0.26361431477130465,2.1636143147713045,0.15392800942919438,0.0,0.0,0.0,0.1,a,,False,True
243,Alcaraz,MID,9,EVE,5.0,5,IPS,True,0.154,0.34711523461977195,0.0,0.0,0.05465201670430264,0.0,0.0,0.0,0.2924632179154693,0.3550492006423439,2.2550492006423437,0.15392800942919438,0.0,0.0,0.0,0.1,a,,False,True
243,Alcaraz,MID,9,EVE,5.0,6,HUL,False,0.154,0.3364342627748686,0.0,0.0,0.043971044859399296,0.0,0.0,0.0,0.2924632179154693,0.2856598030628442,2.185659803062844,0.15392800942919438,0.0,0.0,0.0,0.1,a,,False,True
244,Armstrong,MID,9,EVE,5.0,1,CRY,True,0.153,0.33298231401975875,0.0,0.0,0.04192612182574547,0.0,0.0,0.0,0.2910561921940133,0.2736915881034291,2.173691588103429,0.1531874695757965,0.0,0.0,0.0,0.1,a,,False,True
244,Armstrong,MID,9,EVE,5.0,2,BOU,False,0.153,0.31602599502552536,0.0,0.0,0.02496980283151207,0.0,0.0,0.0,0.2910561921940133,0.16300160124491855,2.0630016012449186,0.1531874695757965,0.0,0.0,0.0,0.1,a,,False,True
244,Armstrong,MID,9,EVE,5.0,3,MUN,True,0.153,0.3234857865636954,0.0,0.0,0.03242959436968211,0.0,0.0,0.0,0.2910561921940133,0.2116987405006784,2.111698740500678,0.1531874695757965,0.0,0.0,0.0,0.1,a,,False,True
244,Armstrong,MID,9,EVE,5.0,4,TOT,False,0.153,0.33143860201778697,0.0,0.0,0.04038240982377367,0.0,0.0,0.0,0.2910561921940133,0.26361431477130465,2.1636143147713045,0.1531874695757965,0.0,0.0,0.0,0.1,a,,False,True
244,Armstrong,MID,9,EVE,5.0,5,IPS,True,0.153,0.3454452808153232,0.0,0.0,0.05438908862130992,0.0,0.0,0.0,0.2910561921940133,0.3550492006423439,2.2550492006423437,0.1531874695757965,0.0,0.0,0.0,0.1,a,,False,True
244,Armstrong,MID,9,EVE,5.0,6,HUL,False,0.153,0.33481569458473076,0.0,0.0,0.043759502390717464,0.0,0.0,0.0,0.2910561921940133,0.2856598030628442,2.185659803062844,0.1531874695757965,0.0,0.0,0.0,0.1,a,,False,True
245,Dibling,MID,9,EVE,5.5,1,CRY,True,0.346,0.7514970160915766,0.0,0.0,0.09462170848650547,0.0,0.0,0.0,0.6568753076050711,0.2736915881034291,2.173691588103429,0.34572384610793216,0.0,0.0,0.0,0.0,a,,False,True
245,Dibling,MID,9,EVE,5.5,2,BOU,False,0.346,0.7132288481092158,0.0,0.0,0.05635354050414475,0.0,0.0,0.0,0.6568753076050711,0.16300160124491855,2.0630016012449186,0.34572384610793216,0.0,0.0,0.0,0.0,a,,False,True
245,Dibling,MID,9,EVE,5.5,3,MUN,True,0.346,0.7300646103871706,0.0,0.0,0.0731893027820996,0.0,0.0,0.0,0.6568753076050711,0.2116987405006784,2.111698740500678,0.34572384610793216,0.0,0.0,0.0,0.0,a,,False,True
245,Dibling,MID,9,EVE,5.5,4,TOT,False,0.346,0.7480130623969136,0.0,0.0,0.09113775479184252,0.0,0.0,0.0,0.6568753076050711,0.26361431477130465,2.1636143147713045,0.34572384610793216,0.0,0.0,0.0,0.0,a,,False,True
245,Dibling,MID,9,EVE,5.5,5,IPS,True,0.346,0.7796242828086891,0.0,0.0,0.12274897520361804,0.0,0.0,0.0,0.6568753076050711,0.3550492006423439,2.2550492006423437,0.34572384610793216,0.0,0.0,0.0,0.0,a,,False,True
245,Dibling,MID,9,EVE,5.5,6,HUL,False,0.346,0.755634713398392,0.0,0.0,0.09875940579332096,0.0,0.0,0.0,0.6568753076050711,0.2856598030628442,2.185659803062844,0.34572384610793216,0.0,0.0,0.0,0.0,a,,False,True
246,Röhl,MID,9,EVE,5.0,1,CRY,True,0.153,0.33245110193981564,0.0,0.0,0.04185923640438437,0.0,0.0,0.0,0.29059186553543126,0.2736915881034291,2.173691588103429,0.1529430871239112,0.0,0.0,0.0,0.1,a,,False,True
246,Röhl,MID,9,EVE,5.0,2,BOU,False,0.153,0.31552183363596986,0.0,0.0,0.02492996810053861,0.0,0.0,0.0,0.29059186553543126,0.16300160124491855,2.0630016012449186,0.1529430871239112,0.0,0.0,0.0,0.1,a,,False,True
246,Röhl,MID,9,EVE,5.0,3,MUN,True,0.153,0.32296972444784877,0.0,0.0,0.032377858912417526,0.0,0.0,0.0,0.29059186553543126,0.2116987405006784,2.111698740500678,0.1529430871239112,0.0,0.0,0.0,0.1,a,,False,True
246,Röhl,MID,9,EVE,5.0,4,TOT,False,0.153,0.33090985264660905,0.0,0.0,0.040317987111177796,0.0,0.0,0.0,0.29059186553543126,0.26361431477130465,2.1636143147713045,0.1529430871239112,0.0,0.0,0.0,0.1,a,,False,True
246,Röhl,MID,9,EVE,5.0,5,IPS,True,0.153,0.3448941863625483,0.0,0.0,0.05430232082711703,0.0,0.0,0.0,0.29059186553543126,0.3550492006423439,2.2550492006423437,0.1529430871239112,0.0,0.0,0.0,0.1,a,,False,True
246,Röhl,MID,9,EVE,5.0,6,HUL,False,0.153,0.33428155768307116,0.0,0.0,0.043689692147639896,0.0,0.0,0.0,0.29059186553543126,0.2856598030628442,2.185659803062844,0.1529430871239112,0.0,0.0,0.0,0.1,a,,False,True
247,Hackney,MID,9,EVE,5.5,1,CRY,True,0.298,0.6481998003214696,0.0,0.0,0.08161545719238769,0.0,0.0,0.0,0.5665843431290819,0.2736915881034291,2.173691588103429,0.29820228585741154,0.0,0.0,0.0,0.3,a,,False,True
247,Hackney,MID,9,EVE,5.5,2,BOU,False,0.298,0.615191793218735,0.0,0.0,0.04860745008965301,0.0,0.0,0.0,0.5665843431290819,0.16300160124491855,2.0630016012449186,0.29820228585741154,0.0,0.0,0.0,0.3,a,,False,True
247,Hackney,MID,9,EVE,5.5,3,MUN,True,0.298,0.6297133914595192,0.0,0.0,0.0631290483304373,0.0,0.0,0.0,0.5665843431290819,0.2116987405006784,2.111698740500678,0.29820228585741154,0.0,0.0,0.0,0.3,a,,False,True
247,Hackney,MID,9,EVE,5.5,4,TOT,False,0.298,0.6451947343786202,0.0,0.0,0.07861039124953825,0.0,0.0,0.0,0.5665843431290819,0.26361431477130465,2.1636143147713045,0.29820228585741154,0.0,0.0,0.0,0.3,a,,False,True
247,Hackney,MID,9,EVE,5.5,5,IPS,True,0.298,0.6724608263524756,0.0,0.0,0.1058764832233937,0.0,0.0,0.0,0.5665843431290819,0.3550492006423439,2.2550492006423437,0.29820228585741154,0.0,0.0,0.0,0.3,a,,False,True
247,Hackney,MID,9,EVE,5.5,6,HUL,False,0.298,0.6517687493800001,0.0,0.0,0.08518440625091815,0.0,0.0,0.0,0.5665843431290819,0.2856598030628442,2.185659803062844,0.29820228585741154,0.0,0.0,0.0,0.3,a,,False,True
248,Beto,FWD,9,EVE,5.5,1,CRY,True,0.534,1.0139769614627847,0.0,0.0,0.0,0.0,0.0,0.0,1.0139769614627847,0.2736915881034291,1.9,0.5336720849804131,0.0,0.0,0.0,2.7,a,,False,True
248,Beto,FWD,9,EVE,5.5,2,BOU,False,0.534,1.0139769614627847,0.0,0.0,0.0,0.0,0.0,0.0,1.0139769614627847,0.16300160124491855,1.9,0.5336720849804131,0.0,0.0,0.0,2.7,a,,False,True
248,Beto,FWD,9,EVE,5.5,3,MUN,True,0.534,1.0139769614627847,0.0,0.0,0.0,0.0,0.0,0.0,1.0139769614627847,0.2116987405006784,1.9,0.5336720849804131,0.0,0.0,0.0,2.7,a,,False,True
248,Beto,FWD,9,EVE,5.5,4,TOT,False,0.534,1.0139769614627847,0.0,0.0,0.0,0.0,0.0,0.0,1.0139769614627847,0.26361431477130465,1.9,0.5336720849804131,0.0,0.0,0.0,2.7,a,,False,True
248,Beto,FWD,9,EVE,5.5,5,IPS,True,0.534,1.0139769614627847,0.0,0.0,0.0,0.0,0.0,0.0,1.0139769614627847,0.3550492006423439,1.9,0.5336720849804131,0.0,0.0,0.0,2.7,a,,False,True
248,Beto,FWD,9,EVE,5.5,6,HUL,False,0.534,1.0139769614627847,0.0,0.0,0.0,0.0,0.0,0.0,1.0139769614627847,0.2856598030628442,1.9,0.5336720849804131,0.0,0.0,0.0,2.7,a,,False,True
249,Barry,FWD,9,EVE,5.5,1,CRY,True,0.436,0.828001049170755,0.0,0.0,0.0,0.0,0.0,0.0,0.828001049170755,0.2736915881034291,1.9,0.4357900258793448,0.0,0.0,0.0,1.7,a,,False,True
249,Barry,FWD,9,EVE,5.5,2,BOU,False,0.436,0.828001049170755,0.0,0.0,0.0,0.0,0.0,0.0,0.828001049170755,0.16300160124491855,1.9,0.4357900258793448,0.0,0.0,0.0,1.7,a,,False,True
249,Barry,FWD,9,EVE,5.5,3,MUN,True,0.436,0.828001049170755,0.0,0.0,0.0,0.0,0.0,0.0,0.828001049170755,0.2116987405006784,1.9,0.4357900258793448,0.0,0.0,0.0,1.7,a,,False,True
249,Barry,FWD,9,EVE,5.5,4,TOT,False,0.436,0.828001049170755,0.0,0.0,0.0,0.0,0.0,0.0,0.828001049170755,0.26361431477130465,1.9,0.4357900258793448,0.0,0.0,0.0,1.7,a,,False,True
249,Barry,FWD,9,EVE,5.5,5,IPS,True,0.436,0.828001049170755,0.0,0.0,0.0,0.0,0.0,0.0,0.828001049170755,0.3550492006423439,1.9,0.4357900258793448,0.0,0.0,0.0,1.7,a,,False,True
249,Barry,FWD,9,EVE,5.5,6,HUL,False,0.436,0.828001049170755,0.0,0.0,0.0,0.0,0.0,0.0,0.828001049170755,0.2856598030628442,1.9,0.4357900258793448,0.0,0.0,0.0,1.7,a,,False,True
250,Leno,GK,10,FUL,4.5,1,CHE,True,0.484,1.1280786743486622,0.0,0.0,0.44812214106554393,0.0,0.0,0.0,0.9194272799352275,0.23151153076633635,2.3311789067357824,0.48390909470275134,0.0,0.0,0.0,3.1,a,,False,True
250,Leno,GK,10,FUL,4.5,2,SUN,False,0.484,1.3512188955537363,0.0,0.0,0.6042723205355066,0.0,0.0,0.0,0.9194272799352275,0.31218276694442487,2.7922990296013,0.48390909470275134,0.0,0.0,0.0,3.1,a,,False,True
250,Leno,GK,10,FUL,4.5,3,CRY,True,0.484,1.2897402144628316,0.0,0.0,0.559666300443275,0.0,0.0,0.0,0.9194272799352275,0.28913813904812985,2.6652530993555192,0.48390909470275134,0.0,0.0,0.0,3.1,a,,False,True
250,Leno,GK,10,FUL,4.5,4,LIV,False,0.484,0.9840257041899604,0.0,0.0,0.3567647931405925,0.0,0.0,0.0,0.9194272799352275,0.18431395330549677,2.0334928914580814,0.48390909470275134,0.0,0.0,0.0,3.1,a,,False,True
250,Leno,GK,10,FUL,4.5,5,MUN,True,0.484,1.1121681530251655,0.0,0.0,0.43763515848226303,0.0,0.0,0.0,0.9194272799352275,0.2260936833348251,2.29829975340375,0.48390909470275134,0.0,0.0,0.0,3.1,a,,False,True
250,Leno,GK,10,FUL,4.5,6,IPS,False,0.484,1.322205273381747,0.0,0.0,0.5830814926257398,0.0,0.0,0.0,0.9194272799352275,0.3012350351587764,2.73234226811532,0.48390909470275134,0.0,0.0,0.0,3.1,a,,False,True
251,Lecomte,GK,10,FUL,4.0,1,CHE,True,0.237,0.5516602515865191,0.0,0.0,0.21914355683077164,0.0,0.0,0.0,0.4496242115891729,0.23151153076633635,2.3311789067357824,0.23664432188903836,0.0,0.0,0.0,1.2,a,,False,True
251,Lecomte,GK,10,FUL,4.0,2,SUN,False,0.237,0.6607817103714195,0.0,0.0,0.2955051167560285,0.0,0.0,0.0,0.4496242115891729,0.31218276694442487,2.7922990296013,0.23664432188903836,0.0,0.0,0.0,1.2,a,,False,True
251,Lecomte,GK,10,FUL,4.0,3,CRY,True,0.237,0.6307170123596447,0.0,0.0,0.27369159538921267,0.0,0.0,0.0,0.4496242115891729,0.28913813904812985,2.6652530993555192,0.23664432188903836,0.0,0.0,0.0,1.2,a,,False,True
251,Lecomte,GK,10,FUL,4.0,4,LIV,False,0.237,0.4812145463652776,0.0,0.0,0.17446740197866867,0.0,0.0,0.0,0.4496242115891729,0.18431395330549677,2.0334928914580814,0.23664432188903836,0.0,0.0,0.0,1.2,a,,False,True
251,Lecomte,GK,10,FUL,4.0,5,MUN,True,0.237,0.5438795866419746,0.0,0.0,0.21401514550465864,0.0,0.0,0.0,0.4496242115891729,0.2260936833348251,2.29829975340375,0.23664432188903836,0.0,0.0,0.0,1.2,a,,False,True
251,Lecomte,GK,10,FUL,4.0,6,IPS,False,0.237,0.646593283206907,0.0,0.0,0.2851422424974771,0.0,0.0,0.0,0.4496242115891729,0.3012350351587764,2.73234226811532,0.23664432188903836,0.0,0.0,0.0,1.2,a,,False,True
252,McNally,GK,10,FUL,4.0,1,CHE,True,0.154,0.35984401065878574,0.0,0.0,0.14294576448680182,0.0,0.0,0.0,0.29328663633502255,0.23151153076633635,2.3311789067357824,0.1543613875447487,0.0,0.0,0.0,0.2,a,,False,True
252,McNally,GK,10,FUL,4.0,2,SUN,False,0.154,0.43102315264911206,0.0,0.0,0.19275586029240133,0.0,0.0,0.0,0.29328663633502255,0.31218276694442487,2.7922990296013,0.1543613875447487,0.0,0.0,0.0,0.2,a,,False,True
252,McNally,GK,10,FUL,4.0,3,CRY,True,0.154,0.41141216657446,0.0,0.0,0.17852705734230323,0.0,0.0,0.0,0.29328663633502255,0.28913813904812985,2.6652530993555192,0.1543613875447487,0.0,0.0,0.0,0.2,a,,False,True
252,McNally,GK,10,FUL,4.0,4,LIV,False,0.154,0.31389278428785256,0.0,0.0,0.11380383030437802,0.0,0.0,0.0,0.29328663633502255,0.18431395330549677,2.0334928914580814,0.1543613875447487,0.0,0.0,0.0,0.2,a,,False,True
252,McNally,GK,10,FUL,4.0,5,MUN,True,0.154,0.3547687389291567,0.0,0.0,0.1396005386986665,0.0,0.0,0.0,0.29328663633502255,0.2260936833348251,2.29829975340375,0.1543613875447487,0.0,0.0,0.0,0.2,a,,False,True
252,McNally,GK,10,FUL,4.0,6,IPS,False,0.154,0.4217681437534467,0.0,0.0,0.18599623201679955,0.0,0.0,0.0,0.29328663633502255,0.3012350351587764,2.73234226811532,0.1543613875447487,0.0,0.0,0.0,0.2,a,,False,True
253,Andersen,DEF,10,FUL,5.0,1,CHE,True,0.0,0.0,0.0,0.0,0.0,0.0,0.0,0.0,0.0,0.23151153076633635,2.3311789067357824,0.7024325609769122,0.0,0.0,0.0,0.0,s,Suspended until 30 Aug,False,True
253,Andersen,DEF,10,FUL,5.0,2,SUN,False,0.0,0.0,0.0,0.0,0.0,0.0,0.0,0.0,0.0,0.31218276694442487,2.7922990296013,0.7024325609769122,0.0,0.0,0.0,0.0,s,Suspended until 30 Aug,False,True
253,Andersen,DEF,10,FUL,5.0,3,CRY,True,0.421,1.1232963361391701,0.0,0.0,0.48744010437042334,0.0,0.0,0.0,0.8007731195136799,0.28913813904812985,2.6652530993555192,0.7024325609769122,0.0,0.0,0.0,0.0,s,Suspended until 30 Aug,False,True
253,Andersen,DEF,10,FUL,5.0,4,LIV,False,0.421,0.8570349716851479,0.0,0.0,0.3107234933859819,0.0,0.0,0.0,0.8007731195136799,0.18431395330549677,2.0334928914580814,0.7024325609769122,0.0,0.0,0.0,0.0,s,Suspended until 30 Aug,False,True
253,Andersen,DEF,10,FUL,5.0,5,MUN,True,0.421,0.9686403490056013,0.0,0.0,0.3811573560134021,0.0,0.0,0.0,0.8007731195136799,0.2260936833348251,2.29829975340375,0.7024325609769122,0.0,0.0,0.0,0.0,s,Suspended until 30 Aug,False,True
253,Andersen,DEF,10,FUL,5.0,6,IPS,False,0.421,1.1515717061146256,0.0,0.0,0.5078335132861188,0.0,0.0,0.0,0.8007731195136799,0.3012350351587764,2.73234226811532,0.7024325609769122,0.0,0.0,0.0,0.0,s,Suspended until 30 Aug,False,True
254,Robinson,DEF,10,FUL,4.5,1,CHE,True,0.589,1.3720120843192651,0.0,0.0,0.5450231502230489,0.0,0.0,0.0,1.1182423419645597,0.23151153076633635,2.3311789067357824,0.5885486010339789,0.0,0.0,0.0,1.7,a,,False,True
254,Robinson,DEF,10,FUL,4.5,2,SUN,False,0.589,1.6434036875403817,0.0,0.0,0.7349389230082317,0.0,0.0,0.0,1.1182423419645597,0.31218276694442487,2.7922990296013,0.5885486010339789,0.0,0.0,0.0,1.7,a,,False,True
254,Robinson,DEF,10,FUL,4.5,3,CRY,True,0.589,1.5686309830271672,0.0,0.0,0.6806873889693795,0.0,0.0,0.0,1.1182423419645597,0.28913813904812985,2.6652530993555192,0.5885486010339789,0.0,0.0,0.0,1.7,a,,False,True
254,Robinson,DEF,10,FUL,4.5,4,LIV,False,0.589,1.1968093964801945,0.0,0.0,0.4339108774759689,0.0,0.0,0.0,1.1182423419645597,0.18431395330549677,2.0334928914580814,0.5885486010339789,0.0,0.0,0.0,1.7,a,,False,True
254,Robinson,DEF,10,FUL,4.5,5,MUN,True,0.589,1.3526611046225159,0.0,0.0,0.532268484117323,0.0,0.0,0.0,1.1182423419645597,0.2260936833348251,2.29829975340375,0.5885486010339789,0.0,0.0,0.0,1.7,a,,False,True
254,Robinson,DEF,10,FUL,4.5,6,IPS,False,0.589,1.6081162194452805,0.0,0.0,0.7091658341004772,0.0,0.0,0.0,1.1182423419645597,0.3012350351587764,2.73234226811532,0.5885486010339789,0.0,0.0,0.0,1.7,a,,False,True
255,J.Cuenca,DEF,10,FUL,4.5,1,CHE,True,0.555,1.2937354453490597,0.0,0.0,0.5139282489113152,0.0,0.0,0.0,1.0544438863360974,0.23151153076633635,2.3311789067357824,0.5549704664926829,0.0,0.0,0.0,0.0,a,,False,True
255,J.Cuenca,DEF,10,FUL,4.5,2,SUN,False,0.555,1.5496434950448992,0.0,0.0,0.6930088632084959,0.0,0.0,0.0,1.0544438863360974,0.31218276694442487,2.7922990296013,0.5549704664926829,0.0,0.0,0.0,0.0,a,,False,True
255,J.Cuenca,DEF,10,FUL,4.5,3,CRY,True,0.555,1.4791367558704014,0.0,0.0,0.6418525116334673,0.0,0.0,0.0,1.0544438863360974,0.28913813904812985,2.6652530993555192,0.5549704664926829,0.0,0.0,0.0,0.0,a,,False,True
255,J.Cuenca,DEF,10,FUL,4.5,4,LIV,False,0.555,1.128528498582046,0.0,0.0,0.40915520258824845,0.0,0.0,0.0,1.0544438863360974,0.18431395330549677,2.0334928914580814,0.5549704664926829,0.0,0.0,0.0,0.0,a,,False,True
255,J.Cuenca,DEF,10,FUL,4.5,5,MUN,True,0.555,1.2754884862864972,0.0,0.0,0.5019012676455072,0.0,0.0,0.0,1.0544438863360974,0.2260936833348251,2.29829975340375,0.5549704664926829,0.0,0.0,0.0,0.0,a,,False,True
255,J.Cuenca,DEF,10,FUL,4.5,6,IPS,False,0.555,1.5163692631536345,0.0,0.0,0.6687061919440235,0.0,0.0,0.0,1.0544438863360974,0.3012350351587764,2.73234226811532,0.5549704664926829,0.0,0.0,0.0,0.0,a,,False,True
256,Tete,DEF,10,FUL,4.5,1,CHE,True,0.482,1.1226942251697565,0.0,0.0,0.44598320257714197,0.0,0.0,0.0,0.9150387478451504,0.23151153076633635,2.3311789067357824,0.48159934097113183,0.0,0.0,0.0,0.3,a,,False,True
256,Tete,DEF,10,FUL,4.5,2,SUN,False,0.482,1.344769372450317,0.0,0.0,0.6013880592919179,0.0,0.0,0.0,0.9150387478451504,0.31218276694442487,2.7922990296013,0.48159934097113183,0.0,0.0,0.0,0.3,a,,False,True
256,Tete,DEF,10,FUL,4.5,3,CRY,True,0.482,1.2835841361708846,0.0,0.0,0.5569949488607953,0.0,0.0,0.0,0.9150387478451504,0.28913813904812985,2.6652530993555192,0.48159934097113183,0.0,0.0,0.0,0.3,a,,False,True
256,Tete,DEF,10,FUL,4.5,4,LIV,False,0.482,0.9793288363956932,0.0,0.0,0.35506191377484486,0.0,0.0,0.0,0.9150387478451504,0.18431395330549677,2.0334928914580814,0.48159934097113183,0.0,0.0,0.0,0.3,a,,False,True
256,Tete,DEF,10,FUL,4.5,5,MUN,True,0.482,1.106859646593361,0.0,0.0,0.43554627556715014,0.0,0.0,0.0,0.9150387478451504,0.2260936833348251,2.29829975340375,0.48159934097113183,0.0,0.0,0.0,0.3,a,,False,True
256,Tete,DEF,10,FUL,4.5,6,IPS,False,0.482,1.3158942356319059,0.0,0.0,0.5802983776395298,0.0,0.0,0.0,0.9150387478451504,0.3012350351587764,2.73234226811532,0.48159934097113183,0.0,0.0,0.0,0.3,a,,False,True
257,Bassey,DEF,10,FUL,4.5,1,CHE,True,0.374,0.8730052115942301,0.0,0.0,0.34679581617555694,0.0,0.0,0.0,0.7115326486681515,0.23151153076633635,2.3311789067357824,0.3744908677200797,0.0,0.0,0.0,0.8,a,,False,True
257,Bassey,DEF,10,FUL,4.5,2,SUN,False,0.374,1.0456904865293275,0.0,0.0,0.46763838112109235,0.0,0.0,0.0,0.7115326486681515,0.31218276694442487,2.7922990296013,0.3744908677200797,0.0,0.0,0.0,0.8,a,,False,True
257,Bassey,DEF,10,FUL,4.5,3,CRY,True,0.374,0.9981129458712803,0.0,0.0,0.43311837033241285,0.0,0.0,0.0,0.7115326486681515,0.28913813904812985,2.6652530993555192,0.3744908677200797,0.0,0.0,0.0,0.8,a,,False,True
257,Bassey,DEF,10,FUL,4.5,4,LIV,False,0.374,0.7615245174247508,0.0,0.0,0.276095569225175,0.0,0.0,0.0,0.7115326486681515,0.18431395330549677,2.0334928914580814,0.3744908677200797,0.0,0.0,0.0,0.8,a,,False,True
257,Bassey,DEF,10,FUL,4.5,5,MUN,True,0.374,0.8606922689330156,0.0,0.0,0.33868007863235033,0.0,0.0,0.0,0.7115326486681515,0.2260936833348251,2.29829975340375,0.3744908677200797,0.0,0.0,0.0,0.8,a,,False,True
257,Bassey,DEF,10,FUL,4.5,6,IPS,False,0.374,1.0232372268947572,0.0,0.0,0.4512390788171956,0.0,0.0,0.0,0.7115326486681515,0.3012350351587764,2.73234226811532,0.3744908677200797,0.0,0.0,0.0,0.8,a,,False,True
258,Castagne,DEF,10,FUL,4.5,1,CHE,True,0.284,0.6617334984687702,0.0,0.0,0.2628694601640572,0.0,0.0,0.0,0.5393381192056084,0.23151153076633635,2.3311789067357824,0.2838621680029518,0.0,0.0,0.0,0.3,a,,False,True
258,Castagne,DEF,10,FUL,4.5,2,SUN,False,0.284,0.7926280562551635,0.0,0.0,0.3544675081520187,0.0,0.0,0.0,0.5393381192056084,0.31218276694442487,2.7922990296013,0.2838621680029518,0.0,0.0,0.0,0.3,a,,False,True
258,Castagne,DEF,10,FUL,4.5,3,CRY,True,0.284,0.7565645230596444,0.0,0.0,0.3283015160101643,0.0,0.0,0.0,0.5393381192056084,0.28913813904812985,2.6652530993555192,0.2838621680029518,0.0,0.0,0.0,0.3,a,,False,True
258,Castagne,DEF,10,FUL,4.5,4,LIV,False,0.284,0.5772317007878821,0.0,0.0,0.20927903351397253,0.0,0.0,0.0,0.5393381192056084,0.18431395330549677,2.0334928914580814,0.2838621680029518,0.0,0.0,0.0,0.3,a,,False,True
258,Castagne,DEF,10,FUL,4.5,5,MUN,True,0.284,0.652400350721838,0.0,0.0,0.2567177724927852,0.0,0.0,0.0,0.5393381192056084,0.2260936833348251,2.29829975340375,0.2838621680029518,0.0,0.0,0.0,0.3,a,,False,True
258,Castagne,DEF,10,FUL,4.5,6,IPS,False,0.284,0.7756085999533174,0.0,0.0,0.3420369206344627,0.0,0.0,0.0,0.5393381192056084,0.3012350351587764,2.73234226811532,0.2838621680029518,0.0,0.0,0.0,0.3,a,,False,True
261,Iwobi,MID,10,FUL,5.5,1,CHE,True,0.663,1.413044050187768,0.0,0.0,0.15347605977135845,0.0,0.0,0.0,1.2595679904164094,0.23151153076633635,2.1315115307663364,0.6629305212717945,0.0,0.0,0.0,1.0,a,,False,True
261,Iwobi,MID,10,FUL,5.5,2,SUN,False,0.663,1.4665234748389482,0.0,0.0,0.20695548442253872,0.0,0.0,0.0,1.2595679904164094,0.31218276694442487,2.2121827669444247,0.6629305212717945,0.0,0.0,0.0,1.0,a,,False,True
261,Iwobi,MID,10,FUL,5.5,3,CRY,True,0.663,1.4512464876551427,0.0,0.0,0.19167849723873334,0.0,0.0,0.0,1.2595679904164094,0.28913813904812985,2.1891381390481297,0.6629305212717945,0.0,0.0,0.0,1.0,a,,False,True
261,Iwobi,MID,10,FUL,5.5,4,LIV,False,0.663,1.3817553355588876,0.0,0.0,0.12218734514247817,0.0,0.0,0.0,1.2595679904164094,0.18431395330549677,2.0843139533054966,0.6629305212717945,0.0,0.0,0.0,1.0,a,,False,True
261,Iwobi,MID,10,FUL,5.5,5,MUN,True,0.663,1.409452393765825,0.0,0.0,0.14988440334941563,0.0,0.0,0.0,1.2595679904164094,0.2260936833348251,2.126093683334825,0.6629305212717945,0.0,0.0,0.0,1.0,a,,False,True
261,Iwobi,MID,10,FUL,5.5,6,IPS,False,0.663,1.4592658892995445,0.0,0.0,0.199697898883135,0.0,0.0,0.0,1.2595679904164094,0.3012350351587764,2.2012350351587764,0.6629305212717945,0.0,0.0,0.0,1.0,a,,False,True
262,Smith Rowe,MID,10,FUL,5.5,1,CHE,True,0.65,1.3863570097136435,0.0,0.0,0.15057747934962062,0.0,0.0,0.0,1.2357795303640229,0.23151153076633635,2.1315115307663364,0.6504102791389594,0.0,0.0,0.0,0.4,a,,False,True
262,Smith Rowe,MID,10,FUL,5.5,2,SUN,False,0.65,1.4388264109547189,0.0,0.0,0.2030468805906961,0.0,0.0,0.0,1.2357795303640229,0.31218276694442487,2.2121827669444247,0.6504102791389594,0.0,0.0,0.0,0.4,a,,False,True
262,Smith Rowe,MID,10,FUL,5.5,3,CRY,True,0.65,1.4238379480920362,0.0,0.0,0.1880584177280134,0.0,0.0,0.0,1.2357795303640229,0.28913813904812985,2.1891381390481297,0.6504102791389594,0.0,0.0,0.0,0.4,a,,False,True
262,Smith Rowe,MID,10,FUL,5.5,4,LIV,False,0.65,1.3556592201826563,0.0,0.0,0.11987968981863328,0.0,0.0,0.0,1.2357795303640229,0.18431395330549677,2.0843139533054966,0.6504102791389594,0.0,0.0,0.0,0.4,a,,False,True
262,Smith Rowe,MID,10,FUL,5.5,5,MUN,True,0.65,1.382833186053382,0.0,0.0,0.1470536556893591,0.0,0.0,0.0,1.2357795303640229,0.2260936833348251,2.126093683334825,0.6504102791389594,0.0,0.0,0.0,0.4,a,,False,True
262,Smith Rowe,MID,10,FUL,5.5,6,IPS,False,0.65,1.4317058936680769,0.0,0.0,0.19592636330405402,0.0,0.0,0.0,1.2357795303640229,0.3012350351587764,2.2012350351587764,0.6504102791389594,0.0,0.0,0.0,0.4,a,,False,True
263,Kevin,MID,10,FUL,5.5,1,CHE,True,0.617,1.3147848287572472,0.0,0.0,0.14280375402168713,0.0,0.0,0.0,1.1719810747355601,0.23151153076633635,2.1315115307663364,0.6168321445976632,0.0,0.0,0.0,0.1,a,,False,True
263,Kevin,MID,10,FUL,5.5,2,SUN,False,0.617,1.3645454403763222,0.0,0.0,0.19256436564076207,0.0,0.0,0.0,1.1719810747355601,0.31218276694442487,2.2121827669444247,0.6168321445976632,0.0,0.0,0.0,0.1,a,,False,True
263,Kevin,MID,10,FUL,5.5,3,CRY,True,0.617,1.3503307731295955,0.0,0.0,0.17834969839403528,0.0,0.0,0.0,1.1719810747355601,0.28913813904812985,2.1891381390481297,0.6168321445976632,0.0,0.0,0.0,0.1,a,,False,True
263,Kevin,MID,10,FUL,5.5,4,LIV,False,0.617,1.2856718458322633,0.0,0.0,0.11369077109670313,0.0,0.0,0.0,1.1719810747355601,0.18431395330549677,2.0843139533054966,0.6168321445976632,0.0,0.0,0.0,0.1,a,,False,True
263,Kevin,MID,10,FUL,5.5,5,MUN,True,0.617,1.3114429263069654,0.0,0.0,0.13946185157140512,0.0,0.0,0.0,1.1719810747355601,0.2260936833348251,2.126093683334825,0.6168321445976632,0.0,0.0,0.0,0.1,a,,False,True
263,Kevin,MID,10,FUL,5.5,6,IPS,False,0.617,1.3577925275005007,0.0,0.0,0.18581145276494054,0.0,0.0,0.0,1.1719810747355601,0.3012350351587764,2.2012350351587764,0.6168321445976632,0.0,0.0,0.0,0.1,a,,False,True
264,Bobb,MID,10,FUL,5.5,1,CHE,True,0.543,1.158393428682757,0.0,0.0,0.12581749243814386,0.0,0.0,0.0,1.0325759362446132,0.23151153076633635,2.1315115307663364,0.5434610190761122,0.0,0.0,0.0,0.3,a,,False,True
264,Bobb,MID,10,FUL,5.5,2,SUN,False,0.543,1.2022351009062309,0.0,0.0,0.16965916466161757,0.0,0.0,0.0,1.0325759362446132,0.31218276694442487,2.2121827669444247,0.5434610190761122,0.0,0.0,0.0,0.3,a,,False,True
264,Bobb,MID,10,FUL,5.5,3,CRY,True,0.543,1.1897112439454804,0.0,0.0,0.15713530770086728,0.0,0.0,0.0,1.0325759362446132,0.28913813904812985,2.1891381390481297,0.5434610190761122,0.0,0.0,0.0,0.3,a,,False,True
264,Bobb,MID,10,FUL,5.5,4,LIV,False,0.543,1.1327433851379654,0.0,0.0,0.10016744889335223,0.0,0.0,0.0,1.0325759362446132,0.18431395330549677,2.0843139533054966,0.5434610190761122,0.0,0.0,0.0,0.3,a,,False,True
264,Bobb,MID,10,FUL,5.5,5,MUN,True,0.543,1.155449039796429,0.0,0.0,0.12287310355181585,0.0,0.0,0.0,1.0325759362446132,0.2260936833348251,2.126093683334825,0.5434610190761122,0.0,0.0,0.0,0.3,a,,False,True
264,Bobb,MID,10,FUL,5.5,6,IPS,False,0.543,1.1962854354334302,0.0,0.0,0.16370949918881714,0.0,0.0,0.0,1.0325759362446132,0.3012350351587764,2.2012350351587764,0.5434610190761122,0.0,0.0,0.0,0.3,a,,False,True
265,Berge,MID,10,FUL,5.0,1,CHE,True,0.182,0.38717778650431933,0.0,0.0,0.042052844067941825,0.0,0.0,0.0,0.3451249424363775,0.23151153076633635,2.1315115307663364,0.18164470654546183,0.0,0.0,0.0,0.4,a,,False,True
265,Berge,MID,10,FUL,5.0,2,SUN,False,0.182,0.40183128952654784,0.0,0.0,0.05670634709017036,0.0,0.0,0.0,0.3451249424363775,0.31218276694442487,2.2121827669444247,0.18164470654546183,0.0,0.0,0.0,0.4,a,,False,True
265,Berge,MID,10,FUL,5.0,3,CRY,True,0.182,0.39764535485487595,0.0,0.0,0.05252041241849849,0.0,0.0,0.0,0.3451249424363775,0.28913813904812985,2.1891381390481297,0.18164470654546183,0.0,0.0,0.0,0.4,a,,False,True
265,Berge,MID,10,FUL,5.0,4,LIV,False,0.182,0.3786045963967884,0.0,0.0,0.033479653960410916,0.0,0.0,0.0,0.3451249424363775,0.18431395330549677,2.0843139533054966,0.18164470654546183,0.0,0.0,0.0,0.4,a,,False,True
265,Berge,MID,10,FUL,5.0,5,MUN,True,0.182,0.38619366319751436,0.0,0.0,0.04106872076113688,0.0,0.0,0.0,0.3451249424363775,0.2260936833348251,2.126093683334825,0.18164470654546183,0.0,0.0,0.0,0.4,a,,False,True
265,Berge,MID,10,FUL,5.0,6,IPS,False,0.182,0.3998426919990053,0.0,0.0,0.05471774956262782,0.0,0.0,0.0,0.3451249424363775,0.3012350351587764,2.2012350351587764,0.18164470654546183,0.0,0.0,0.0,0.4,a,,False,True
266,Cairney,MID,10,FUL,5.0,1,CHE,True,0.0,0.0,0.0,0.0,0.0,0.0,0.0,0.0,0.0,0.23151153076633635,2.1315115307663364,0.16279281975688184,0.0,0.0,0.0,0.0,i,Knee injury - Expected back 10 Oct,False,True
266,Cairney,MID,10,FUL,5.0,2,SUN,False,0.0,0.0,0.0,0.0,0.0,0.0,0.0,0.0,0.0,0.31218276694442487,2.2121827669444247,0.16279281975688184,0.0,0.0,0.0,0.0,i,Knee injury - Expected back 10 Oct,False,True
266,Cairney,MID,10,FUL,5.0,3,CRY,True,0.098,0.21382558229578674,0.0,0.0,0.028241767772941462,0.0,0.0,0.0,0.18558381452284528,0.28913813904812985,2.1891381390481297,0.16279281975688184,0.0,0.0,0.0,0.0,i,Knee injury - Expected back 10 Oct,False,True
266,Cairney,MID,10,FUL,5.0,4,LIV,False,0.098,0.2035868074303293,0.0,0.0,0.01800299290748404,0.0,0.0,0.0,0.18558381452284528,0.18431395330549677,2.0843139533054966,0.16279281975688184,0.0,0.0,0.0,0.0,i,Knee injury - Expected back 10 Oct,False,True
266,Cairney,MID,10,FUL,5.0,5,MUN,True,0.098,0.2076676714664227,0.0,0.0,0.02208385694357742,0.0,0.0,0.0,0.18558381452284528,0.2260936833348251,2.126093683334825,0.16279281975688184,0.0,0.0,0.0,0.0,i,Knee injury - Expected back 10 Oct,False,True
266,Cairney,MID,10,FUL,5.0,6,IPS,False,0.098,0.21500715499268166,0.0,0.0,0.02942334046983639,0.0,0.0,0.0,0.18558381452284528,0.3012350351587764,2.2012350351587764,0.16279281975688184,0.0,0.0,0.0,0.0,i,Knee injury - Expected back 10 Oct,False,True
268,King,MID,10,FUL,5.5,1,CHE,True,0.436,0.9300904829053618,0.0,0.0,0.1010206458377476,0.0,0.0,0.0,0.8290698370676142,0.23151153076633635,2.1315115307663364,0.4363525458250601,0.0,0.0,0.0,0.2,a,,False,True
268,King,MID,10,FUL,5.5,2,SUN,False,0.436,0.9652915821865253,0.0,0.0,0.13622174511891122,0.0,0.0,0.0,0.8290698370676142,0.31218276694442487,2.2121827669444247,0.4363525458250601,0.0,0.0,0.0,0.2,a,,False,True
268,King,MID,10,FUL,5.5,3,CRY,True,0.436,0.9552360001363859,0.0,0.0,0.12616616306877168,0.0,0.0,0.0,0.8290698370676142,0.28913813904812985,2.1891381390481297,0.4363525458250601,0.0,0.0,0.0,0.2,a,,False,True
268,King,MID,10,FUL,5.5,4,LIV,False,0.436,0.9094956998235489,0.0,0.0,0.08042586275593477,0.0,0.0,0.0,0.8290698370676142,0.18431395330549677,2.0843139533054966,0.4363525458250601,0.0,0.0,0.0,0.2,a,,False,True
268,King,MID,10,FUL,5.5,5,MUN,True,0.436,0.9277263913857301,0.0,0.0,0.0986565543181159,0.0,0.0,0.0,0.8290698370676142,0.2260936833348251,2.126093683334825,0.4363525458250601,0.0,0.0,0.0,0.2,a,,False,True
268,King,MID,10,FUL,5.5,6,IPS,False,0.436,0.9605145115508478,0.0,0.0,0.13144467448323358,0.0,0.0,0.0,0.8290698370676142,0.3012350351587764,2.2012350351587764,0.4363525458250601,0.0,0.0,0.0,0.2,a,,False,True
269,Sessegnon,DEF,10,FUL,4.5,1,CHE,True,0.236,0.5509522395975829,0.0,0.0,0.2188623035320464,0.0,0.0,0.0,0.44904715472961915,0.23151153076633635,2.3311789067357824,0.23634060775243115,0.0,0.0,0.0,0.5,a,,False,True
269,Sessegnon,DEF,10,FUL,4.5,2,SUN,False,0.236,0.659933649682495,0.0,0.0,0.2951258594779238,0.0,0.0,0.0,0.44904715472961915,0.31218276694442487,2.7922990296013,0.23634060775243115,0.0,0.0,0.0,0.5,a,,False,True
269,Sessegnon,DEF,10,FUL,4.5,3,CRY,True,0.236,0.6299075373157342,0.0,0.0,0.2733403340281678,0.0,0.0,0.0,0.44904715472961915,0.28913813904812985,2.6652530993555192,0.23634060775243115,0.0,0.0,0.0,0.5,a,,False,True
269,Sessegnon,DEF,10,FUL,4.5,4,LIV,False,0.236,0.48059694582745144,0.0,0.0,0.17424348696589728,0.0,0.0,0.0,0.44904715472961915,0.18431395330549677,2.0334928914580814,0.23634060775243115,0.0,0.0,0.0,0.5,a,,False,True
269,Sessegnon,DEF,10,FUL,4.5,5,MUN,True,0.236,0.543181560516705,0.0,0.0,0.21374047411335312,0.0,0.0,0.0,0.44904715472961915,0.2260936833348251,2.29829975340375,0.23634060775243115,0.0,0.0,0.0,0.5,a,,False,True
269,Sessegnon,DEF,10,FUL,4.5,6,IPS,False,0.236,0.645763432234031,0.0,0.0,0.28477628514300074,0.0,0.0,0.0,0.44904715472961915,0.3012350351587764,2.73234226811532,0.23634060775243115,0.0,0.0,0.0,0.5,a,,False,True
270,Reed,MID,10,FUL,4.5,1,CHE,True,0.042,0.08955297007099827,0.0,0.0,0.009726686854166255,0.0,0.0,0.0,0.07982628321683202,0.23151153076633635,2.1315115307663364,0.042013833272016854,0.0,0.0,0.0,1.6,a,,False,True
270,Reed,MID,10,FUL,4.5,2,SUN,False,0.042,0.09294227793763199,0.0,0.0,0.01311599472079996,0.0,0.0,0.0,0.07982628321683202,0.31218276694442487,2.2121827669444247,0.042013833272016854,0.0,0.0,0.0,1.6,a,,False,True
270,Reed,MID,10,FUL,4.5,3,CRY,True,0.042,0.09197408478338137,0.0,0.0,0.012147801566549354,0.0,0.0,0.0,0.07982628321683202,0.28913813904812985,2.1891381390481297,0.042013833272016854,0.0,0.0,0.0,1.6,a,,False,True
270,Reed,MID,10,FUL,4.5,4,LIV,False,0.042,0.08757001892071546,0.0,0.0,0.007743735703883441,0.0,0.0,0.0,0.07982628321683202,0.18431395330549677,2.0843139533054966,0.042013833272016854,0.0,0.0,0.0,1.6,a,,False,True
270,Reed,MID,10,FUL,4.5,5,MUN,True,0.042,0.08932534553231754,0.0,0.0,0.009499062315485517,0.0,0.0,0.0,0.07982628321683202,0.2260936833348251,2.126093683334825,0.042013833272016854,0.0,0.0,0.0,1.6,a,,False,True
270,Reed,MID,10,FUL,4.5,6,IPS,False,0.042,0.09248232175968299,0.0,0.0,0.012656038542850967,0.0,0.0,0.0,0.07982628321683202,0.3012350351587764,2.2012350351587764,0.042013833272016854,0.0,0.0,0.0,1.6,a,,False,True
271,Muniz,FWD,10,FUL,5.5,1,CHE,True,0.436,0.828001049170755,0.0,0.0,0.0,0.0,0.0,0.0,0.828001049170755,0.23151153076633635,1.9,0.4357900258793448,0.0,0.0,0.0,0.6,a,,False,True
271,Muniz,FWD,10,FUL,5.5,2,SUN,False,0.436,0.828001049170755,0.0,0.0,0.0,0.0,0.0,0.0,0.828001049170755,0.31218276694442487,1.9,0.4357900258793448,0.0,0.0,0.0,0.6,a,,False,True
271,Muniz,FWD,10,FUL,5.5,3,CRY,True,0.436,0.828001049170755,0.0,0.0,0.0,0.0,0.0,0.0,0.828001049170755,0.28913813904812985,1.9,0.4357900258793448,0.0,0.0,0.0,0.6,a,,False,True
271,Muniz,FWD,10,FUL,5.5,4,LIV,False,0.436,0.828001049170755,0.0,0.0,0.0,0.0,0.0,0.0,0.828001049170755,0.18431395330549677,1.9,0.4357900258793448,0.0,0.0,0.0,0.6,a,,False,True
271,Muniz,FWD,10,FUL,5.5,5,MUN,True,0.436,0.828001049170755,0.0,0.0,0.0,0.0,0.0,0.0,0.828001049170755,0.2260936833348251,1.9,0.4357900258793448,0.0,0.0,0.0,0.6,a,,False,True
271,Muniz,FWD,10,FUL,5.5,6,IPS,False,0.436,0.828001049170755,0.0,0.0,0.0,0.0,0.0,0.0,0.828001049170755,0.3012350351587764,1.9,0.4357900258793448,0.0,0.0,0.0,0.6,a,,False,True
272,Kusi-Asare,FWD,10,FUL,4.5,1,CHE,True,0.165,0.3141660679715157,0.0,0.0,0.0,0.0,0.0,0.0,0.3141660679715157,0.23151153076633635,1.9,0.16535056209027144,0.0,0.0,0.0,7.3,a,,False,True
272,Kusi-Asare,FWD,10,FUL,4.5,2,SUN,False,0.165,0.3141660679715157,0.0,0.0,0.0,0.0,0.0,0.0,0.3141660679715157,0.31218276694442487,1.9,0.16535056209027144,0.0,0.0,0.0,7.3,a,,False,True
272,Kusi-Asare,FWD,10,FUL,4.5,3,CRY,True,0.165,0.3141660679715157,0.0,0.0,0.0,0.0,0.0,0.0,0.3141660679715157,0.28913813904812985,1.9,0.16535056209027144,0.0,0.0,0.0,7.3,a,,False,True
272,Kusi-Asare,FWD,10,FUL,4.5,4,LIV,False,0.165,0.3141660679715157,0.0,0.0,0.0,0.0,0.0,0.0,0.3141660679715157,0.18431395330549677,1.9,0.16535056209027144,0.0,0.0,0.0,7.3,a,,False,True
272,Kusi-Asare,FWD,10,FUL,4.5,5,MUN,True,0.165,0.3141660679715157,0.0,0.0,0.0,0.0,0.0,0.0,0.3141660679715157,0.2260936833348251,1.9,0.16535056209027144,0.0,0.0,0.0,7.3,a,,False,True
272,Kusi-Asare,FWD,10,FUL,4.5,6,IPS,False,0.165,0.3141660679715157,0.0,0.0,0.0,0.0,0.0,0.0,0.3141660679715157,0.3012350351587764,1.9,0.16535056209027144,0.0,0.0,0.0,7.3,a,,False,True
569,Gonzalo,FWD,10,FUL,6.0,1,CHE,True,0.621,1.3042074416991223,0.12443746712704053,0.0,0.0,0.0,0.0,0.0,1.1797699745720818,0.23151153076633635,2.1004044793792396,0.6209315655642536,0.050101119844809944,0.0,0.0,2.1,a,,True,True
569,Gonzalo,FWD,10,FUL,6.0,2,SUN,False,0.621,1.2817537368663348,0.10198376229425293,0.0,0.0,0.0,0.0,0.0,1.1797699745720818,0.31218276694442487,2.0642431597137088,0.6209315655642536,0.0410607899284272,0.0,0.0,2.1,a,,True,True
569,Gonzalo,FWD,10,FUL,6.0,3,CRY,True,0.621,1.3038768244729988,0.12410684990091705,0.0,0.0,0.0,0.0,0.0,1.1797699745720818,0.28913813904812985,2.099872025813567,0.6209315655642536,0.04996800645339175,0.0,0.0,2.1,a,,True,True
569,Gonzalo,FWD,10,FUL,6.0,4,LIV,False,0.621,1.2777462553375656,0.09797628076548373,0.0,0.0,0.0,0.0,0.0,1.1797699745720818,0.18431395330549677,2.0577891770994934,0.6209315655642536,0.03944729427487336,0.0,0.0,2.1,a,,True,True
569,Gonzalo,FWD,10,FUL,6.0,5,MUN,True,0.621,1.2965540465063001,0.11678407193421825,0.0,0.0,0.0,0.0,0.0,1.1797699745720818,0.2260936833348251,2.0880788132072077,0.6209315655642536,0.04701970330180191,0.0,0.0,2.1,a,,True,True
569,Gonzalo,FWD,10,FUL,6.0,6,IPS,False,0.621,1.313498324780686,0.1337283502086043,0.0,0.0,0.0,0.0,0.0,1.1797699745720818,0.3012350351587764,2.115367292669495,0.6209315655642536,0.05384182316737374,0.0,0.0,2.1,a,,True,True
570,Palacios,MID,10,FUL,5.5,1,CHE,True,0.346,0.7369143644399437,0.0,0.0,0.08003905683487267,0.0,0.0,0.0,0.6568753076050711,0.23151153076633635,2.1315115307663364,0.34572384610793216,0.0,0.0,0.0,0.2,a,,False,True
570,Palacios,MID,10,FUL,5.5,2,SUN,False,0.346,0.7648043344817139,0.0,0.0,0.1079290268766428,0.0,0.0,0.0,0.6568753076050711,0.31218276694442487,2.2121827669444247,0.34572384610793216,0.0,0.0,0.0,0.2,a,,False,True
570,Palacios,MID,10,FUL,5.5,3,CRY,True,0.346,0.7568372570932806,0.0,0.0,0.09996194948820954,0.0,0.0,0.0,0.6568753076050711,0.28913813904812985,2.1891381390481297,0.34572384610793216,0.0,0.0,0.0,0.2,a,,False,True
570,Palacios,MID,10,FUL,5.5,4,LIV,False,0.346,0.7205970364332053,0.0,0.0,0.06372172882813416,0.0,0.0,0.0,0.6568753076050711,0.18431395330549677,2.0843139533054966,0.34572384610793216,0.0,0.0,0.0,0.2,a,,False,True
570,Palacios,MID,10,FUL,5.5,5,MUN,True,0.346,0.7350412853882957,0.0,0.0,0.07816597778322462,0.0,0.0,0.0,0.6568753076050711,0.2260936833348251,2.126093683334825,0.34572384610793216,0.0,0.0,0.0,0.2,a,,False,True
570,Palacios,MID,10,FUL,5.5,6,IPS,False,0.346,0.7610194425426214,0.0,0.0,0.10414413493755036,0.0,0.0,0.0,0.6568753076050711,0.3012350351587764,2.2012350351587764,0.34572384610793216,0.0,0.0,0.0,0.2,a,,False,True
580,Charles,MID,10,FUL,5.0,1,CHE,True,0.156,0.3328586177126112,0.0,0.0,0.03615303365856435,0.0,0.0,0.0,0.29670558405404684,0.23151153076633635,2.1315115307663364,0.15616083371265624,0.0,0.0,0.0,0.1,a,,False,True
580,Charles,MID,10,FUL,5.0,2,SUN,False,0.156,0.3454563052108121,0.0,0.0,0.04875072115676525,0.0,0.0,0.0,0.29670558405404684,0.31218276694442487,2.2121827669444247,0.15616083371265624,0.0,0.0,0.0,0.1,a,,False,True
580,Charles,MID,10,FUL,5.0,3,CRY,True,0.156,0.34185763690592874,0.0,0.0,0.04515205285188188,0.0,0.0,0.0,0.29670558405404684,0.28913813904812985,2.1891381390481297,0.15616083371265624,0.0,0.0,0.0,0.1,a,,False,True
580,Charles,MID,10,FUL,5.0,4,LIV,False,0.156,0.3254882046671088,0.0,0.0,0.028782620613061968,0.0,0.0,0.0,0.29670558405404684,0.18431395330549677,2.0843139533054966,0.15616083371265624,0.0,0.0,0.0,0.1,a,,False,True
580,Charles,MID,10,FUL,5.0,5,MUN,True,0.156,0.33201256214077846,0.0,0.0,0.03530697808673158,0.0,0.0,0.0,0.29670558405404684,0.2260936833348251,2.126093683334825,0.15616083371265624,0.0,0.0,0.0,0.1,a,,False,True
580,Charles,MID,10,FUL,5.0,6,IPS,False,0.156,0.34374669828790266,0.0,0.0,0.04704111423385584,0.0,0.0,0.0,0.29670558405404684,0.3012350351587764,2.2012350351587764,0.15616083371265624,0.0,0.0,0.0,0.1,a,,False,True
273,Phillips,GK,11,HUL,4.0,1,MUN,True,0.154,0.2666291963597297,0.0,0.0,0.08680444748190588,0.0,0.0,0.0,0.29328663633502255,0.1405864006255153,1.7273049990071838,0.1543613875447487,0.0,0.0,0.0,1.6,a,,False,True
273,Phillips,GK,11,HUL,4.0,2,COV,False,0.154,0.3348374487551083,0.0,0.0,0.12675991785241456,0.0,0.0,0.0,0.29328663633502255,0.20529732187019145,2.1691787958179654,0.1543613875447487,0.0,0.0,0.0,1.6,a,,False,True
273,Phillips,GK,11,HUL,4.0,3,AVL,True,0.154,0.3331888505155001,0.0,0.0,0.12571965043794053,0.0,0.0,0.0,0.29328663633502255,0.20361252972265317,2.1584986751878614,0.1543613875447487,0.0,0.0,0.0,1.6,a,,False,True
273,Phillips,GK,11,HUL,4.0,4,CHE,False,0.154,0.2113875011789846,0.0,0.0,0.059707728172573665,0.0,0.0,0.0,0.29328663633502255,0.09670120410660446,1.3694325021385563,0.1543613875447487,0.0,0.0,0.0,1.6,a,,False,True
273,Phillips,GK,11,HUL,4.0,5,NEW,False,0.154,0.24529611877815205,0.0,0.0,0.07573439920208547,0.0,0.0,0.0,0.29328663633502255,0.12265761601185787,1.5891028364009863,0.1543613875447487,0.0,0.0,0.0,1.6,a,,False,True
273,Phillips,GK,11,HUL,4.0,6,EVE,True,0.154,0.35902873925784445,0.0,0.0,0.14240639211682193,0.0,0.0,0.0,0.29328663633502255,0.23063797621594154,2.325897330728279,0.1543613875447487,0.0,0.0,0.0,1.6,a,,False,True
274,Butland,GK,11,HUL,4.5,1,MUN,True,0.0,0.0,0.0,0.0,0.0,0.0,0.0,0.0,0.0,0.1405864006255153,1.7273049990071838,0.48390909470275134,0.0,0.0,0.0,0.1,i,Arm injury - Unknown return date,False,True
274,Butland,GK,11,HUL,4.5,2,COV,False,0.0,0.0,0.0,0.0,0.0,0.0,0.0,0.0,0.0,0.20529732187019145,2.1691787958179654,0.48390909470275134,0.0,0.0,0.0,0.1,i,Arm injury - Unknown return date,False,True
274,Butland,GK,11,HUL,4.5,3,AVL,True,0.29,0.6267102838963476,0.0,0.0,0.23647189182774275,0.0,0.0,0.0,0.5516563679611365,0.20361252972265317,2.1584986751878614,0.48390909470275134,0.0,0.0,0.0,0.1,i,Arm injury - Unknown return date,False,True
274,Butland,GK,11,HUL,4.5,4,CHE,False,0.29,0.3976085054198354,0.0,0.0,0.11230702112614306,0.0,0.0,0.0,0.5516563679611365,0.09670120410660446,1.3694325021385563,0.48390909470275134,0.0,0.0,0.0,0.1,i,Arm injury - Unknown return date,False,True
274,Butland,GK,11,HUL,4.5,5,NEW,False,0.29,0.4613887889714253,0.0,0.0,0.14245232621447002,0.0,0.0,0.0,0.5516563679611365,0.12265761601185787,1.5891028364009863,0.48390909470275134,0.0,0.0,0.0,0.1,i,Arm injury - Unknown return date,False,True
274,Butland,GK,11,HUL,4.5,6,EVE,True,0.29,0.6753137230105604,0.0,0.0,0.2678587542593543,0.0,0.0,0.0,0.5516563679611365,0.23063797621594154,2.325897330728279,0.48390909470275134,0.0,0.0,0.0,0.1,i,Arm injury - Unknown return date,False,True
275,Cartwright,GK,11,HUL,4.0,1,MUN,True,0.0,0.0,0.0,0.0,0.0,0.0,0.0,0.0,0.0,0.1405864006255153,1.7273049990071838,0.11422850674212981,0.0,0.0,0.0,0.0,u,Has joined Grimsby Town on loan for the rest of the season,False,True
275,Cartwright,GK,11,HUL,4.0,2,COV,False,0.0,0.0,0.0,0.0,0.0,0.0,0.0,0.0,0.0,0.20529732187019145,2.1691787958179654,0.11422850674212981,0.0,0.0,0.0,0.0,u,Has joined Grimsby Town on loan for the rest of the season,False,True
275,Cartwright,GK,11,HUL,4.0,3,AVL,True,0.069,0.1479372482829449,0.0,0.0,0.05582005253809486,0.0,0.0,0.0,0.13022049768602798,0.20361252972265317,2.1584986751878614,0.11422850674212981,0.0,0.0,0.0,0.0,u,Has joined Grimsby Town on loan for the rest of the season,False,True
275,Cartwright,GK,11,HUL,4.0,4,CHE,False,0.069,0.09385693788205546,0.0,0.0,0.02651048194863201,0.0,0.0,0.0,0.13022049768602798,0.09670120410660446,1.3694325021385563,0.11422850674212981,0.0,0.0,0.0,0.0,u,Has joined Grimsby Town on loan for the rest of the season,False,True
275,Cartwright,GK,11,HUL,4.0,5,NEW,False,0.069,0.10891250643706059,0.0,0.0,0.03362639116220178,0.0,0.0,0.0,0.13022049768602798,0.12265761601185787,1.5891028364009863,0.11422850674212981,0.0,0.0,0.0,0.0,u,Has joined Grimsby Town on loan for the rest of the season,False,True
275,Cartwright,GK,11,HUL,4.0,6,EVE,True,0.069,0.15941026735475816,0.0,0.0,0.06322903589081724,0.0,0.0,0.0,0.13022049768602798,0.23063797621594154,2.325897330728279,0.11422850674212981,0.0,0.0,0.0,0.0,u,Has joined Grimsby Town on loan for the rest of the season,False,True
276,Lo-Tutala,GK,11,HUL,4.0,1,MUN,True,0.0,0.0,0.0,0.0,0.0,0.0,0.0,0.0,0.0,0.1405864006255153,1.7273049990071838,0.09883676020752281,0.0,0.0,0.0,0.0,u,Has joined Colchester United on loan for the rest of the season,False,True
276,Lo-Tutala,GK,11,HUL,4.0,2,COV,False,0.0,0.0,0.0,0.0,0.0,0.0,0.0,0.0,0.0,0.20529732187019145,2.1691787958179654,0.09883676020752281,0.0,0.0,0.0,0.0,u,Has joined Colchester United on loan for the rest of the season,False,True
276,Lo-Tutala,GK,11,HUL,4.0,3,AVL,True,0.059,0.128003409580679,0.0,0.0,0.04829856666106796,0.0,0.0,0.0,0.11267390663657599,0.20361252972265317,2.1584986751878614,0.09883676020752281,0.0,0.0,0.0,0.0,u,Has joined Colchester United on loan for the rest of the season,False,True
276,Lo-Tutala,GK,11,HUL,4.0,4,CHE,False,0.059,0.08121016310055386,0.0,0.0,0.022938320932951645,0.0,0.0,0.0,0.11267390663657599,0.09670120410660446,1.3694325021385563,0.09883676020752281,0.0,0.0,0.0,0.0,u,Has joined Colchester United on loan for the rest of the season,False,True
276,Lo-Tutala,GK,11,HUL,4.0,5,NEW,False,0.059,0.09423706559187517,0.0,0.0,0.029095395315336975,0.0,0.0,0.0,0.11267390663657599,0.12265761601185787,1.5891028364009863,0.09883676020752281,0.0,0.0,0.0,0.0,u,Has joined Colchester United on loan for the rest of the season,False,True
276,Lo-Tutala,GK,11,HUL,4.0,6,EVE,True,0.059,0.13793049404670496,0.0,0.0,0.05470922484000807,0.0,0.0,0.0,0.11267390663657599,0.23063797621594154,2.325897330728279,0.09883676020752281,0.0,0.0,0.0,0.0,u,Has joined Colchester United on loan for the rest of the season,False,True
277,Egan,DEF,11,HUL,4.0,1,MUN,True,0.474,0.8184445257237657,0.0,0.0,0.26645478372214837,0.0,0.0,0.0,0.9002721579390783,0.1405864006255153,1.7273049990071838,0.4738274515468834,0.0,0.0,0.0,1.7,a,,False,True
277,Egan,DEF,11,HUL,4.0,2,COV,False,0.474,1.0278164607719638,0.0,0.0,0.38910202732461224,0.0,0.0,0.0,0.9002721579390783,0.20529732187019145,2.1691787958179654,0.4738274515468834,0.0,0.0,0.0,1.7,a,,False,True
277,Egan,DEF,11,HUL,4.0,3,AVL,True,0.474,1.0227559264315882,0.0,0.0,0.3859088242459952,0.0,0.0,0.0,0.9002721579390783,0.20361252972265317,2.1584986751878614,0.4738274515468834,0.0,0.0,0.0,1.7,a,,False,True
277,Egan,DEF,11,HUL,4.0,4,CHE,False,0.474,0.6488747125537839,0.0,0.0,0.18327874041338962,0.0,0.0,0.0,0.9002721579390783,0.09670120410660446,1.3694325021385563,0.4738274515468834,0.0,0.0,0.0,1.7,a,,False,True
277,Egan,DEF,11,HUL,4.0,5,NEW,False,0.474,0.7529605472178031,0.0,0.0,0.23247418243085927,0.0,0.0,0.0,0.9002721579390783,0.12265761601185787,1.5891028364009863,0.4738274515468834,0.0,0.0,0.0,1.7,a,,False,True
277,Egan,DEF,11,HUL,4.0,6,EVE,True,0.474,1.102074004778679,0.0,0.0,0.43713041800132113,0.0,0.0,0.0,0.9002721579390783,0.23063797621594154,2.325897330728279,0.4738274515468834,0.0,0.0,0.0,1.7,a,,False,True
278,Hughes,DEF,11,HUL,4.0,1,MUN,True,0.0,0.0,0.0,0.0,0.0,0.0,0.0,0.0,0.0,0.1405864006255153,1.7273049990071838,0.46130720941404824,0.0,0.0,0.0,0.1,i,Groin injury - Unknown return date,False,True
278,Hughes,DEF,11,HUL,4.0,2,COV,False,0.0,0.0,0.0,0.0,0.0,0.0,0.0,0.0,0.0,0.20529732187019145,2.1691787958179654,0.46130720941404824,0.0,0.0,0.0,0.1,i,Groin injury - Unknown return date,False,True
278,Hughes,DEF,11,HUL,4.0,3,AVL,True,0.277,0.5974386002248994,0.0,0.0,0.225427026931421,0.0,0.0,0.0,0.5258902187320149,0.20361252972265317,2.1584986751878614,0.46130720941404824,0.0,0.0,0.0,0.1,i,Groin injury - Unknown return date,False,True
278,Hughes,DEF,11,HUL,4.0,4,CHE,False,0.277,0.379037451625461,0.0,0.0,0.1070615102721504,0.0,0.0,0.0,0.5258902187320149,0.09670120410660446,1.3694325021385563,0.46130720941404824,0.0,0.0,0.0,0.1,i,Groin injury - Unknown return date,False,True
278,Hughes,DEF,11,HUL,4.0,5,NEW,False,0.277,0.4398387569592526,0.0,0.0,0.13579882213394406,0.0,0.0,0.0,0.5258902187320149,0.12265761601185787,1.5891028364009863,0.46130720941404824,0.0,0.0,0.0,0.1,i,Groin injury - Unknown return date,False,True
278,Hughes,DEF,11,HUL,4.0,6,EVE,True,0.277,0.6437719242131076,0.0,0.0,0.25534790686339104,0.0,0.0,0.0,0.5258902187320149,0.23063797621594154,2.325897330728279,0.46130720941404824,0.0,0.0,0.0,0.1,i,Groin injury - Unknown return date,False,True
279,Ajayi,DEF,11,HUL,4.0,1,MUN,True,0.321,0.5541139269363171,0.0,0.0,0.18039867323772532,0.0,0.0,0.0,0.6095139316936719,0.1405864006255153,1.7273049990071838,0.4277290748727522,0.0,0.0,0.0,1.3,d,Hamstring injury - 75% chance of playing,False,True
279,Ajayi,DEF,11,HUL,4.0,2,COV,False,0.321,0.6958656296766067,0.0,0.0,0.26343490067217185,0.0,0.0,0.0,0.6095139316936719,0.20529732187019145,2.1691787958179654,0.4277290748727522,0.0,0.0,0.0,1.3,d,Hamstring injury - 75% chance of playing,False,True
279,Ajayi,DEF,11,HUL,4.0,3,AVL,True,0.385,0.8309273773069485,0.0,0.0,0.3135275962947763,0.0,0.0,0.0,0.7314167180324062,0.20361252972265317,2.1584986751878614,0.4277290748727522,0.0,0.0,0.0,1.3,d,Hamstring injury - 75% chance of playing,False,True
279,Ajayi,DEF,11,HUL,4.0,4,CHE,False,0.385,0.5271714875163626,0.0,0.0,0.1489028996577568,0.0,0.0,0.0,0.7314167180324062,0.09670120410660446,1.3694325021385563,0.4277290748727522,0.0,0.0,0.0,1.3,d,Hamstring injury - 75% chance of playing,False,True
279,Ajayi,DEF,11,HUL,4.0,5,NEW,False,0.385,0.6117349374823142,0.0,0.0,0.18887122304225726,0.0,0.0,0.0,0.7314167180324062,0.12265761601185787,1.5891028364009863,0.4277290748727522,0.0,0.0,0.0,1.3,d,Hamstring injury - 75% chance of playing,False,True
279,Ajayi,DEF,11,HUL,4.0,6,EVE,True,0.385,0.8953685221692694,0.0,0.0,0.3551420455105266,0.0,0.0,0.0,0.7314167180324062,0.23063797621594154,2.325897330728279,0.4277290748727522,0.0,0.0,0.0,1.3,d,Hamstring injury - 75% chance of playing,False,True
280,Coyle,DEF,11,HUL,4.0,1,MUN,True,0.266,0.459063193014198,0.0,0.0,0.14945372589697206,0.0,0.0,0.0,0.5049600778254615,0.1405864006255153,1.7273049990071838,0.3543579493512011,0.0,0.0,0.0,0.7,d,Ankle injury - 75% chance of playing,False,True
280,Coyle,DEF,11,HUL,4.0,2,COV,False,0.266,0.5764993123966213,0.0,0.0,0.2182462139556436,0.0,0.0,0.0,0.5049600778254615,0.20529732187019145,2.1691787958179654,0.3543579493512011,0.0,0.0,0.0,0.7,d,Ankle injury - 75% chance of playing,False,True
280,Coyle,DEF,11,HUL,4.0,3,AVL,True,0.319,0.6883930477951693,0.0,0.0,0.2597461865810275,0.0,0.0,0.0,0.6059520933905538,0.20361252972265317,2.1584986751878614,0.3543579493512011,0.0,0.0,0.0,0.7,d,Ankle injury - 75% chance of playing,False,True
280,Coyle,DEF,11,HUL,4.0,4,CHE,False,0.319,0.4367423639094327,0.0,0.0,0.12336062539322988,0.0,0.0,0.0,0.6059520933905538,0.09670120410660446,1.3694325021385563,0.3543579493512011,0.0,0.0,0.0,0.7,d,Ankle injury - 75% chance of playing,False,True
280,Coyle,DEF,11,HUL,4.0,5,NEW,False,0.319,0.5068001001737075,0.0,0.0,0.1564729246161684,0.0,0.0,0.0,0.6059520933905538,0.12265761601185787,1.5891028364009863,0.3543579493512011,0.0,0.0,0.0,0.7,d,Ankle injury - 75% chance of playing,False,True
280,Coyle,DEF,11,HUL,4.0,6,EVE,True,0.319,0.7417801876664747,0.0,0.0,0.29422224105981165,0.0,0.0,0.0,0.6059520933905538,0.23063797621594154,2.325897330728279,0.3543579493512011,0.0,0.0,0.0,0.7,d,Ankle injury - 75% chance of playing,False,True
281,Drameh,DEF,11,HUL,4.0,1,MUN,True,0.247,0.4270752560696945,0.0,0.0,0.13903965560585727,0.0,0.0,0.0,0.469774004590283,0.1405864006255153,1.7273049990071838,0.24724947610014897,0.0,0.0,0.0,0.1,a,,False,True
281,Drameh,DEF,11,HUL,4.0,2,COV,False,0.247,0.5363283208335439,0.0,0.0,0.20303862110867396,0.0,0.0,0.0,0.469774004590283,0.20529732187019145,2.1691787958179654,0.24724947610014897,0.0,0.0,0.0,0.1,a,,False,True
281,Drameh,DEF,11,HUL,4.0,3,AVL,True,0.247,0.5336876666030643,0.0,0.0,0.20137236520540802,0.0,0.0,0.0,0.469774004590283,0.20361252972265317,2.1584986751878614,0.24724947610014897,0.0,0.0,0.0,0.1,a,,False,True
281,Drameh,DEF,11,HUL,4.0,4,CHE,False,0.247,0.33859146870827417,0.0,0.0,0.0956372882144461,0.0,0.0,0.0,0.469774004590283,0.09670120410660446,1.3694325021385563,0.24724947610014897,0.0,0.0,0.0,0.1,a,,False,True
281,Drameh,DEF,11,HUL,4.0,5,NEW,False,0.247,0.39290484376940454,0.0,0.0,0.1213081251945004,0.0,0.0,0.0,0.469774004590283,0.12265761601185787,1.5891028364009863,0.24724947610014897,0.0,0.0,0.0,0.1,a,,False,True
281,Drameh,DEF,11,HUL,4.0,6,EVE,True,0.247,0.5750768964853019,0.0,0.0,0.22810047515276066,0.0,0.0,0.0,0.469774004590283,0.23063797621594154,2.325897330728279,0.24724947610014897,0.0,0.0,0.0,0.1,a,,False,True
282,Giles,DEF,11,HUL,4.0,1,MUN,True,0.157,0.2705318499947785,0.0,0.0,0.08807500485945055,0.0,0.0,0.0,0.2975794751277399,0.1405864006255153,1.7273049990071838,0.15662077638302102,0.0,0.0,0.0,0.8,a,,False,True
282,Giles,DEF,11,HUL,4.0,2,COV,False,0.157,0.3397384671145963,0.0,0.0,0.1286153037626574,0.0,0.0,0.0,0.2975794751277399,0.20529732187019145,2.1691787958179654,0.15662077638302102,0.0,0.0,0.0,0.8,a,,False,True
282,Giles,DEF,11,HUL,4.0,3,AVL,True,0.157,0.33806573832964515,0.0,0.0,0.12755980994589153,0.0,0.0,0.0,0.2975794751277399,0.20361252972265317,2.1584986751878614,0.15662077638302102,0.0,0.0,0.0,0.8,a,,False,True
282,Giles,DEF,11,HUL,4.0,4,CHE,False,0.157,0.21448158168908377,0.0,0.0,0.06058167065739749,0.0,0.0,0.0,0.2975794751277399,0.09670120410660446,1.3694325021385563,0.15662077638302102,0.0,0.0,0.0,0.8,a,,False,True
282,Giles,DEF,11,HUL,4.0,5,NEW,False,0.157,0.24888651998958328,0.0,0.0,0.0768429241962706,0.0,0.0,0.0,0.2975794751277399,0.12265761601185787,1.5891028364009863,0.15662077638302102,0.0,0.0,0.0,0.8,a,,False,True
282,Giles,DEF,11,HUL,4.0,6,EVE,True,0.157,0.36428384572585926,0.0,0.0,0.144490795593398,0.0,0.0,0.0,0.2975794751277399,0.23063797621594154,2.325897330728279,0.15662077638302102,0.0,0.0,0.0,0.8,a,,False,True
283,Jacob,DEF,11,HUL,4.0,1,MUN,True,0.0,0.0,0.0,0.0,0.0,0.0,0.0,0.0,0.0,0.1405864006255153,1.7273049990071838,0.10909921613250043,0.0,0.0,0.0,0.0,i,Hip injury - Expected back 5 Sep,False,True
283,Jacob,DEF,11,HUL,4.0,2,COV,False,0.0,0.0,0.0,0.0,0.0,0.0,0.0,0.0,0.0,0.20529732187019145,2.1691787958179654,0.10909921613250043,0.0,0.0,0.0,0.0,i,Hip injury - Expected back 5 Sep,False,True
283,Jacob,DEF,11,HUL,4.0,3,AVL,True,0.065,0.14129430809162177,0.0,0.0,0.05331352172999257,0.0,0.0,0.0,0.12437310639105047,0.20361252972265317,2.1584986751878614,0.10909921613250043,0.0,0.0,0.0,0.0,i,Hip injury - Expected back 5 Sep,False,True
283,Jacob,DEF,11,HUL,4.0,4,CHE,False,0.065,0.0896424075178111,0.0,0.0,0.025320061361038745,0.0,0.0,0.0,0.12437310639105047,0.09670120410660446,1.3694325021385563,0.10909921613250043,0.0,0.0,0.0,0.0,i,Hip injury - Expected back 5 Sep,False,True
283,Jacob,DEF,11,HUL,4.0,5,NEW,False,0.065,0.10402192428316838,0.0,0.0,0.03211643942297982,0.0,0.0,0.0,0.12437310639105047,0.12265761601185787,1.5891028364009863,0.10909921613250043,0.0,0.0,0.0,0.0,i,Hip injury - Expected back 5 Sep,False,True
283,Jacob,DEF,11,HUL,4.0,6,EVE,True,0.065,0.15225214535227818,0.0,0.0,0.06038981379730919,0.0,0.0,0.0,0.12437310639105047,0.23063797621594154,2.325897330728279,0.10909921613250043,0.0,0.0,0.0,0.0,i,Hip injury - Expected back 5 Sep,False,True
284,McCarthy,DEF,11,HUL,4.0,1,MUN,True,0.09,0.15588466312280147,0.0,0.0,0.050750188794108884,0.0,0.0,0.0,0.17146992575344883,0.1405864006255153,1.7273049990071838,0.09024732934392043,0.0,0.0,0.0,0.1,a,,False,True
284,McCarthy,DEF,11,HUL,4.0,2,COV,False,0.09,0.19576259319203265,0.0,0.0,0.07411014008097604,0.0,0.0,0.0,0.17146992575344883,0.20529732187019145,2.1691787958179654,0.09024732934392043,0.0,0.0,0.0,0.1,a,,False,True
284,McCarthy,DEF,11,HUL,4.0,3,AVL,True,0.09,0.19479874082809487,0.0,0.0,0.07350194811371628,0.0,0.0,0.0,0.17146992575344883,0.20361252972265317,2.1584986751878614,0.09024732934392043,0.0,0.0,0.0,0.1,a,,False,True
284,McCarthy,DEF,11,HUL,4.0,4,CHE,False,0.09,0.1235876260347673,0.0,0.0,0.034908101659849616,0.0,0.0,0.0,0.17146992575344883,0.09670120410660446,1.3694325021385563,0.09024732934392043,0.0,0.0,0.0,0.1,a,,False,True
284,McCarthy,DEF,11,HUL,4.0,5,NEW,False,0.09,0.14341228703803793,0.0,0.0,0.044278089075049064,0.0,0.0,0.0,0.17146992575344883,0.12265761601185787,1.5891028364009863,0.09024732934392043,0.0,0.0,0.0,0.1,a,,False,True
284,McCarthy,DEF,11,HUL,4.0,6,EVE,True,0.09,0.20990602242638046,0.0,0.0,0.08325784559510145,0.0,0.0,0.0,0.17146992575344883,0.23063797621594154,2.325897330728279,0.09024732934392043,0.0,0.0,0.0,0.1,a,,False,True
285,McNair,DEF,11,HUL,4.0,1,MUN,True,0.084,0.1444292004752647,0.0,0.0,0.04702072060628358,0.0,0.0,0.0,0.15886915226942017,0.1405864006255153,1.7273049990071838,0.08361534329969483,0.0,0.0,0.0,0.1,a,,False,True
285,McNair,DEF,11,HUL,4.0,2,COV,False,0.084,0.1813766296907378,0.0,0.0,0.06866402418673602,0.0,0.0,0.0,0.15886915226942017,0.20529732187019145,2.1691787958179654,0.08361534329969483,0.0,0.0,0.0,0.1,a,,False,True
285,McNair,DEF,11,HUL,4.0,3,AVL,True,0.084,0.1804836077377695,0.0,0.0,0.06810052629151585,0.0,0.0,0.0,0.15886915226942017,0.20361252972265317,2.1584986751878614,0.08361534329969483,0.0,0.0,0.0,0.1,a,,False,True
285,McNair,DEF,11,HUL,4.0,4,CHE,False,0.084,0.11450556879207544,0.0,0.0,0.032342817515470364,0.0,0.0,0.0,0.15886915226942017,0.09670120410660446,1.3694325021385563,0.08361534329969483,0.0,0.0,0.0,0.1,a,,False,True
285,McNair,DEF,11,HUL,4.0,5,NEW,False,0.084,0.13287337920418724,0.0,0.0,0.041024234684614566,0.0,0.0,0.0,0.15886915226942017,0.12265761601185787,1.5891028364009863,0.08361534329969483,0.0,0.0,0.0,0.1,a,,False,True
285,McNair,DEF,11,HUL,4.0,6,EVE,True,0.084,0.1944807037886889,0.0,0.0,0.07713949423697121,0.0,0.0,0.0,0.15886915226942017,0.23063797621594154,2.325897330728279,0.08361534329969483,0.0,0.0,0.0,0.1,a,,False,True
286,Belloumi,MID,11,HUL,5.0,1,MUN,True,0.546,1.1149211950330131,0.0,0.0,0.07681260530930815,0.0,0.0,0.0,1.038108589723705,0.1405864006255153,2.040586400625515,0.5463729419598448,0.0,0.0,0.0,0.5,a,,False,True
286,Belloumi,MID,11,HUL,5.0,2,COV,False,0.546,1.1502774914503986,0.0,0.0,0.11216890172669368,0.0,0.0,0.0,1.038108589723705,0.20529732187019145,2.105297321870191,0.5463729419598448,0.0,0.0,0.0,0.5,a,,False,True
286,Belloumi,MID,11,HUL,5.0,3,AVL,True,0.546,1.1493569666081573,0.0,0.0,0.11124837688445235,0.0,0.0,0.0,1.038108589723705,0.20361252972265317,2.103612529722653,0.5463729419598448,0.0,0.0,0.0,0.5,a,,False,True
286,Belloumi,MID,11,HUL,5.0,4,CHE,False,0.546,1.0909435111024899,0.0,0.0,0.0528349213787849,0.0,0.0,0.0,1.038108589723705,0.09670120410660446,1.9967012041066043,0.5463729419598448,0.0,0.0,0.0,0.5,a,,False,True
286,Belloumi,MID,11,HUL,5.0,5,NEW,False,0.546,1.1051253922378848,0.0,0.0,0.06701680251417974,0.0,0.0,0.0,1.038108589723705,0.12265761601185787,2.0226576160118577,0.5463729419598448,0.0,0.0,0.0,0.5,a,,False,True
286,Belloumi,MID,11,HUL,5.0,6,EVE,True,0.546,1.1641229393164738,0.0,0.0,0.1260143495927687,0.0,0.0,0.0,1.038108589723705,0.23063797621594154,2.1306379762159415,0.5463729419598448,0.0,0.0,0.0,0.5,a,,False,True
287,Millar,MID,11,HUL,5.0,1,MUN,True,0.534,1.089372559204211,0.0,0.0,0.07505242953289293,0.0,0.0,0.0,1.014320129671318,0.1405864006255153,2.040586400625515,0.5338526998270096,0.0,0.0,0.0,0.1,a,,False,True
287,Millar,MID,11,HUL,5.0,2,COV,False,0.534,1.1239186592189743,0.0,0.0,0.10959852954765628,0.0,0.0,0.0,1.014320129671318,0.20529732187019145,2.105297321870191,0.5338526998270096,0.0,0.0,0.0,0.1,a,,False,True
287,Millar,MID,11,HUL,5.0,3,AVL,True,0.534,1.1230192283823637,0.0,0.0,0.10869909871104563,0.0,0.0,0.0,1.014320129671318,0.20361252972265317,2.103612529722653,0.5338526998270096,0.0,0.0,0.0,0.1,a,,False,True
287,Millar,MID,11,HUL,5.0,4,CHE,False,0.534,1.0659443285601515,0.0,0.0,0.051624198888833496,0.0,0.0,0.0,1.014320129671318,0.09670120410660446,1.9967012041066043,0.5338526998270096,0.0,0.0,0.0,0.1,a,,False,True
287,Millar,MID,11,HUL,5.0,5,NEW,False,0.534,1.079801229133593,0.0,0.0,0.06548109946227496,0.0,0.0,0.0,1.014320129671318,0.12265761601185787,2.0226576160118577,0.5338526998270096,0.0,0.0,0.0,0.1,a,,False,True
287,Millar,MID,11,HUL,5.0,6,EVE,True,0.534,1.137446835956836,0.0,0.0,0.123126706285518,0.0,0.0,0.0,1.014320129671318,0.23063797621594154,2.1306379762159415,0.5338526998270096,0.0,0.0,0.0,0.1,a,,False,True
288,Dowell,MID,11,HUL,4.5,1,MUN,True,0.041,0.0842217212590604,0.0,0.0,0.005802463763684407,0.0,0.0,0.0,0.078419257495376,0.1405864006255153,2.040586400625515,0.04127329341861895,0.0,0.0,0.0,0.4,a,,False,True
288,Dowell,MID,11,HUL,4.5,2,COV,False,0.041,0.08689255409898107,0.0,0.0,0.008473296603605069,0.0,0.0,0.0,0.078419257495376,0.20529732187019145,2.105297321870191,0.04127329341861895,0.0,0.0,0.0,0.4,a,,False,True
288,Dowell,MID,11,HUL,4.5,3,AVL,True,0.041,0.08682301717832633,0.0,0.0,0.008403759682950335,0.0,0.0,0.0,0.078419257495376,0.20361252972265317,2.103612529722653,0.04127329341861895,0.0,0.0,0.0,0.4,a,,False,True
288,Dowell,MID,11,HUL,4.5,4,CHE,False,0.041,0.08241043466640165,0.0,0.0,0.003991177171025645,0.0,0.0,0.0,0.078419257495376,0.09670120410660446,1.9967012041066043,0.04127329341861895,0.0,0.0,0.0,0.4,a,,False,True
288,Dowell,MID,11,HUL,4.5,5,NEW,False,0.041,0.0834817412710617,0.0,0.0,0.005062483775685704,0.0,0.0,0.0,0.078419257495376,0.12265761601185787,2.0226576160118577,0.04127329341861895,0.0,0.0,0.0,0.4,a,,False,True
288,Dowell,MID,11,HUL,4.5,6,EVE,True,0.041,0.08793844636121301,0.0,0.0,0.009519188865837013,0.0,0.0,0.0,0.078419257495376,0.23063797621594154,2.1306379762159415,0.04127329341861895,0.0,0.0,0.0,0.4,a,,False,True
289,Crooks,MID,11,HUL,4.5,1,MUN,True,0.041,0.08372303775119173,0.0,0.0,0.005768106914397815,0.0,0.0,0.0,0.07795493083679392,0.1405864006255153,2.040586400625515,0.041028910966733646,0.0,0.0,0.0,0.7,a,,False,True
289,Crooks,MID,11,HUL,4.5,2,COV,False,0.041,0.08637805637751486,0.0,0.0,0.008423125540720946,0.0,0.0,0.0,0.07795493083679392,0.20529732187019145,2.105297321870191,0.041028910966733646,0.0,0.0,0.0,0.7,a,,False,True
289,Crooks,MID,11,HUL,4.5,3,AVL,True,0.041,0.08630893119049607,0.0,0.0,0.008354000353702146,0.0,0.0,0.0,0.07795493083679392,0.20361252972265317,2.103612529722653,0.041028910966733646,0.0,0.0,0.0,0.7,a,,False,True
289,Crooks,MID,11,HUL,4.5,4,CHE,False,0.041,0.08192247593045973,0.0,0.0,0.003967545093665812,0.0,0.0,0.0,0.07795493083679392,0.09670120410660446,1.9967012041066043,0.041028910966733646,0.0,0.0,0.0,0.7,a,,False,True
289,Crooks,MID,11,HUL,4.5,5,NEW,False,0.041,0.08298743924353624,0.0,0.0,0.00503250840674232,0.0,0.0,0.0,0.07795493083679392,0.12265761601185787,2.0226576160118577,0.041028910966733646,0.0,0.0,0.0,0.7,a,,False,True
289,Crooks,MID,11,HUL,4.5,6,EVE,True,0.041,0.08741775582850542,0.0,0.0,0.009462824991711498,0.0,0.0,0.0,0.07795493083679392,0.23063797621594154,2.1306379762159415,0.041028910966733646,0.0,0.0,0.0,0.7,a,,False,True
290,Slater,MID,11,HUL,4.5,1,MUN,True,0.041,0.08355874117548097,0.0,0.0,0.005756787685666703,0.0,0.0,0.0,0.07780195348981427,0.1405864006255153,2.040586400625515,0.040948396573586454,0.0,0.0,0.0,3.3,a,,False,True
290,Slater,MID,11,HUL,4.5,2,COV,False,0.041,0.08620854964125009,0.0,0.0,0.008406596151435823,0.0,0.0,0.0,0.07780195348981427,0.20529732187019145,2.105297321870191,0.040948396573586454,0.0,0.0,0.0,3.3,a,,False,True
290,Slater,MID,11,HUL,4.5,3,AVL,True,0.041,0.08613956010424863,0.0,0.0,0.008337606614434362,0.0,0.0,0.0,0.07780195348981427,0.20361252972265317,2.103612529722653,0.040948396573586454,0.0,0.0,0.0,3.3,a,,False,True
290,Slater,MID,11,HUL,4.5,4,CHE,False,0.041,0.08176171274471483,0.0,0.0,0.003959759254900566,0.0,0.0,0.0,0.07780195348981427,0.09670120410660446,1.9967012041066043,0.040948396573586454,0.0,0.0,0.0,3.3,a,,False,True
290,Slater,MID,11,HUL,4.5,5,NEW,False,0.041,0.08282458619303851,0.0,0.0,0.0050226327032242436,0.0,0.0,0.0,0.07780195348981427,0.12265761601185787,2.0226576160118577,0.040948396573586454,0.0,0.0,0.0,3.3,a,,False,True
290,Slater,MID,11,HUL,4.5,6,EVE,True,0.041,0.08724620880483404,0.0,0.0,0.009444255315019775,0.0,0.0,0.0,0.07780195348981427,0.23063797621594154,2.1306379762159415,0.040948396573586454,0.0,0.0,0.0,3.3,a,,False,True
291,Matazo,MID,11,HUL,4.5,1,MUN,True,0.0,0.0,0.0,0.0,0.0,0.0,0.0,0.0,0.0,0.1405864006255153,2.040586400625515,0.040921884706048905,0.0,0.0,0.0,0.0,i,Knee injury - Unknown return date,False,True
291,Matazo,MID,11,HUL,4.5,2,COV,False,0.0,0.0,0.0,0.0,0.0,0.0,0.0,0.0,0.0,0.20529732187019145,2.105297321870191,0.040921884706048905,0.0,0.0,0.0,0.0,i,Knee injury - Unknown return date,False,True
291,Matazo,MID,11,HUL,4.5,3,AVL,True,0.025,0.05165027364450617,0.0,0.0,0.004999325079610421,0.0,0.0,0.0,0.046650948564895746,0.20361252972265317,2.103612529722653,0.040921884706048905,0.0,0.0,0.0,0.0,i,Knee injury - Unknown return date,False,True
291,Matazo,MID,11,HUL,4.5,4,CHE,False,0.025,0.04902526588012769,0.0,0.0,0.002374317315231942,0.0,0.0,0.0,0.046650948564895746,0.09670120410660446,1.9967012041066043,0.040921884706048905,0.0,0.0,0.0,0.0,i,Knee injury - Unknown return date,False,True
291,Matazo,MID,11,HUL,4.5,5,NEW,False,0.025,0.04966257705734939,0.0,0.0,0.003011628492453639,0.0,0.0,0.0,0.046650948564895746,0.12265761601185787,2.0226576160118577,0.040921884706048905,0.0,0.0,0.0,0.0,i,Knee injury - Unknown return date,False,True
291,Matazo,MID,11,HUL,4.5,6,EVE,True,0.025,0.05231383296782287,0.0,0.0,0.005662884402927125,0.0,0.0,0.0,0.046650948564895746,0.23063797621594154,2.1306379762159415,0.040921884706048905,0.0,0.0,0.0,0.0,i,Knee injury - Unknown return date,False,True
292,Ömür,MID,11,HUL,5.0,1,MUN,True,0.5,1.0208534745008686,0.0,0.0,0.07033180045801284,0.0,0.0,0.0,0.9505216740428557,0.1405864006255153,2.040586400625515,0.5002745652857136,0.0,0.0,0.0,0.0,a,,False,True
292,Ömür,MID,11,HUL,5.0,2,COV,False,0.5,1.0532267024957869,0.0,0.0,0.10270502845293125,0.0,0.0,0.0,0.9505216740428557,0.20529732187019145,2.105297321870191,0.5002745652857136,0.0,0.0,0.0,0.0,a,,False,True
292,Ömür,MID,11,HUL,5.0,3,AVL,True,0.5,1.0523838438365805,0.0,0.0,0.10186216979372475,0.0,0.0,0.0,0.9505216740428557,0.20361252972265317,2.103612529722653,0.5002745652857136,0.0,0.0,0.0,0.0,a,,False,True
292,Ömür,MID,11,HUL,5.0,4,CHE,False,0.5,0.9988988268898923,0.0,0.0,0.04837715284703661,0.0,0.0,0.0,0.9505216740428557,0.09670120410660446,1.9967012041066043,0.5002745652857136,0.0,0.0,0.0,0.0,a,,False,True
292,Ömür,MID,11,HUL,5.0,5,NEW,False,0.5,1.01188415957217,0.0,0.0,0.06136248552931418,0.0,0.0,0.0,0.9505216740428557,0.12265761601185787,2.0226576160118577,0.5002745652857136,0.0,0.0,0.0,0.0,a,,False,True
292,Ömür,MID,11,HUL,5.0,6,EVE,True,0.5,1.0659039873326626,0.0,0.0,0.1153823132898069,0.0,0.0,0.0,0.9505216740428557,0.23063797621594154,2.1306379762159415,0.5002745652857136,0.0,0.0,0.0,0.0,a,,False,True
293,Kamara,MID,11,HUL,5.0,1,MUN,True,0.0,0.0,0.0,0.0,0.0,0.0,0.0,0.0,0.0,0.1405864006255153,2.040586400625515,0.4269034397641625,0.0,0.0,0.0,0.0,u,Has joined Portsmouth permanently,False,True
293,Kamara,MID,11,HUL,5.0,2,COV,False,0.0,0.0,0.0,0.0,0.0,0.0,0.0,0.0,0.0,0.20529732187019145,2.105297321870191,0.4269034397641625,0.0,0.0,0.0,0.0,u,Has joined Portsmouth permanently,False,True
293,Kamara,MID,11,HUL,5.0,3,AVL,True,0.256,0.5388236549217552,0.0,0.0,0.05215373359061004,0.0,0.0,0.0,0.48666992133114517,0.20361252972265317,2.103612529722653,0.4269034397641625,0.0,0.0,0.0,0.0,u,Has joined Portsmouth permanently,False,True
293,Kamara,MID,11,HUL,5.0,4,CHE,False,0.256,0.5114391673286126,0.0,0.0,0.02476924599746748,0.0,0.0,0.0,0.48666992133114517,0.09670120410660446,1.9967012041066043,0.4269034397641625,0.0,0.0,0.0,0.0,u,Has joined Portsmouth permanently,False,True
293,Kamara,MID,11,HUL,5.0,5,NEW,False,0.256,0.5180876962443856,0.0,0.0,0.03141777491324036,0.0,0.0,0.0,0.48666992133114517,0.12265761601185787,2.0226576160118577,0.4269034397641625,0.0,0.0,0.0,0.0,u,Has joined Portsmouth permanently,False,True
293,Kamara,MID,11,HUL,5.0,6,EVE,True,0.256,0.5457460085632435,0.0,0.0,0.05907608723209832,0.0,0.0,0.0,0.48666992133114517,0.23063797621594154,2.1306379762159415,0.4269034397641625,0.0,0.0,0.0,0.0,u,Has joined Portsmouth permanently,False,True
294,Zambrano,MID,11,HUL,4.5,1,MUN,True,0.0,0.0,0.0,0.0,0.0,0.0,0.0,0.0,0.0,0.1405864006255153,2.040586400625515,0.04091315641618785,0.0,0.0,0.0,0.1,i,Thigh injury - Unknown return date,False,True
294,Zambrano,MID,11,HUL,4.5,2,COV,False,0.0,0.0,0.0,0.0,0.0,0.0,0.0,0.0,0.0,0.20529732187019145,2.105297321870191,0.04091315641618785,0.0,0.0,0.0,0.1,i,Thigh injury - Unknown return date,False,True
294,Zambrano,MID,11,HUL,4.5,3,AVL,True,0.025,0.051639257080557305,0.0,0.0,0.004998258766103164,0.0,0.0,0.0,0.04664099831445414,0.20361252972265317,2.103612529722653,0.04091315641618785,0.0,0.0,0.0,0.1,i,Thigh injury - Unknown return date,False,True
294,Zambrano,MID,11,HUL,4.5,4,CHE,False,0.025,0.04901480920800247,0.0,0.0,0.0023738108935483287,0.0,0.0,0.0,0.04664099831445414,0.09670120410660446,1.9967012041066043,0.04091315641618785,0.0,0.0,0.0,0.1,i,Thigh injury - Unknown return date,False,True
294,Zambrano,MID,11,HUL,4.5,5,NEW,False,0.025,0.049651984452172046,0.0,0.0,0.003010986137717909,0.0,0.0,0.0,0.04664099831445414,0.12265761601185787,2.0226576160118577,0.04091315641618785,0.0,0.0,0.0,0.1,i,Thigh injury - Unknown return date,False,True
294,Zambrano,MID,11,HUL,4.5,6,EVE,True,0.025,0.05230267487231564,0.0,0.0,0.005661676557861497,0.0,0.0,0.0,0.04664099831445414,0.23063797621594154,2.1306379762159415,0.04091315641618785,0.0,0.0,0.0,0.1,i,Thigh injury - Unknown return date,False,True
295,McBurnie,FWD,11,HUL,5.5,1,MUN,True,0.534,1.1021032060297378,0.08812624456695295,0.0,0.0,0.0,0.0,0.0,1.0139769614627847,0.1405864006255153,2.065131823543267,0.5336720849804131,0.04128295588581674,0.0,0.0,1.6,a,,True,True
295,McBurnie,FWD,11,HUL,5.5,2,COV,False,0.534,1.1148895011681719,0.1009125397053872,0.0,0.0,0.0,0.0,0.0,1.0139769614627847,0.20529732187019145,2.089090909090909,0.5336720849804131,0.04727272727272727,0.0,0.0,1.6,a,,True,True
295,McBurnie,FWD,11,HUL,5.5,3,AVL,True,0.534,1.1077686296381826,0.09379166817539794,0.0,0.0,0.0,0.0,0.0,1.0139769614627847,0.20361252972265317,2.075747750004275,0.5336720849804131,0.0439369375010688,0.0,0.0,1.6,a,,True,True
295,McBurnie,FWD,11,HUL,5.5,4,CHE,False,0.534,1.091581557378465,0.07760459591568042,0.0,0.0,0.0,0.0,0.0,1.0139769614627847,0.09670120410660446,2.045416254849696,0.5336720849804131,0.03635406371242402,0.0,0.0,1.6,a,,True,True
295,McBurnie,FWD,11,HUL,5.5,5,NEW,False,0.534,1.09142446234865,0.07744750088586529,0.0,0.0,0.0,0.0,0.0,1.0139769614627847,0.12265761601185787,2.0451218886382407,0.5336720849804131,0.0362804721595602,0.0,0.0,1.6,a,,True,True
295,McBurnie,FWD,11,HUL,5.5,6,EVE,True,0.534,1.1106050540397894,0.09662809257700475,0.0,0.0,0.0,0.0,0.0,1.0139769614627847,0.23063797621594154,2.081062669936261,0.5336720849804131,0.04526566748406524,0.0,0.0,1.6,a,,True,True
296,Akintola,MID,11,HUL,5.0,1,MUN,True,0.32,0.652569259655145,0.0,0.0,0.044958823280235385,0.0,0.0,0.0,0.6076104363749096,0.1405864006255153,2.040586400625515,0.31979496651311035,0.0,0.0,0.0,0.0,a,,False,True
296,Akintola,MID,11,HUL,5.0,2,COV,False,0.32,0.6732634865476188,0.0,0.0,0.06565305017270912,0.0,0.0,0.0,0.6076104363749096,0.20529732187019145,2.105297321870191,0.31979496651311035,0.0,0.0,0.0,0.0,a,,False,True
296,Akintola,MID,11,HUL,5.0,3,AVL,True,0.32,0.6727246984992152,0.0,0.0,0.06511426212430556,0.0,0.0,0.0,0.6076104363749096,0.20361252972265317,2.103612529722653,0.31979496651311035,0.0,0.0,0.0,0.0,a,,False,True
296,Akintola,MID,11,HUL,5.0,4,CHE,False,0.32,0.6385349947039587,0.0,0.0,0.030924558329049022,0.0,0.0,0.0,0.6076104363749096,0.09670120410660446,1.9967012041066043,0.31979496651311035,0.0,0.0,0.0,0.0,a,,False,True
296,Akintola,MID,11,HUL,5.0,5,NEW,False,0.32,0.6468357245799997,0.0,0.0,0.03922528820509004,0.0,0.0,0.0,0.6076104363749096,0.12265761601185787,2.0226576160118577,0.31979496651311035,0.0,0.0,0.0,0.0,a,,False,True
296,Akintola,MID,11,HUL,5.0,6,EVE,True,0.32,0.6813673002555382,0.0,0.0,0.07375686388062856,0.0,0.0,0.0,0.6076104363749096,0.23063797621594154,2.1306379762159415,0.31979496651311035,0.0,0.0,0.0,0.0,a,,False,True
297,Gyabi,MID,11,HUL,4.5,1,MUN,True,0.0,0.0,0.0,0.0,0.0,0.0,0.0,0.0,0.0,0.1405864006255153,2.040586400625515,0.0409102830410299,0.0,0.0,0.0,0.0,i,Thigh injury - Unknown return date,False,True
297,Gyabi,MID,11,HUL,4.5,2,COV,False,0.0,0.0,0.0,0.0,0.0,0.0,0.0,0.0,0.0,0.20529732187019145,2.105297321870191,0.0409102830410299,0.0,0.0,0.0,0.0,i,Thigh injury - Unknown return date,False,True
297,Gyabi,MID,11,HUL,4.5,3,AVL,True,0.025,0.051635630399766395,0.0,0.0,0.004997907732992313,0.0,0.0,0.0,0.04663772266677408,0.20361252972265317,2.103612529722653,0.0409102830410299,0.0,0.0,0.0,0.0,i,Thigh injury - Unknown return date,False,True
297,Gyabi,MID,11,HUL,4.5,4,CHE,False,0.025,0.04901136684501983,0.0,0.0,0.002373644178245755,0.0,0.0,0.0,0.04663772266677408,0.09670120410660446,1.9967012041066043,0.0409102830410299,0.0,0.0,0.0,0.0,i,Thigh injury - Unknown return date,False,True
297,Gyabi,MID,11,HUL,4.5,5,NEW,False,0.025,0.04964849733968392,0.0,0.0,0.0030107746729098397,0.0,0.0,0.0,0.04663772266677408,0.12265761601185787,2.0226576160118577,0.0409102830410299,0.0,0.0,0.0,0.0,i,Thigh injury - Unknown return date,False,True
297,Gyabi,MID,11,HUL,4.5,6,EVE,True,0.025,0.052299001598976776,0.0,0.0,0.005661278932202694,0.0,0.0,0.0,0.04663772266677408,0.23063797621594154,2.1306379762159415,0.0409102830410299,0.0,0.0,0.0,0.0,i,Thigh injury - Unknown return date,False,True
298,Destan,FWD,11,HUL,4.5,1,MUN,True,0.0,0.0,0.0,0.0,0.0,0.0,0.0,0.0,0.0,0.1405864006255153,1.9,0.2688736875640787,0.0,0.0,0.0,0.4,u,Has joined Konyaspor permanently,False,True
298,Destan,FWD,11,HUL,4.5,2,COV,False,0.0,0.0,0.0,0.0,0.0,0.0,0.0,0.0,0.0,0.20529732187019145,1.9,0.2688736875640787,0.0,0.0,0.0,0.4,u,Has joined Konyaspor permanently,False,True
298,Destan,FWD,11,HUL,4.5,3,AVL,True,0.161,0.3065160038230497,0.0,0.0,0.0,0.0,0.0,0.0,0.3065160038230497,0.20361252972265317,1.9,0.2688736875640787,0.0,0.0,0.0,0.4,u,Has joined Konyaspor permanently,False,True
298,Destan,FWD,11,HUL,4.5,4,CHE,False,0.161,0.3065160038230497,0.0,0.0,0.0,0.0,0.0,0.0,0.3065160038230497,0.09670120410660446,1.9,0.2688736875640787,0.0,0.0,0.0,0.4,u,Has joined Konyaspor permanently,False,True
298,Destan,FWD,11,HUL,4.5,5,NEW,False,0.161,0.3065160038230497,0.0,0.0,0.0,0.0,0.0,0.0,0.3065160038230497,0.12265761601185787,1.9,0.2688736875640787,0.0,0.0,0.0,0.4,u,Has joined Konyaspor permanently,False,True
298,Destan,FWD,11,HUL,4.5,6,EVE,True,0.161,0.3065160038230497,0.0,0.0,0.0,0.0,0.0,0.0,0.3065160038230497,0.23063797621594154,1.9,0.2688736875640787,0.0,0.0,0.0,0.4,u,Has joined Konyaspor permanently,False,True
299,Burstow,FWD,11,HUL,4.5,1,MUN,True,0.0,0.0,0.0,0.0,0.0,0.0,0.0,0.0,0.0,0.1405864006255153,1.9,0.16535056209027144,0.0,0.0,0.0,0.1,u,Has joined Sheffield Wednesday on loan for the rest of the season,False,True
299,Burstow,FWD,11,HUL,4.5,2,COV,False,0.0,0.0,0.0,0.0,0.0,0.0,0.0,0.0,0.0,0.20529732187019145,1.9,0.16535056209027144,0.0,0.0,0.0,0.1,u,Has joined Sheffield Wednesday on loan for the rest of the season,False,True
299,Burstow,FWD,11,HUL,4.5,3,AVL,True,0.099,0.1884996407829094,0.0,0.0,0.0,0.0,0.0,0.0,0.1884996407829094,0.20361252972265317,1.9,0.16535056209027144,0.0,0.0,0.0,0.1,u,Has joined Sheffield Wednesday on loan for the rest of the season,False,True
299,Burstow,FWD,11,HUL,4.5,4,CHE,False,0.099,0.1884996407829094,0.0,0.0,0.0,0.0,0.0,0.0,0.1884996407829094,0.09670120410660446,1.9,0.16535056209027144,0.0,0.0,0.0,0.1,u,Has joined Sheffield Wednesday on loan for the rest of the season,False,True
299,Burstow,FWD,11,HUL,4.5,5,NEW,False,0.099,0.1884996407829094,0.0,0.0,0.0,0.0,0.0,0.0,0.1884996407829094,0.12265761601185787,1.9,0.16535056209027144,0.0,0.0,0.0,0.1,u,Has joined Sheffield Wednesday on loan for the rest of the season,False,True
299,Burstow,FWD,11,HUL,4.5,6,EVE,True,0.099,0.1884996407829094,0.0,0.0,0.0,0.0,0.0,0.0,0.1884996407829094,0.23063797621594154,1.9,0.16535056209027144,0.0,0.0,0.0,0.1,u,Has joined Sheffield Wednesday on loan for the rest of the season,False,True
340,Gelhardt,MID,11,HUL,5.0,1,MUN,True,0.0,0.0,0.0,0.0,0.0,0.0,0.0,0.0,0.0,0.1405864006255153,2.040586400625515,0.2291662667959824,0.0,0.0,0.0,0.0,i,Ankle injury - Expected back 5 Sep,False,True
340,Gelhardt,MID,11,HUL,5.0,2,COV,False,0.0,0.0,0.0,0.0,0.0,0.0,0.0,0.0,0.0,0.20529732187019145,2.105297321870191,0.2291662667959824,0.0,0.0,0.0,0.0,i,Ankle injury - Expected back 5 Sep,False,True
340,Gelhardt,MID,11,HUL,5.0,3,AVL,True,0.137,0.28924621813307577,0.0,0.0,0.02799667398565586,0.0,0.0,0.0,0.2612495441474199,0.20361252972265317,2.103612529722653,0.2291662667959824,0.0,0.0,0.0,0.0,i,Ankle injury - Expected back 5 Sep,False,True
340,Gelhardt,MID,11,HUL,5.0,4,CHE,False,0.137,0.27454593651129205,0.0,0.0,0.013296392363872119,0.0,0.0,0.0,0.2612495441474199,0.09670120410660446,1.9967012041066043,0.2291662667959824,0.0,0.0,0.0,0.0,i,Ankle injury - Expected back 5 Sep,False,True
340,Gelhardt,MID,11,HUL,5.0,5,NEW,False,0.137,0.27811493692073946,0.0,0.0,0.01686539277331955,0.0,0.0,0.0,0.2612495441474199,0.12265761601185787,2.0226576160118577,0.2291662667959824,0.0,0.0,0.0,0.0,i,Ankle injury - Expected back 5 Sep,False,True
340,Gelhardt,MID,11,HUL,5.0,6,EVE,True,0.137,0.29296221054189264,0.0,0.0,0.03171266639447274,0.0,0.0,0.0,0.2612495441474199,0.23063797621594154,2.1306379762159415,0.2291662667959824,0.0,0.0,0.0,0.0,i,Ankle injury - Expected back 5 Sep,False,True
556,Targett,DEF,11,HUL,4.0,1,MUN,True,0.081,0.1405724319285364,0.0,0.0,0.04576510168931899,0.0,0.0,0.0,0.15462678613084266,0.1405864006255153,1.7273049990071838,0.08138251901623299,0.0,0.0,0.0,2.4,a,,False,True
556,Targett,DEF,11,HUL,4.0,2,COV,False,0.081,0.17653323460026493,0.0,0.0,0.06683045280433024,0.0,0.0,0.0,0.15462678613084266,0.20529732187019145,2.1691787958179654,0.08138251901623299,0.0,0.0,0.0,2.4,a,,False,True
556,Targett,DEF,11,HUL,4.0,3,AVL,True,0.081,0.1756640594799898,0.0,0.0,0.0662820022883885,0.0,0.0,0.0,0.15462678613084266,0.20361252972265317,2.1584986751878614,0.08138251901623299,0.0,0.0,0.0,2.4,a,,False,True
556,Targett,DEF,11,HUL,4.0,4,CHE,False,0.081,0.11144786664673856,0.0,0.0,0.03147915032839346,0.0,0.0,0.0,0.15462678613084266,0.09670120410660446,1.3694325021385563,0.08138251901623299,0.0,0.0,0.0,2.4,a,,False,True
556,Targett,DEF,11,HUL,4.0,5,NEW,False,0.081,0.12932519180215302,0.0,0.0,0.03992874307028331,0.0,0.0,0.0,0.15462678613084266,0.12265761601185787,1.5891028364009863,0.08138251901623299,0.0,0.0,0.0,2.4,a,,False,True
556,Targett,DEF,11,HUL,4.0,6,EVE,True,0.081,0.18928738374779971,0.0,0.0,0.07507959794103741,0.0,0.0,0.0,0.15462678613084266,0.23063797621594154,2.325897330728279,0.08138251901623299,0.0,0.0,0.0,2.4,a,,False,True
563,Morita,MID,11,HUL,5.0,1,MUN,True,0.091,0.18533085896114096,0.0,0.0,0.01276838774295223,0.0,0.0,0.0,0.17256247121818874,0.1405864006255153,2.040586400625515,0.18164470654546183,0.0,0.0,0.0,0.0,d,Calf injury - 50% chance of playing,False,True
563,Morita,MID,11,HUL,5.0,2,COV,False,0.091,0.1912080571110288,0.0,0.0,0.018645585892840075,0.0,0.0,0.0,0.17256247121818874,0.20529732187019145,2.105297321870191,0.18164470654546183,0.0,0.0,0.0,0.0,d,Calf injury - 50% chance of playing,False,True
563,Morita,MID,11,HUL,5.0,3,AVL,True,0.145,0.30568806451746233,0.0,0.0,0.02958811056836037,0.0,0.0,0.0,0.276099953949102,0.20361252972265317,2.103612529722653,0.18164470654546183,0.0,0.0,0.0,0.0,d,Calf injury - 50% chance of playing,False,True
563,Morita,MID,11,HUL,5.0,4,CHE,False,0.145,0.29015216342313155,0.0,0.0,0.01405220947402958,0.0,0.0,0.0,0.276099953949102,0.09670120410660446,1.9967012041066043,0.18164470654546183,0.0,0.0,0.0,0.0,d,Calf injury - 50% chance of playing,False,True
563,Morita,MID,11,HUL,5.0,5,NEW,False,0.145,0.2939240392819339,0.0,0.0,0.01782408533283189,0.0,0.0,0.0,0.276099953949102,0.12265761601185787,2.0226576160118577,0.18164470654546183,0.0,0.0,0.0,0.0,d,Calf injury - 50% chance of playing,False,True
563,Morita,MID,11,HUL,5.0,6,EVE,True,0.145,0.3096152879554891,0.0,0.0,0.03351533400638713,0.0,0.0,0.0,0.276099953949102,0.23063797621594154,2.1306379762159415,0.18164470654546183,0.0,0.0,0.0,0.0,d,Calf injury - 50% chance of playing,False,True
572,Tzolakis,GK,11,HUL,4.5,1,MUN,True,0.376,0.6487243656328533,0.0,0.0,0.2112002769975525,0.0,0.0,0.0,0.7135834698625191,0.1405864006255153,1.7273049990071838,0.3755702472960627,0.0,0.0,0.0,1.2,a,,False,True
572,Tzolakis,GK,11,HUL,4.5,2,COV,False,0.376,0.8146790167747286,0.0,0.0,0.30841426377602876,0.0,0.0,0.0,0.7135834698625191,0.20529732187019145,2.1691787958179654,0.3755702472960627,0.0,0.0,0.0,1.2,a,,False,True
572,Tzolakis,GK,11,HUL,4.5,3,AVL,True,0.376,0.8106678812285287,0.0,0.0,0.3058832325620551,0.0,0.0,0.0,0.7135834698625191,0.20361252972265317,2.1584986751878614,0.3755702472960627,0.0,0.0,0.0,1.2,a,,False,True
572,Tzolakis,GK,11,HUL,4.5,4,CHE,False,0.376,0.5143181034834434,0.0,0.0,0.1452723805605779,0.0,0.0,0.0,0.7135834698625191,0.09670120410660446,1.3694325021385563,0.3755702472960627,0.0,0.0,0.0,1.2,a,,False,True
572,Tzolakis,GK,11,HUL,4.5,5,NEW,False,0.376,0.596819745245993,0.0,0.0,0.18426620471327584,0.0,0.0,0.0,0.7135834698625191,0.12265761601185787,1.5891028364009863,0.3755702472960627,0.0,0.0,0.0,1.2,a,,False,True
572,Tzolakis,GK,11,HUL,4.5,6,EVE,True,0.376,0.8735378356868719,0.0,0.0,0.34648304705313837,0.0,0.0,0.0,0.7135834698625191,0.23063797621594154,2.325897330728279,0.3755702472960627,0.0,0.0,0.0,1.2,a,,False,True
574,Hjertø-Dahl,MID,11,HUL,5.0,1,MUN,True,0.163,0.3321928141153738,0.0,0.0,0.022886456577298292,0.0,0.0,0.0,0.3093063575380755,0.1405864006255153,2.040586400625515,0.16279281975688184,0.0,0.0,0.0,0.1,a,,False,True
574,Hjertø-Dahl,MID,11,HUL,5.0,2,COV,False,0.163,0.34272728745386016,0.0,0.0,0.03342092991578463,0.0,0.0,0.0,0.3093063575380755,0.20529732187019145,2.105297321870191,0.16279281975688184,0.0,0.0,0.0,0.1,a,,False,True
574,Hjertø-Dahl,MID,11,HUL,5.0,3,AVL,True,0.163,0.34245301538945816,0.0,0.0,0.03314665785138263,0.0,0.0,0.0,0.3093063575380755,0.20361252972265317,2.103612529722653,0.16279281975688184,0.0,0.0,0.0,0.1,a,,False,True
574,Hjertø-Dahl,MID,11,HUL,5.0,4,CHE,False,0.163,0.3250486192284754,0.0,0.0,0.0157422616903999,0.0,0.0,0.0,0.3093063575380755,0.09670120410660446,1.9967012041066043,0.16279281975688184,0.0,0.0,0.0,0.1,a,,False,True
574,Hjertø-Dahl,MID,11,HUL,5.0,5,NEW,False,0.163,0.3292741367133027,0.0,0.0,0.019967779175227202,0.0,0.0,0.0,0.3093063575380755,0.12265761601185787,2.0226576160118577,0.16279281975688184,0.0,0.0,0.0,0.1,a,,False,True
574,Hjertø-Dahl,MID,11,HUL,5.0,6,EVE,True,0.163,0.34685256402928927,0.0,0.0,0.03754620649121377,0.0,0.0,0.0,0.3093063575380755,0.23063797621594154,2.1306379762159415,0.16279281975688184,0.0,0.0,0.0,0.1,a,,False,True
576,Stroud,MID,11,HUL,5.0,1,MUN,True,0.156,0.3186596735843888,0.0,0.0,0.021954089530341968,0.0,0.0,0.0,0.29670558405404684,0.1405864006255153,2.040586400625515,0.15616083371265624,0.0,0.0,0.0,0.1,a,,False,True
576,Stroud,MID,11,HUL,5.0,2,COV,False,0.156,0.3287649849962715,0.0,0.0,0.03205940094222463,0.0,0.0,0.0,0.29670558405404684,0.20529732187019145,2.105297321870191,0.15616083371265624,0.0,0.0,0.0,0.1,a,,False,True
576,Stroud,MID,11,HUL,5.0,3,AVL,True,0.156,0.3285018864498794,0.0,0.0,0.03179630239583252,0.0,0.0,0.0,0.29670558405404684,0.20361252972265317,2.103612529722653,0.15616083371265624,0.0,0.0,0.0,0.1,a,,False,True
576,Stroud,MID,11,HUL,5.0,4,CHE,False,0.156,0.3118065247083519,0.0,0.0,0.01510094065430509,0.0,0.0,0.0,0.29670558405404684,0.09670120410660446,1.9967012041066043,0.15616083371265624,0.0,0.0,0.0,0.1,a,,False,True
576,Stroud,MID,11,HUL,5.0,5,NEW,False,0.156,0.31585989963166544,0.0,0.0,0.01915431557761858,0.0,0.0,0.0,0.29670558405404684,0.12265761601185787,2.0226576160118577,0.15616083371265624,0.0,0.0,0.0,0.1,a,,False,True
576,Stroud,MID,11,HUL,5.0,6,EVE,True,0.156,0.33272220270572805,0.0,0.0,0.03601661865168121,0.0,0.0,0.0,0.29670558405404684,0.23063797621594154,2.1306379762159415,0.15616083371265624,0.0,0.0,0.0,0.1,a,,False,True
585,Herrington,DEF,11,HUL,4.0,1,MUN,True,0.081,0.13929329373779817,0.0,0.0,0.045348662359283164,0.0,0.0,0.0,0.15321976040938665,0.1405864006255153,1.7273049990071838,0.08064197916283508,0.0,0.0,0.0,0.7,a,,False,True
585,Herrington,DEF,11,HUL,4.0,2,COV,False,0.081,0.17492687125281606,0.0,0.0,0.0662223294097673,0.0,0.0,0.0,0.15321976040938665,0.20529732187019145,2.1691787958179654,0.08064197916283508,0.0,0.0,0.0,0.7,a,,False,True
585,Herrington,DEF,11,HUL,4.0,3,AVL,True,0.081,0.17406560518750663,0.0,0.0,0.06567886951674534,0.0,0.0,0.0,0.15321976040938665,0.20361252972265317,2.1584986751878614,0.08064197916283508,0.0,0.0,0.0,0.7,a,,False,True
585,Herrington,DEF,11,HUL,4.0,4,CHE,False,0.081,0.11043374730236655,0.0,0.0,0.031192705946343435,0.0,0.0,0.0,0.15321976040938665,0.09670120410660446,1.3694325021385563,0.08064197916283508,0.0,0.0,0.0,0.7,a,,False,True
585,Herrington,DEF,11,HUL,4.0,5,NEW,False,0.081,0.12814839782065046,0.0,0.0,0.03956541165836508,0.0,0.0,0.0,0.15321976040938665,0.12265761601185787,1.5891028364009863,0.08064197916283508,0.0,0.0,0.0,0.7,a,,False,True
585,Herrington,DEF,11,HUL,4.0,6,EVE,True,0.081,0.18756496407948361,0.0,0.0,0.07439641148865764,0.0,0.0,0.0,0.15321976040938665,0.23063797621594154,2.325897330728279,0.08064197916283508,0.0,0.0,0.0,0.7,a,,False,True
586,Mendy,DEF,11,HUL,4.0,1,MUN,True,0.06,0.10415337803024029,0.0,0.0,0.03390842622160259,0.0,0.0,0.0,0.11456657531310342,0.1405864006255153,1.7273049990071838,0.08039759671094977,0.0,0.0,0.0,1.7,d,Thigh injury - 75% chance of playing,False,True
586,Mendy,DEF,11,HUL,4.0,2,COV,False,0.06,0.13079757151508734,0.0,0.0,0.049516233868673105,0.0,0.0,0.0,0.11456657531310342,0.20529732187019145,2.1691787958179654,0.08039759671094977,0.0,0.0,0.0,1.7,d,Thigh injury - 75% chance of playing,False,True
586,Mendy,DEF,11,HUL,4.0,3,AVL,True,0.072,0.15618429538998574,0.0,0.0,0.05893184897977732,0.0,0.0,0.0,0.1374798903757241,0.20361252972265317,2.1584986751878614,0.08039759671094977,0.0,0.0,0.0,1.7,d,Thigh injury - 75% chance of playing,False,True
586,Mendy,DEF,11,HUL,4.0,4,CHE,False,0.072,0.09908917382682225,0.0,0.0,0.02798835987321369,0.0,0.0,0.0,0.1374798903757241,0.09670120410660446,1.3694325021385563,0.08039759671094977,0.0,0.0,0.0,1.7,d,Thigh injury - 75% chance of playing,False,True
586,Mendy,DEF,11,HUL,4.0,5,NEW,False,0.072,0.11498404407587359,0.0,0.0,0.03550095916433239,0.0,0.0,0.0,0.1374798903757241,0.12265761601185787,1.5891028364009863,0.08039759671094977,0.0,0.0,0.0,1.7,d,Thigh injury - 75% chance of playing,False,True
586,Mendy,DEF,11,HUL,4.0,6,EVE,True,0.072,0.16829690002827008,0.0,0.0,0.06675386039294001,0.0,0.0,0.0,0.1374798903757241,0.23063797621594154,2.325897330728279,0.08039759671094977,0.0,0.0,0.0,1.7,d,Thigh injury - 75% chance of playing,False,True
589,Gourna-Douath,MID,11,HUL,5.0,1,MUN,True,0.154,0.3141034027165701,0.0,0.0,0.021640184801100817,0.0,0.0,0.0,0.2924632179154693,0.1405864006255153,2.040586400625515,0.15392800942919438,0.0,0.0,0.0,0.0,a,,False,True
589,Gourna-Douath,MID,11,HUL,5.0,2,COV,False,0.154,0.3240642260120925,0.0,0.0,0.03160100809662318,0.0,0.0,0.0,0.2924632179154693,0.20529732187019145,2.105297321870191,0.15392800942919438,0.0,0.0,0.0,0.0,a,,False,True
589,Gourna-Douath,MID,11,HUL,5.0,3,AVL,True,0.154,0.32380488931052,0.0,0.0,0.03134167139505068,0.0,0.0,0.0,0.2924632179154693,0.20361252972265317,2.103612529722653,0.15392800942919438,0.0,0.0,0.0,0.0,a,,False,True
589,Gourna-Douath,MID,11,HUL,5.0,4,CHE,False,0.154,0.3073482417730052,0.0,0.0,0.01488502385753586,0.0,0.0,0.0,0.2924632179154693,0.09670120410660446,1.9967012041066043,0.15392800942919438,0.0,0.0,0.0,0.0,a,,False,True
589,Gourna-Douath,MID,11,HUL,5.0,5,NEW,False,0.154,0.3113436605895051,0.0,0.0,0.018880442674035762,0.0,0.0,0.0,0.2924632179154693,0.12265761601185787,2.0226576160118577,0.15392800942919438,0.0,0.0,0.0,0.0,a,,False,True
589,Gourna-Douath,MID,11,HUL,5.0,6,EVE,True,0.154,0.3279648624931671,0.0,0.0,0.03550164457769776,0.0,0.0,0.0,0.2924632179154693,0.23063797621594154,2.1306379762159415,0.15392800942919438,0.0,0.0,0.0,0.0,a,,False,True
259,Diop,DEF,12,IPS,4.0,1,SUN,True,0.474,1.2411002861027243,0.0,0.0,0.5324872005820531,0.0,0.0,0.0,0.9002721579390783,0.2809499527959312,2.619308531092826,0.4738274515468834,0.0,0.0,0.0,18.0,a,,False,True
259,Diop,DEF,12,IPS,4.0,2,MUN,False,0.474,0.6333680754012213,0.0,0.0,0.1764784241662772,0.0,0.0,0.0,0.9002721579390783,0.09311323330367202,1.3367061645193683,0.4738274515468834,0.0,0.0,0.0,18.0,a,,False,True
259,Diop,DEF,12,IPS,4.0,3,LIV,True,0.474,0.8788353239818594,0.0,0.0,0.29973442327501787,0.0,0.0,0.0,0.9002721579390783,0.15814534504938887,1.8547581426799247,0.4738274515468834,0.0,0.0,0.0,18.0,a,,False,True
259,Diop,DEF,12,IPS,4.0,4,CRY,False,0.474,0.8088995967755966,0.0,0.0,0.26136238824990493,0.0,0.0,0.0,0.9002721579390783,0.13789955995407546,1.7071606850443515,0.4738274515468834,0.0,0.0,0.0,18.0,a,,False,True
259,Diop,DEF,12,IPS,4.0,5,EVE,False,0.474,0.9162481055499482,0.0,0.0,0.3212376943220062,0.0,0.0,0.0,0.9002721579390783,0.1694908627989344,1.9337168046273256,0.4738274515468834,0.0,0.0,0.0,18.0,a,,False,True
259,Diop,DEF,12,IPS,4.0,6,FUL,True,0.474,1.086690952739636,0.0,0.0,0.42700508635497003,0.0,0.0,0.0,0.9002721579390783,0.22529566668253684,2.2934318161431224,0.4738274515468834,0.0,0.0,0.0,18.0,a,,False,True
267,Lukić,MID,12,IPS,5.0,1,SUN,True,0.229,0.49980015875111755,0.0,0.0,0.06438425183875103,0.0,0.0,0.0,0.43541590691236653,0.2809499527959312,2.180949952795931,0.2291662667959824,0.0,0.0,0.0,0.1,a,,False,True
267,Lukić,MID,12,IPS,5.0,2,MUN,False,0.229,0.4567543189778724,0.0,0.0,0.021338412065505855,0.0,0.0,0.0,0.43541590691236653,0.09311323330367202,1.9931132333036718,0.2291662667959824,0.0,0.0,0.0,0.1,a,,False,True
267,Lukić,MID,12,IPS,5.0,3,LIV,True,0.229,0.4716574852484975,0.0,0.0,0.036241578336130946,0.0,0.0,0.0,0.43541590691236653,0.15814534504938887,2.0581453450493887,0.2291662667959824,0.0,0.0,0.0,0.1,a,,False,True
267,Lukić,MID,12,IPS,5.0,4,CRY,False,0.229,0.4670178342598508,0.0,0.0,0.03160192734748423,0.0,0.0,0.0,0.43541590691236653,0.13789955995407546,2.0378995599540755,0.2291662667959824,0.0,0.0,0.0,0.1,a,,False,True
267,Lukić,MID,12,IPS,5.0,5,EVE,False,0.229,0.4742574951960284,0.0,0.0,0.038841588283661854,0.0,0.0,0.0,0.43541590691236653,0.1694908627989344,2.069490862798934,0.2291662667959824,0.0,0.0,0.0,0.1,a,,False,True
267,Lukić,MID,12,IPS,5.0,6,FUL,True,0.229,0.4870460737713155,0.0,0.0,0.05163016685894896,0.0,0.0,0.0,0.43541590691236653,0.22529566668253684,2.1252956666825367,0.2291662667959824,0.0,0.0,0.0,0.1,a,,False,True
300,Walton,GK,12,IPS,4.5,1,SUN,True,0.484,1.2675072200283228,0.0,0.0,0.5438169492570392,0.0,0.0,0.0,0.9194272799352275,0.2809499527959312,2.619308531092826,0.48390909470275134,0.0,0.0,0.0,0.5,a,,False,True
300,Walton,GK,12,IPS,4.5,2,MUN,False,0.484,0.6468442699561546,0.0,0.0,0.18023336173130403,0.0,0.0,0.0,0.9194272799352275,0.09311323330367202,1.3367061645193683,0.48390909470275134,0.0,0.0,0.0,0.5,a,,False,True
300,Walton,GK,12,IPS,4.5,3,LIV,True,0.484,0.8975343337167989,0.0,0.0,0.30611188301721604,0.0,0.0,0.0,0.9194272799352275,0.15814534504938887,1.8547581426799247,0.48390909470275134,0.0,0.0,0.0,0.5,a,,False,True
300,Walton,GK,12,IPS,4.5,4,CRY,False,0.484,0.826110581611941,0.0,0.0,0.26692340486913774,0.0,0.0,0.0,0.9194272799352275,0.13789955995407546,1.7071606850443515,0.48390909470275134,0.0,0.0,0.0,0.5,a,,False,True
300,Walton,GK,12,IPS,4.5,5,EVE,False,0.484,0.9357431483387062,0.0,0.0,0.32807267990968236,0.0,0.0,0.0,0.9194272799352275,0.1694908627989344,1.9337168046273256,0.48390909470275134,0.0,0.0,0.0,0.5,a,,False,True
300,Walton,GK,12,IPS,4.5,6,FUL,True,0.484,1.1098125139123054,0.0,0.0,0.4360904884191969,0.0,0.0,0.0,0.9194272799352275,0.22529566668253684,2.2934318161431224,0.48390909470275134,0.0,0.0,0.0,0.5,a,,False,True
301,Palmer,GK,12,IPS,4.0,1,SUN,True,0.114,0.299199702203655,0.0,0.0,0.12836997430860433,0.0,0.0,0.0,0.21703416281004662,0.2809499527959312,2.619308531092826,0.11422850674212981,0.0,0.0,0.0,4.7,a,,False,True
301,Palmer,GK,12,IPS,4.0,2,MUN,False,0.114,0.15268994912604714,0.0,0.0,0.04254474239284002,0.0,0.0,0.0,0.21703416281004662,0.09311323330367202,1.3367061645193683,0.11422850674212981,0.0,0.0,0.0,4.7,a,,False,True
301,Palmer,GK,12,IPS,4.0,3,LIV,True,0.114,0.21186625300613393,0.0,0.0,0.07225882645284225,0.0,0.0,0.0,0.21703416281004662,0.15814534504938887,1.8547581426799247,0.11422850674212981,0.0,0.0,0.0,4.7,a,,False,True
301,Palmer,GK,12,IPS,4.0,4,CRY,False,0.114,0.19500641582148764,0.0,0.0,0.06300824325580337,0.0,0.0,0.0,0.21703416281004662,0.13789955995407546,1.7071606850443515,0.11422850674212981,0.0,0.0,0.0,4.7,a,,False,True
301,Palmer,GK,12,IPS,4.0,5,EVE,False,0.114,0.22088558305474215,0.0,0.0,0.07744275265582991,0.0,0.0,0.0,0.21703416281004662,0.1694908627989344,1.9337168046273256,0.11422850674212981,0.0,0.0,0.0,4.7,a,,False,True
301,Palmer,GK,12,IPS,4.0,6,FUL,True,0.114,0.26197529167291966,0.0,0.0,0.10294075032247516,0.0,0.0,0.0,0.21703416281004662,0.22529566668253684,2.2934318161431224,0.11422850674212981,0.0,0.0,0.0,4.7,a,,False,True
302,Button,GK,12,IPS,4.0,1,SUN,True,0.099,0.25888396919714046,0.0,0.0,0.11107273245922523,0.0,0.0,0.0,0.18778984439429333,0.2809499527959312,2.619308531092826,0.09883676020752281,0.0,0.0,0.0,0.5,a,,False,True
302,Button,GK,12,IPS,4.0,2,MUN,False,0.099,0.13211570665051836,0.0,0.0,0.03681204124872864,0.0,0.0,0.0,0.18778984439429333,0.09311323330367202,1.3367061645193683,0.09883676020752281,0.0,0.0,0.0,0.5,a,,False,True
302,Button,GK,12,IPS,4.0,3,LIV,True,0.099,0.18331828579100612,0.0,0.0,0.06252229418632961,0.0,0.0,0.0,0.18778984439429333,0.15814534504938887,1.8547581426799247,0.09883676020752281,0.0,0.0,0.0,0.5,a,,False,True
302,Button,GK,12,IPS,4.0,4,CRY,False,0.099,0.16873023126343895,0.0,0.0,0.05451818295961549,0.0,0.0,0.0,0.18778984439429333,0.13789955995407546,1.7071606850443515,0.09883676020752281,0.0,0.0,0.0,0.5,a,,False,True
302,Button,GK,12,IPS,4.0,5,EVE,False,0.099,0.19112230412820821,0.0,0.0,0.06700771105529772,0.0,0.0,0.0,0.18778984439429333,0.1694908627989344,1.9337168046273256,0.09883676020752281,0.0,0.0,0.0,0.5,a,,False,True
302,Button,GK,12,IPS,4.0,6,FUL,True,0.099,0.22667537046444136,0.0,0.0,0.08906997513478353,0.0,0.0,0.0,0.18778984439429333,0.22529566668253684,2.2934318161431224,0.09883676020752281,0.0,0.0,0.0,0.5,a,,False,True
303,Kipré,DEF,12,IPS,4.0,1,SUN,True,0.461,1.2083059090728414,0.0,0.0,0.5184169548371984,0.0,0.0,0.0,0.8764836978866916,0.2809499527959312,2.619308531092826,0.46130720941404824,0.0,0.0,0.0,0.7,a,,False,True
303,Kipré,DEF,12,IPS,4.0,2,MUN,False,0.461,0.6166321905609855,0.0,0.0,0.17181522325934465,0.0,0.0,0.0,0.8764836978866916,0.09311323330367202,1.3367061645193683,0.46130720941404824,0.0,0.0,0.0,0.7,a,,False,True
303,Kipré,DEF,12,IPS,4.0,3,LIV,True,0.461,0.8556133029376591,0.0,0.0,0.2918143512262214,0.0,0.0,0.0,0.8764836978866916,0.15814534504938887,1.8547581426799247,0.46130720941404824,0.0,0.0,0.0,0.7,a,,False,True
303,Kipré,DEF,12,IPS,4.0,4,CRY,False,0.461,0.7875255316391847,0.0,0.0,0.25445624472735917,0.0,0.0,0.0,0.8764836978866916,0.13789955995407546,1.7071606850443515,0.46130720941404824,0.0,0.0,0.0,0.7,a,,False,True
303,Kipré,DEF,12,IPS,4.0,5,EVE,False,0.461,0.8920375029396818,0.0,0.0,0.31274942775582304,0.0,0.0,0.0,0.8764836978866916,0.1694908627989344,1.9337168046273256,0.46130720941404824,0.0,0.0,0.0,0.7,a,,False,True
303,Kipré,DEF,12,IPS,4.0,6,FUL,True,0.461,1.0579766310863763,0.0,0.0,0.41572206116159455,0.0,0.0,0.0,0.8764836978866916,0.22529566668253684,2.2934318161431224,0.46130720941404824,0.0,0.0,0.0,0.7,a,,False,True
304,O'Shea,DEF,12,IPS,4.0,1,SUN,True,0.428,1.1203544148106421,0.0,0.0,0.4806818535797882,0.0,0.0,0.0,0.8126852422582291,0.2809499527959312,2.619308531092826,0.4277290748727522,0.0,0.0,0.0,3.5,a,,False,True
304,O'Shea,DEF,12,IPS,4.0,2,MUN,False,0.428,0.5717480911265743,0.0,0.0,0.1593089485575615,0.0,0.0,0.0,0.8126852422582291,0.09311323330367202,1.3367061645193683,0.4277290748727522,0.0,0.0,0.0,3.5,a,,False,True
304,O'Shea,DEF,12,IPS,4.0,3,LIV,True,0.428,0.7933339844811883,0.0,0.0,0.27057344853362914,0.0,0.0,0.0,0.8126852422582291,0.15814534504938887,1.8547581426799247,0.4277290748727522,0.0,0.0,0.0,3.5,a,,False,True
304,O'Shea,DEF,12,IPS,4.0,4,CRY,False,0.428,0.7302022604731544,0.0,0.0,0.2359346048180653,0.0,0.0,0.0,0.8126852422582291,0.13789955995407546,1.7071606850443515,0.4277290748727522,0.0,0.0,0.0,3.5,a,,False,True
304,O'Shea,DEF,12,IPS,4.0,5,EVE,False,0.428,0.8271068999091404,0.0,0.0,0.28998467977749115,0.0,0.0,0.0,0.8126852422582291,0.1694908627989344,1.9337168046273256,0.4277290748727522,0.0,0.0,0.0,3.5,a,,False,True
304,O'Shea,DEF,12,IPS,4.0,6,FUL,True,0.428,0.9809674690026338,0.0,0.0,0.3854620283318457,0.0,0.0,0.0,0.8126852422582291,0.22529566668253684,2.2934318161431224,0.4277290748727522,0.0,0.0,0.0,3.5,a,,False,True
305,Davis,DEF,12,IPS,4.0,1,SUN,True,0.354,0.9281727997961605,0.0,0.0,0.3982273965723317,0.0,0.0,0.0,0.673280103767282,0.2809499527959312,2.619308531092826,0.3543579493512011,0.0,0.0,0.0,5.2,a,,False,True
305,Davis,DEF,12,IPS,4.0,2,MUN,False,0.354,0.47367245534419256,0.0,0.0,0.1319816576437967,0.0,0.0,0.0,0.673280103767282,0.09311323330367202,1.3367061645193683,0.3543579493512011,0.0,0.0,0.0,5.2,a,,False,True
305,Davis,DEF,12,IPS,4.0,3,LIV,True,0.354,0.6572482919825006,0.0,0.0,0.22416024068455825,0.0,0.0,0.0,0.673280103767282,0.15814534504938887,1.8547581426799247,0.3543579493512011,0.0,0.0,0.0,5.2,a,,False,True
305,Davis,DEF,12,IPS,4.0,4,CRY,False,0.354,0.604945959565308,0.0,0.0,0.19546322112703676,0.0,0.0,0.0,0.673280103767282,0.13789955995407546,1.7071606850443515,0.3543579493512011,0.0,0.0,0.0,5.2,a,,False,True
305,Davis,DEF,12,IPS,4.0,5,EVE,False,0.354,0.6852279215136962,0.0,0.0,0.24024173830078469,0.0,0.0,0.0,0.673280103767282,0.1694908627989344,1.9337168046273256,0.3543579493512011,0.0,0.0,0.0,5.2,a,,False,True
305,Davis,DEF,12,IPS,4.0,6,FUL,True,0.354,0.8126957953452777,0.0,0.0,0.3193412417733419,0.0,0.0,0.0,0.673280103767282,0.22529566668253684,2.2934318161431224,0.3543579493512011,0.0,0.0,0.0,5.2,a,,False,True
306,Greaves,DEF,12,IPS,4.0,1,SUN,True,0.247,0.647622662057352,0.0,0.0,0.2778589145566223,0.0,0.0,0.0,0.469774004590283,0.2809499527959312,2.619308531092826,0.24724947610014897,0.0,0.0,0.0,1.5,a,,False,True
306,Greaves,DEF,12,IPS,4.0,2,MUN,False,0.247,0.3304998988772534,0.0,0.0,0.09208879260929541,0.0,0.0,0.0,0.469774004590283,0.09311323330367202,1.3367061645193683,0.24724947610014897,0.0,0.0,0.0,1.5,a,,False,True
306,Greaves,DEF,12,IPS,4.0,3,LIV,True,0.247,0.45858797907009674,0.0,0.0,0.15640541484455475,0.0,0.0,0.0,0.469774004590283,0.15814534504938887,1.8547581426799247,0.24724947610014897,0.0,0.0,0.0,1.5,a,,False,True
306,Greaves,DEF,12,IPS,4.0,4,CRY,False,0.247,0.4220945849959873,0.0,0.0,0.13638237581234497,0.0,0.0,0.0,0.469774004590283,0.13789955995407546,1.7071606850443515,0.24724947610014897,0.0,0.0,0.0,1.5,a,,False,True
306,Greaves,DEF,12,IPS,4.0,5,EVE,False,0.247,0.47811046687016034,0.0,0.0,0.16762610812319503,0.0,0.0,0.0,0.469774004590283,0.1694908627989344,1.9337168046273256,0.24724947610014897,0.0,0.0,0.0,1.5,a,,False,True
306,Greaves,DEF,12,IPS,4.0,6,FUL,True,0.247,0.5670498150128002,0.0,0.0,0.22281694221956408,0.0,0.0,0.0,0.469774004590283,0.22529566668253684,2.2934318161431224,0.24724947610014897,0.0,0.0,0.0,1.5,a,,False,True
307,Johnson,DEF,12,IPS,4.0,1,SUN,True,0.157,0.41023813572642875,0.0,0.0,0.1760103989266874,0.0,0.0,0.0,0.2975794751277399,0.2809499527959312,2.619308531092826,0.15662077638302102,0.0,0.0,0.0,0.1,a,,False,True
307,Johnson,DEF,12,IPS,4.0,2,MUN,False,0.157,0.2093559572829937,0.0,0.0,0.058333867566217924,0.0,0.0,0.0,0.2975794751277399,0.09311323330367202,1.3367061645193683,0.15662077638302102,0.0,0.0,0.0,0.1,a,,False,True
307,Johnson,DEF,12,IPS,4.0,3,LIV,True,0.157,0.2904936603092599,0.0,0.0,0.09907538689198414,0.0,0.0,0.0,0.2975794751277399,0.15814534504938887,1.8547581426799247,0.15662077638302102,0.0,0.0,0.0,0.1,a,,False,True
307,Johnson,DEF,12,IPS,4.0,4,CRY,False,0.157,0.26737683190221634,0.0,0.0,0.08639174457153702,0.0,0.0,0.0,0.2975794751277399,0.13789955995407546,1.7071606850443515,0.15662077638302102,0.0,0.0,0.0,0.1,a,,False,True
307,Johnson,DEF,12,IPS,4.0,5,EVE,False,0.157,0.3028602272456263,0.0,0.0,0.10618316208558881,0.0,0.0,0.0,0.2975794751277399,0.1694908627989344,1.9337168046273256,0.15662077638302102,0.0,0.0,0.0,0.1,a,,False,True
307,Johnson,DEF,12,IPS,4.0,6,FUL,True,0.157,0.35919907162585774,0.0,0.0,0.14114392892619695,0.0,0.0,0.0,0.2975794751277399,0.22529566668253684,2.2934318161431224,0.15662077638302102,0.0,0.0,0.0,0.1,a,,False,True
308,Furlong,DEF,12,IPS,4.0,1,SUN,True,0.109,0.2857645075513985,0.0,0.0,0.12260567848999637,0.0,0.0,0.0,0.2072885106517508,0.2809499527959312,2.619308531092826,0.10909921613250043,0.0,0.0,0.0,0.7,a,,False,True
308,Furlong,DEF,12,IPS,4.0,2,MUN,False,0.109,0.14583359474854424,0.0,0.0,0.040634323059973006,0.0,0.0,0.0,0.2072885106517508,0.09311323330367202,1.3367061645193683,0.10909921613250043,0.0,0.0,0.0,0.7,a,,False,True
308,Furlong,DEF,12,IPS,4.0,3,LIV,True,0.109,0.20235265948175218,0.0,0.0,0.06901413271956854,0.0,0.0,0.0,0.2072885106517508,0.15814534504938887,1.8547581426799247,0.10909921613250043,0.0,0.0,0.0,0.7,a,,False,True
308,Furlong,DEF,12,IPS,4.0,4,CRY,False,0.109,0.18624989255056118,0.0,0.0,0.06017893558402552,0.0,0.0,0.0,0.2072885106517508,0.13789955995407546,1.7071606850443515,0.10909921613250043,0.0,0.0,0.0,0.7,a,,False,True
308,Furlong,DEF,12,IPS,4.0,5,EVE,False,0.109,0.21096698760708468,0.0,0.0,0.07396528109193969,0.0,0.0,0.0,0.2072885106517508,0.1694908627989344,1.9337168046273256,0.10909921613250043,0.0,0.0,0.0,0.7,a,,False,True
308,Furlong,DEF,12,IPS,4.0,6,FUL,True,0.109,0.2502116133945515,0.0,0.0,0.09831832253245544,0.0,0.0,0.0,0.2072885106517508,0.22529566668253684,2.2934318161431224,0.10909921613250043,0.0,0.0,0.0,0.7,a,,False,True
309,Núñez,MID,12,IPS,5.0,1,SUN,True,0.182,0.39615801416595575,0.0,0.0,0.05103307172957828,0.0,0.0,0.0,0.3451249424363775,0.2809499527959312,2.180949952795931,0.18164470654546183,0.0,0.0,0.0,0.1,a,,False,True
309,Núñez,MID,12,IPS,5.0,2,MUN,False,0.182,0.3620384683753221,0.0,0.0,0.01691352593894463,0.0,0.0,0.0,0.3451249424363775,0.09311323330367202,1.9931132333036718,0.18164470654546183,0.0,0.0,0.0,0.1,a,,False,True
309,Núñez,MID,12,IPS,5.0,3,LIV,True,0.182,0.3738512072294045,0.0,0.0,0.028726264793027048,0.0,0.0,0.0,0.3451249424363775,0.15814534504938887,2.0581453450493887,0.18164470654546183,0.0,0.0,0.0,0.1,a,,False,True
309,Núñez,MID,12,IPS,5.0,4,CRY,False,0.182,0.37017366753698383,0.0,0.0,0.025048725100606357,0.0,0.0,0.0,0.3451249424363775,0.13789955995407546,2.0378995599540755,0.18164470654546183,0.0,0.0,0.0,0.1,a,,False,True
309,Núñez,MID,12,IPS,5.0,5,EVE,False,0.182,0.37591206047162706,0.0,0.0,0.030787118035249576,0.0,0.0,0.0,0.3451249424363775,0.1694908627989344,2.069490862798934,0.18164470654546183,0.0,0.0,0.0,0.1,a,,False,True
309,Núñez,MID,12,IPS,5.0,6,FUL,True,0.182,0.38604870769689104,0.0,0.0,0.040923765260513584,0.0,0.0,0.0,0.3451249424363775,0.22529566668253684,2.1252956666825367,0.18164470654546183,0.0,0.0,0.0,0.1,a,,False,True
310,Matusiwa,MID,12,IPS,5.0,1,SUN,True,0.0,0.0,0.0,0.0,0.0,0.0,0.0,0.0,0.0,0.2809499527959312,2.180949952795931,0.16279281975688184,0.0,0.0,0.0,0.0,i,Muscular injury - Unknown return date,False,True
310,Matusiwa,MID,12,IPS,5.0,2,MUN,False,0.0,0.0,0.0,0.0,0.0,0.0,0.0,0.0,0.0,0.09311323330367202,1.9931132333036718,0.16279281975688184,0.0,0.0,0.0,0.0,i,Muscular injury - Unknown return date,False,True
310,Matusiwa,MID,12,IPS,5.0,3,LIV,True,0.098,0.2010307705140543,0.0,0.0,0.015446955991209028,0.0,0.0,0.0,0.18558381452284528,0.15814534504938887,2.0581453450493887,0.16279281975688184,0.0,0.0,0.0,0.0,i,Muscular injury - Unknown return date,False,True
310,Matusiwa,MID,12,IPS,5.0,4,CRY,False,0.098,0.19905324944773956,0.0,0.0,0.013469434924894276,0.0,0.0,0.0,0.18558381452284528,0.13789955995407546,2.0378995599540755,0.16279281975688184,0.0,0.0,0.0,0.0,i,Muscular injury - Unknown return date,False,True
310,Matusiwa,MID,12,IPS,5.0,5,EVE,False,0.098,0.20213895180968447,0.0,0.0,0.01655513728683919,0.0,0.0,0.0,0.18558381452284528,0.1694908627989344,2.069490862798934,0.16279281975688184,0.0,0.0,0.0,0.0,i,Muscular injury - Unknown return date,False,True
310,Matusiwa,MID,12,IPS,5.0,6,FUL,True,0.098,0.20758972463779932,0.0,0.0,0.022005910114954046,0.0,0.0,0.0,0.18558381452284528,0.22529566668253684,2.1252956666825367,0.16279281975688184,0.0,0.0,0.0,0.0,i,Muscular injury - Unknown return date,False,True
311,Burns,MID,12,IPS,5.0,1,SUN,True,0.0,0.0,0.0,0.0,0.0,0.0,0.0,0.0,0.0,0.2809499527959312,2.180949952795931,0.15616083371265624,0.0,0.0,0.0,0.0,u,Has joined Leicester City permanently,False,True
311,Burns,MID,12,IPS,5.0,2,MUN,False,0.0,0.0,0.0,0.0,0.0,0.0,0.0,0.0,0.0,0.09311323330367202,1.9931132333036718,0.15616083371265624,0.0,0.0,0.0,0.0,u,Has joined Leicester City permanently,False,True
311,Burns,MID,12,IPS,5.0,3,LIV,True,0.094,0.19284101579084104,0.0,0.0,0.014817665358412955,0.0,0.0,0.0,0.1780233504324281,0.15814534504938887,2.0581453450493887,0.15616083371265624,0.0,0.0,0.0,0.0,u,Has joined Leicester City permanently,False,True
311,Burns,MID,12,IPS,5.0,4,CRY,False,0.094,0.1909440565830502,0.0,0.0,0.012920706150622107,0.0,0.0,0.0,0.1780233504324281,0.13789955995407546,2.0378995599540755,0.15616083371265624,0.0,0.0,0.0,0.0,u,Has joined Leicester City permanently,False,True
311,Burns,MID,12,IPS,5.0,5,EVE,False,0.094,0.1939040510972435,0.0,0.0,0.015880700664815416,0.0,0.0,0.0,0.1780233504324281,0.1694908627989344,2.069490862798934,0.15616083371265624,0.0,0.0,0.0,0.0,u,Has joined Leicester City permanently,False,True
311,Burns,MID,12,IPS,5.0,6,FUL,True,0.094,0.19913276591702428,0.0,0.0,0.021109415484596196,0.0,0.0,0.0,0.1780233504324281,0.22529566668253684,2.1252956666825367,0.15616083371265624,0.0,0.0,0.0,0.0,u,Has joined Leicester City permanently,False,True
312,Taylor,MID,12,IPS,4.5,1,SUN,True,0.0,0.0,0.0,0.0,0.0,0.0,0.0,0.0,0.0,0.2809499527959312,2.180949952795931,0.040921884706048905,0.0,0.0,0.0,0.0,i,Knee injury - Unknown return date,False,True
312,Taylor,MID,12,IPS,4.5,2,MUN,False,0.0,0.0,0.0,0.0,0.0,0.0,0.0,0.0,0.0,0.09311323330367202,1.9931132333036718,0.040921884706048905,0.0,0.0,0.0,0.0,i,Knee injury - Unknown return date,False,True
312,Taylor,MID,12,IPS,4.5,3,LIV,True,0.025,0.050533911911041396,0.0,0.0,0.003882963346145648,0.0,0.0,0.0,0.046650948564895746,0.15814534504938887,2.0581453450493887,0.040921884706048905,0.0,0.0,0.0,0.0,i,Knee injury - Unknown return date,False,True
312,Taylor,MID,12,IPS,4.5,4,CRY,False,0.025,0.05003681450096908,0.0,0.0,0.0033858659360733326,0.0,0.0,0.0,0.046650948564895746,0.13789955995407546,2.0378995599540755,0.040921884706048905,0.0,0.0,0.0,0.0,i,Knee injury - Unknown return date,False,True
312,Taylor,MID,12,IPS,4.5,5,EVE,False,0.025,0.050812479892607794,0.0,0.0,0.004161531327712048,0.0,0.0,0.0,0.046650948564895746,0.1694908627989344,2.069490862798934,0.040921884706048905,0.0,0.0,0.0,0.0,i,Knee injury - Unknown return date,False,True
312,Taylor,MID,12,IPS,4.5,6,FUL,True,0.025,0.052182662542948864,0.0,0.0,0.005531713978053117,0.0,0.0,0.0,0.046650948564895746,0.22529566668253684,2.1252956666825367,0.040921884706048905,0.0,0.0,0.0,0.0,i,Knee injury - Unknown return date,False,True
313,Clarke,MID,12,IPS,5.5,1,SUN,True,0.663,1.5904093985720391,0.14459110949733703,0.0,0.18625029865829273,0.0,0.0,0.0,1.2595679904164094,0.2809499527959312,2.39905894741568,0.6629305212717945,0.04362179892394974,0.0,0.0,0.3,a,,True,True
313,Clarke,MID,12,IPS,5.5,2,MUN,False,0.663,1.434385394149967,0.113089799442252,0.0,0.06172760429130551,0.0,0.0,0.0,1.2595679904164094,0.09311323330367202,2.1637039601045673,0.6629305212717945,0.03411814536017912,0.0,0.0,0.3,a,,True,True
313,Clarke,MID,12,IPS,5.5,3,LIV,True,0.663,1.5033167263448992,0.13890935989819056,0.0,0.10483937603029918,0.0,0.0,0.0,1.2595679904164094,0.15814534504938887,2.267683683443736,0.6629305212717945,0.041907667678869526,0.0,0.0,0.3,a,,True,True
313,Clarke,MID,12,IPS,5.5,4,CRY,False,0.663,1.471166750923378,0.12018093334346225,0.0,0.09141782716350633,0.0,0.0,0.0,1.2595679904164094,0.13789955995407546,2.219186933950527,0.6629305212717945,0.03625747479929027,0.0,0.0,0.3,a,,True,True
313,Clarke,MID,12,IPS,5.5,5,EVE,False,0.663,1.4959286256198978,0.12399996917738465,0.0,0.1123606660261038,0.0,0.0,0.0,1.2595679904164094,0.1694908627989344,2.2565390755430057,0.6629305212717945,0.037409642548814244,0.0,0.0,0.3,a,,True,True
313,Clarke,MID,12,IPS,5.5,6,FUL,True,0.663,1.5526059471491824,0.14368258297864234,0.0,0.1493553737541306,0.0,0.0,0.0,1.2595679904164094,0.22529566668253684,2.342034191110399,0.6629305212717945,0.04334770488557246,0.0,0.0,0.3,a,,True,True
314,Ogbene,MID,12,IPS,5.0,1,SUN,True,0.154,0.3357092848985731,0.0,0.0,0.04324606698310381,0.0,0.0,0.0,0.2924632179154693,0.2809499527959312,2.180949952795931,0.15392800942919438,0.0,0.0,0.0,0.0,a,,False,True
314,Ogbene,MID,12,IPS,5.0,2,MUN,False,0.154,0.3067959525694197,0.0,0.0,0.014332734653950402,0.0,0.0,0.0,0.2924632179154693,0.09311323330367202,1.9931132333036718,0.15392800942919438,0.0,0.0,0.0,0.0,a,,False,True
314,Ogbene,MID,12,IPS,5.0,3,LIV,True,0.154,0.31680621607941484,0.0,0.0,0.02434299816394553,0.0,0.0,0.0,0.2924632179154693,0.15814534504938887,2.0581453450493887,0.15392800942919438,0.0,0.0,0.0,0.0,a,,False,True
314,Ogbene,MID,12,IPS,5.0,4,CRY,False,0.154,0.313689822680362,0.0,0.0,0.021226604764892684,0.0,0.0,0.0,0.2924632179154693,0.13789955995407546,2.0378995599540755,0.15392800942919438,0.0,0.0,0.0,0.0,a,,False,True
314,Ogbene,MID,12,IPS,5.0,5,EVE,False,0.154,0.31855260904254595,0.0,0.0,0.026089391127076665,0.0,0.0,0.0,0.2924632179154693,0.1694908627989344,2.069490862798934,0.15392800942919438,0.0,0.0,0.0,0.0,a,,False,True
314,Ogbene,MID,12,IPS,5.0,6,FUL,True,0.154,0.32714253142093547,0.0,0.0,0.034679313505466165,0.0,0.0,0.0,0.2924632179154693,0.22529566668253684,2.1252956666825367,0.15392800942919438,0.0,0.0,0.0,0.0,a,,False,True
315,Fatawu,MID,12,IPS,5.5,1,SUN,True,0.65,1.418512267586102,0.0,0.0,0.18273273722207908,0.0,0.0,0.0,1.2357795303640229,0.2809499527959312,2.180949952795931,0.6504102791389594,0.0,0.0,0.0,0.2,a,,False,True
315,Fatawu,MID,12,IPS,5.5,2,MUN,False,0.65,1.2963413344285952,0.0,0.0,0.06056180406457237,0.0,0.0,0.0,1.2357795303640229,0.09311323330367202,1.9931132333036718,0.6504102791389594,0.0,0.0,0.0,0.2,a,,False,True
315,Fatawu,MID,12,IPS,5.5,3,LIV,True,0.65,1.338638888382123,0.0,0.0,0.10285935801810007,0.0,0.0,0.0,1.2357795303640229,0.15814534504938887,2.0581453450493887,0.6504102791389594,0.0,0.0,0.0,0.2,a,,False,True
315,Fatawu,MID,12,IPS,5.5,4,CRY,False,0.65,1.325470821646893,0.0,0.0,0.0896912912828699,0.0,0.0,0.0,1.2357795303640229,0.13789955995407546,2.0378995599540755,0.6504102791389594,0.0,0.0,0.0,0.2,a,,False,True
315,Fatawu,MID,12,IPS,5.5,5,EVE,False,0.65,1.346018129748581,0.0,0.0,0.110238599384558,0.0,0.0,0.0,1.2357795303640229,0.1694908627989344,2.069490862798934,0.6504102791389594,0.0,0.0,0.0,0.2,a,,False,True
315,Fatawu,MID,12,IPS,5.5,6,FUL,True,0.65,1.3823141478198095,0.0,0.0,0.14653461745578675,0.0,0.0,0.0,1.2357795303640229,0.22529566668253684,2.1252956666825367,0.6504102791389594,0.0,0.0,0.0,0.2,a,,False,True
316,Emersonn,FWD,12,IPS,5.5,1,SUN,True,0.534,1.0139769614627847,0.0,0.0,0.0,0.0,0.0,0.0,1.0139769614627847,0.2809499527959312,1.9,0.5336720849804131,0.0,0.0,0.0,0.9,a,,False,True
316,Emersonn,FWD,12,IPS,5.5,2,MUN,False,0.534,1.0139769614627847,0.0,0.0,0.0,0.0,0.0,0.0,1.0139769614627847,0.09311323330367202,1.9,0.5336720849804131,0.0,0.0,0.0,0.9,a,,False,True
316,Emersonn,FWD,12,IPS,5.5,3,LIV,True,0.534,1.0139769614627847,0.0,0.0,0.0,0.0,0.0,0.0,1.0139769614627847,0.15814534504938887,1.9,0.5336720849804131,0.0,0.0,0.0,0.9,a,,False,True
316,Emersonn,FWD,12,IPS,5.5,4,CRY,False,0.534,1.0139769614627847,0.0,0.0,0.0,0.0,0.0,0.0,1.0139769614627847,0.13789955995407546,1.9,0.5336720849804131,0.0,0.0,0.0,0.9,a,,False,True
316,Emersonn,FWD,12,IPS,5.5,5,EVE,False,0.534,1.0139769614627847,0.0,0.0,0.0,0.0,0.0,0.0,1.0139769614627847,0.1694908627989344,1.9,0.5336720849804131,0.0,0.0,0.0,0.9,a,,False,True
316,Emersonn,FWD,12,IPS,5.5,6,FUL,True,0.534,1.0139769614627847,0.0,0.0,0.0,0.0,0.0,0.0,1.0139769614627847,0.22529566668253684,1.9,0.5336720849804131,0.0,0.0,0.0,0.9,a,,False,True
317,Hirst,FWD,12,IPS,5.0,1,SUN,True,0.0,0.0,0.0,0.0,0.0,0.0,0.0,0.0,0.0,0.2809499527959312,1.9,0.34737105206278174,0.0,0.0,0.0,0.2,u,Has joined Stoke City permanently,False,True
317,Hirst,FWD,12,IPS,5.0,2,MUN,False,0.0,0.0,0.0,0.0,0.0,0.0,0.0,0.0,0.0,0.09311323330367202,1.9,0.34737105206278174,0.0,0.0,0.0,0.2,u,Has joined Stoke City permanently,False,True
317,Hirst,FWD,12,IPS,5.0,3,LIV,True,0.208,0.3960029993515712,0.0,0.0,0.0,0.0,0.0,0.0,0.3960029993515712,0.15814534504938887,1.9,0.34737105206278174,0.0,0.0,0.0,0.2,u,Has joined Stoke City permanently,False,True
317,Hirst,FWD,12,IPS,5.0,4,CRY,False,0.208,0.3960029993515712,0.0,0.0,0.0,0.0,0.0,0.0,0.3960029993515712,0.13789955995407546,1.9,0.34737105206278174,0.0,0.0,0.0,0.2,u,Has joined Stoke City permanently,False,True
317,Hirst,FWD,12,IPS,5.0,5,EVE,False,0.208,0.3960029993515712,0.0,0.0,0.0,0.0,0.0,0.0,0.3960029993515712,0.1694908627989344,1.9,0.34737105206278174,0.0,0.0,0.0,0.2,u,Has joined Stoke City permanently,False,True
317,Hirst,FWD,12,IPS,5.0,6,FUL,True,0.208,0.3960029993515712,0.0,0.0,0.0,0.0,0.0,0.0,0.3960029993515712,0.22529566668253684,1.9,0.34737105206278174,0.0,0.0,0.0,0.2,u,Has joined Stoke City permanently,False,True
318,Philogene,MID,12,IPS,5.5,1,SUN,True,0.617,1.3452800366432867,0.0,0.0,0.1732989619077265,0.0,0.0,0.0,1.1719810747355601,0.2809499527959312,2.180949952795931,0.6168321445976632,0.0,0.0,0.0,0.2,a,,False,True
318,Philogene,MID,12,IPS,5.5,2,MUN,False,0.617,1.2294163101246867,0.0,0.0,0.05743523538912657,0.0,0.0,0.0,1.1719810747355601,0.09311323330367202,1.9931132333036718,0.6168321445976632,0.0,0.0,0.0,0.2,a,,False,True
318,Philogene,MID,12,IPS,5.5,3,LIV,True,0.617,1.2695302070805121,0.0,0.0,0.09754913234495198,0.0,0.0,0.0,1.1719810747355601,0.15814534504938887,2.0581453450493887,0.6168321445976632,0.0,0.0,0.0,0.2,a,,False,True
318,Philogene,MID,12,IPS,5.5,4,CRY,False,0.617,1.2570419560411066,0.0,0.0,0.0850608813055464,0.0,0.0,0.0,1.1719810747355601,0.13789955995407546,2.0378995599540755,0.6168321445976632,0.0,0.0,0.0,0.2,a,,False,True
318,Philogene,MID,12,IPS,5.5,5,EVE,False,0.617,1.2765284871255351,0.0,0.0,0.104547412389975,0.0,0.0,0.0,1.1719810747355601,0.1694908627989344,2.069490862798934,0.6168321445976632,0.0,0.0,0.0,0.2,a,,False,True
318,Philogene,MID,12,IPS,5.5,6,FUL,True,0.617,1.3109506839839096,0.0,0.0,0.1389696092483495,0.0,0.0,0.0,1.1719810747355601,0.22529566668253684,2.1252956666825367,0.6168321445976632,0.0,0.0,0.0,0.2,a,,False,True
319,Szmodics,MID,12,IPS,5.0,1,SUN,True,0.0,0.0,0.0,0.0,0.0,0.0,0.0,0.0,0.0,0.2809499527959312,2.180949952795931,0.1531874695757965,0.0,0.0,0.0,0.0,u,Has joined Derby County on loan for the rest of the season,False,True
319,Szmodics,MID,12,IPS,5.0,2,MUN,False,0.0,0.0,0.0,0.0,0.0,0.0,0.0,0.0,0.0,0.09311323330367202,1.9931132333036718,0.1531874695757965,0.0,0.0,0.0,0.0,u,Has joined Derby County on loan for the rest of the season,False,True
319,Szmodics,MID,12,IPS,5.0,3,LIV,True,0.092,0.18916924645639224,0.0,0.0,0.014535531139984258,0.0,0.0,0.0,0.17463371531640798,0.15814534504938887,2.0581453450493887,0.1531874695757965,0.0,0.0,0.0,0.0,u,Has joined Derby County on loan for the rest of the season,False,True
319,Szmodics,MID,12,IPS,5.0,4,CRY,False,0.092,0.18730840610339639,0.0,0.0,0.012674690786988395,0.0,0.0,0.0,0.17463371531640798,0.13789955995407546,2.0378995599540755,0.1531874695757965,0.0,0.0,0.0,0.0,u,Has joined Derby County on loan for the rest of the season,False,True
319,Szmodics,MID,12,IPS,5.0,5,EVE,False,0.092,0.19021204114944035,0.0,0.0,0.015578325833032357,0.0,0.0,0.0,0.17463371531640798,0.1694908627989344,2.069490862798934,0.1531874695757965,0.0,0.0,0.0,0.0,u,Has joined Derby County on loan for the rest of the season,False,True
319,Szmodics,MID,12,IPS,5.0,6,FUL,True,0.092,0.19534119916770193,0.0,0.0,0.02070748385129394,0.0,0.0,0.0,0.17463371531640798,0.22529566668253684,2.1252956666825367,0.1531874695757965,0.0,0.0,0.0,0.0,u,Has joined Derby County on loan for the rest of the season,False,True
320,Akpom,FWD,12,IPS,5.0,1,SUN,True,0.244,0.4633110605190515,0.0,0.0,0.0,0.0,0.0,0.0,0.4633110605190515,0.2809499527959312,1.9,0.2438479265889745,0.0,0.0,0.0,0.6,a,,False,True
320,Akpom,FWD,12,IPS,5.0,2,MUN,False,0.244,0.4633110605190515,0.0,0.0,0.0,0.0,0.0,0.0,0.4633110605190515,0.09311323330367202,1.9,0.2438479265889745,0.0,0.0,0.0,0.6,a,,False,True
320,Akpom,FWD,12,IPS,5.0,3,LIV,True,0.244,0.4633110605190515,0.0,0.0,0.0,0.0,0.0,0.0,0.4633110605190515,0.15814534504938887,1.9,0.2438479265889745,0.0,0.0,0.0,0.6,a,,False,True
320,Akpom,FWD,12,IPS,5.0,4,CRY,False,0.244,0.4633110605190515,0.0,0.0,0.0,0.0,0.0,0.0,0.4633110605190515,0.13789955995407546,1.9,0.2438479265889745,0.0,0.0,0.0,0.6,a,,False,True
320,Akpom,FWD,12,IPS,5.0,5,EVE,False,0.244,0.4633110605190515,0.0,0.0,0.0,0.0,0.0,0.0,0.4633110605190515,0.1694908627989344,1.9,0.2438479265889745,0.0,0.0,0.0,0.6,a,,False,True
320,Akpom,FWD,12,IPS,5.0,6,FUL,True,0.244,0.4633110605190515,0.0,0.0,0.0,0.0,0.0,0.0,0.4633110605190515,0.22529566668253684,1.9,0.2438479265889745,0.0,0.0,0.0,0.6,a,,False,True
321,Walle Egeli,FWD,12,IPS,4.5,1,SUN,True,0.073,0.13890744654559278,0.0,0.0,0.0,0.0,0.0,0.0,0.13890744654559278,0.2809499527959312,1.9,0.07310918239241726,0.0,0.0,0.0,2.3,a,,False,True
321,Walle Egeli,FWD,12,IPS,4.5,2,MUN,False,0.073,0.13890744654559278,0.0,0.0,0.0,0.0,0.0,0.0,0.13890744654559278,0.09311323330367202,1.9,0.07310918239241726,0.0,0.0,0.0,2.3,a,,False,True
321,Walle Egeli,FWD,12,IPS,4.5,3,LIV,True,0.073,0.13890744654559278,0.0,0.0,0.0,0.0,0.0,0.0,0.13890744654559278,0.15814534504938887,1.9,0.07310918239241726,0.0,0.0,0.0,2.3,a,,False,True
321,Walle Egeli,FWD,12,IPS,4.5,4,CRY,False,0.073,0.13890744654559278,0.0,0.0,0.0,0.0,0.0,0.0,0.13890744654559278,0.13789955995407546,1.9,0.07310918239241726,0.0,0.0,0.0,2.3,a,,False,True
321,Walle Egeli,FWD,12,IPS,4.5,5,EVE,False,0.073,0.13890744654559278,0.0,0.0,0.0,0.0,0.0,0.0,0.13890744654559278,0.1694908627989344,1.9,0.07310918239241726,0.0,0.0,0.0,2.3,a,,False,True
321,Walle Egeli,FWD,12,IPS,4.5,6,FUL,True,0.073,0.13890744654559278,0.0,0.0,0.0,0.0,0.0,0.0,0.13890744654559278,0.22529566668253684,1.9,0.07310918239241726,0.0,0.0,0.0,2.3,a,,False,True
322,Al-Hamadi,FWD,12,IPS,5.0,1,SUN,True,0.179,0.34101196689885377,0.0,0.0,0.0,0.0,0.0,0.0,0.34101196689885377,0.2809499527959312,1.9,0.1794799825783441,0.0,0.0,0.0,0.1,a,,False,True
322,Al-Hamadi,FWD,12,IPS,5.0,2,MUN,False,0.179,0.34101196689885377,0.0,0.0,0.0,0.0,0.0,0.0,0.34101196689885377,0.09311323330367202,1.9,0.1794799825783441,0.0,0.0,0.0,0.1,a,,False,True
322,Al-Hamadi,FWD,12,IPS,5.0,3,LIV,True,0.179,0.34101196689885377,0.0,0.0,0.0,0.0,0.0,0.0,0.34101196689885377,0.15814534504938887,1.9,0.1794799825783441,0.0,0.0,0.0,0.1,a,,False,True
322,Al-Hamadi,FWD,12,IPS,5.0,4,CRY,False,0.179,0.34101196689885377,0.0,0.0,0.0,0.0,0.0,0.0,0.34101196689885377,0.13789955995407546,1.9,0.1794799825783441,0.0,0.0,0.0,0.1,a,,False,True
322,Al-Hamadi,FWD,12,IPS,5.0,5,EVE,False,0.179,0.34101196689885377,0.0,0.0,0.0,0.0,0.0,0.0,0.34101196689885377,0.1694908627989344,1.9,0.1794799825783441,0.0,0.0,0.0,0.1,a,,False,True
322,Al-Hamadi,FWD,12,IPS,5.0,6,FUL,True,0.179,0.34101196689885377,0.0,0.0,0.0,0.0,0.0,0.0,0.34101196689885377,0.22529566668253684,1.9,0.1794799825783441,0.0,0.0,0.0,0.1,a,,False,True
323,McAteer,MID,12,IPS,4.5,1,SUN,True,0.041,0.08922954655461744,0.0,0.0,0.011494549363860527,0.0,0.0,0.0,0.07773499719075691,0.2809499527959312,2.180949952795931,0.04091315641618785,0.0,0.0,0.0,1.4,a,,False,True
323,McAteer,MID,12,IPS,4.5,2,MUN,False,0.041,0.08154455346932704,0.0,0.0,0.003809556278570125,0.0,0.0,0.0,0.07773499719075691,0.09311323330367202,1.9931132333036718,0.04091315641618785,0.0,0.0,0.0,1.4,a,,False,True
323,McAteer,MID,12,IPS,4.5,3,LIV,True,0.041,0.08420522242925456,0.0,0.0,0.006470225238497646,0.0,0.0,0.0,0.07773499719075691,0.15814534504938887,2.0581453450493887,0.04091315641618785,0.0,0.0,0.0,1.4,a,,False,True
323,McAteer,MID,12,IPS,4.5,4,CRY,False,0.041,0.08337690345688148,0.0,0.0,0.005641906266124563,0.0,0.0,0.0,0.07773499719075691,0.13789955995407546,2.0378995599540755,0.04091315641618785,0.0,0.0,0.0,1.4,a,,False,True
323,McAteer,MID,12,IPS,4.5,5,EVE,False,0.041,0.08466940337156435,0.0,0.0,0.006934406180807437,0.0,0.0,0.0,0.07773499719075691,0.1694908627989344,2.069490862798934,0.04091315641618785,0.0,0.0,0.0,1.4,a,,False,True
323,McAteer,MID,12,IPS,4.5,6,FUL,True,0.041,0.08695255404162885,0.0,0.0,0.009217556850871951,0.0,0.0,0.0,0.07773499719075691,0.22529566668253684,2.1252956666825367,0.04091315641618785,0.0,0.0,0.0,1.4,a,,False,True
324,Mehmeti,MID,12,IPS,5.0,1,SUN,True,0.153,0.3335612186433581,0.0,0.0,0.04296935310792684,0.0,0.0,0.0,0.29059186553543126,0.2809499527959312,2.180949952795931,0.1529430871239112,0.0,0.0,0.0,0.1,a,,False,True
324,Mehmeti,MID,12,IPS,5.0,2,MUN,False,0.153,0.30483289088898385,0.0,0.0,0.014241025353552579,0.0,0.0,0.0,0.29059186553543126,0.09311323330367202,1.9931132333036718,0.1529430871239112,0.0,0.0,0.0,0.1,a,,False,True
324,Mehmeti,MID,12,IPS,5.0,3,LIV,True,0.153,0.31477910282156096,0.0,0.0,0.02418723728612968,0.0,0.0,0.0,0.29059186553543126,0.15814534504938887,2.0581453450493887,0.1529430871239112,0.0,0.0,0.0,0.1,a,,False,True
324,Mehmeti,MID,12,IPS,5.0,4,CRY,False,0.153,0.31168264994783645,0.0,0.0,0.021090784412405177,0.0,0.0,0.0,0.29059186553543126,0.13789955995407546,2.0378995599540755,0.1529430871239112,0.0,0.0,0.0,0.1,a,,False,True
324,Mehmeti,MID,12,IPS,5.0,5,EVE,False,0.153,0.31651432133119556,0.0,0.0,0.025922455795764306,0.0,0.0,0.0,0.29059186553543126,0.1694908627989344,2.069490862798934,0.1529430871239112,0.0,0.0,0.0,0.1,a,,False,True
324,Mehmeti,MID,12,IPS,5.0,6,FUL,True,0.153,0.32504928031349817,0.0,0.0,0.03445741477806689,0.0,0.0,0.0,0.29059186553543126,0.22529566668253684,2.1252956666825367,0.1529430871239112,0.0,0.0,0.0,0.1,a,,False,True
554,Van Oevelen,GK,12,IPS,4.5,1,SUN,True,0.376,0.9837343527672194,0.0,0.0,0.4220657729975401,0.0,0.0,0.0,0.7135834698625191,0.2809499527959312,2.619308531092826,0.3755702472960627,0.0,0.0,0.0,0.0,a,,False,True
554,Van Oevelen,GK,12,IPS,4.5,2,MUN,False,0.376,0.5020270647707107,0.0,0.0,0.13988224023358434,0.0,0.0,0.0,0.7135834698625191,0.09311323330367202,1.3367061645193683,0.3755702472960627,0.0,0.0,0.0,0.0,a,,False,True
554,Van Oevelen,GK,12,IPS,4.5,3,LIV,True,0.376,0.6965919743206853,0.0,0.0,0.23757874539568058,0.0,0.0,0.0,0.7135834698625191,0.15814534504938887,1.8547581426799247,0.3755702472960627,0.0,0.0,0.0,0.0,a,,False,True
554,Van Oevelen,GK,12,IPS,4.5,4,CRY,False,0.376,0.6411587606562229,0.0,0.0,0.2071638873358814,0.0,0.0,0.0,0.7135834698625191,0.13789955995407546,1.7071606850443515,0.3755702472960627,0.0,0.0,0.0,0.0,a,,False,True
554,Van Oevelen,GK,12,IPS,4.5,5,EVE,False,0.376,0.7262464985144368,0.0,0.0,0.25462290102327534,0.0,0.0,0.0,0.7135834698625191,0.1694908627989344,1.9337168046273256,0.3755702472960627,0.0,0.0,0.0,0.0,a,,False,True
554,Van Oevelen,GK,12,IPS,4.5,6,FUL,True,0.376,0.8613447543455307,0.0,0.0,0.33845739700276667,0.0,0.0,0.0,0.7135834698625191,0.22529566668253684,2.2934318161431224,0.3755702472960627,0.0,0.0,0.0,0.0,a,,False,True
562,Maeda,MID,12,IPS,5.5,1,SUN,True,0.543,1.1852612839004757,0.0,0.0,0.1526853476558624,0.0,0.0,0.0,1.0325759362446132,0.2809499527959312,2.180949952795931,0.5434610190761122,0.0,0.0,0.0,0.4,a,,False,True
562,Maeda,MID,12,IPS,5.5,2,MUN,False,0.543,1.0831793489052985,0.0,0.0,0.05060341266068539,0.0,0.0,0.0,1.0325759362446132,0.09311323330367202,1.9931132333036718,0.5434610190761122,0.0,0.0,0.0,0.4,a,,False,True
562,Maeda,MID,12,IPS,5.5,3,LIV,True,0.543,1.1185217666272975,0.0,0.0,0.08594583038268427,0.0,0.0,0.0,1.0325759362446132,0.15814534504938887,2.0581453450493887,0.5434610190761122,0.0,0.0,0.0,0.4,a,,False,True
562,Maeda,MID,12,IPS,5.5,4,CRY,False,0.543,1.1075189716274025,0.0,0.0,0.07494303538278929,0.0,0.0,0.0,1.0325759362446132,0.13789955995407546,2.0378995599540755,0.5434610190761122,0.0,0.0,0.0,0.4,a,,False,True
562,Maeda,MID,12,IPS,5.5,5,EVE,False,0.543,1.1246876132654116,0.0,0.0,0.09211167702079841,0.0,0.0,0.0,1.0325759362446132,0.1694908627989344,2.069490862798934,0.5434610190761122,0.0,0.0,0.0,0.4,a,,False,True
562,Maeda,MID,12,IPS,5.5,6,FUL,True,0.543,1.1550153488533368,0.0,0.0,0.12243941260872357,0.0,0.0,0.0,1.0325759362446132,0.22529566668253684,2.1252956666825367,0.5434610190761122,0.0,0.0,0.0,0.4,a,,False,True
564,Scherpen,GK,12,IPS,4.5,1,SUN,True,0.293,0.7682099608758708,0.0,0.0,0.3295962269177846,0.0,0.0,0.0,0.5572458946083688,0.2809499527959312,2.619308531092826,0.29328731295177307,0.0,0.0,0.0,0.7,a,,False,True
564,Scherpen,GK,12,IPS,4.5,2,MUN,False,0.293,0.3920389591979563,0.0,0.0,0.10923571998354206,0.0,0.0,0.0,0.5572458946083688,0.09311323330367202,1.3367061645193683,0.29328731295177307,0.0,0.0,0.0,0.7,a,,False,True
564,Scherpen,GK,12,IPS,4.5,3,LIV,True,0.293,0.5439770318420165,0.0,0.0,0.18552809322146502,0.0,0.0,0.0,0.5572458946083688,0.15814534504938887,1.8547581426799247,0.29328731295177307,0.0,0.0,0.0,0.7,a,,False,True
564,Scherpen,GK,12,IPS,4.5,4,CRY,False,0.293,0.500688570093566,0.0,0.0,0.1617767655846509,0.0,0.0,0.0,0.5572458946083688,0.13789955995407546,1.7071606850443515,0.29328731295177307,0.0,0.0,0.0,0.7,a,,False,True
564,Scherpen,GK,12,IPS,4.5,5,EVE,False,0.293,0.5671346056388371,0.0,0.0,0.19883807888070842,0.0,0.0,0.0,0.5572458946083688,0.1694908627989344,1.9337168046273256,0.29328731295177307,0.0,0.0,0.0,0.7,a,,False,True
564,Scherpen,GK,12,IPS,4.5,6,FUL,True,0.293,0.6726344547947213,0.0,0.0,0.26430544280399815,0.0,0.0,0.0,0.5572458946083688,0.22529566668253684,2.2934318161431224,0.29328731295177307,0.0,0.0,0.0,0.7,a,,False,True
571,Florentino,MID,12,IPS,5.0,1,SUN,True,0.153,0.3333856207814243,0.0,0.0,0.04294673259297274,0.0,0.0,0.0,0.29043888818845154,0.2809499527959312,2.180949952795931,0.15286257273076398,0.0,0.0,0.0,0.1,a,,False,True
571,Florentino,MID,12,IPS,5.0,2,MUN,False,0.153,0.3046724165865307,0.0,0.0,0.014233528398079159,0.0,0.0,0.0,0.29043888818845154,0.09311323330367202,1.9931132333036718,0.15286257273076398,0.0,0.0,0.0,0.1,a,,False,True
571,Florentino,MID,12,IPS,5.0,3,LIV,True,0.153,0.3146133924980955,0.0,0.0,0.024174504309643973,0.0,0.0,0.0,0.29043888818845154,0.15814534504938887,2.0581453450493887,0.15286257273076398,0.0,0.0,0.0,0.1,a,,False,True
571,Florentino,MID,12,IPS,5.0,4,CRY,False,0.153,0.31151856970147174,0.0,0.0,0.02107968151302021,0.0,0.0,0.0,0.29043888818845154,0.13789955995407546,2.0378995599540755,0.15286257273076398,0.0,0.0,0.0,0.1,a,,False,True
571,Florentino,MID,12,IPS,5.0,5,EVE,False,0.153,0.3163476975302536,0.0,0.0,0.02590880934180205,0.0,0.0,0.0,0.29043888818845154,0.1694908627989344,2.069490862798934,0.15286257273076398,0.0,0.0,0.0,0.1,a,,False,True
571,Florentino,MID,12,IPS,5.0,6,FUL,True,0.153,0.32487816342263676,0.0,0.0,0.034439275234185246,0.0,0.0,0.0,0.29043888818845154,0.22529566668253684,2.1252956666825367,0.15286257273076398,0.0,0.0,0.0,0.1,a,,False,True
591,Enciso,MID,12,IPS,5.5,1,SUN,True,0.327,0.713747298164662,0.0,0.0,0.09194492036395129,0.0,0.0,0.0,0.6218023778007107,0.2809499527959312,2.180949952795931,0.4363525458250601,0.0,0.0,0.0,0.4,d,Muscular injury - 75% chance of playing,False,True
591,Enciso,MID,12,IPS,5.5,2,MUN,False,0.327,0.6522750251022558,0.0,0.0,0.030472647301545044,0.0,0.0,0.0,0.6218023778007107,0.09311323330367202,1.9931132333036718,0.4363525458250601,0.0,0.0,0.0,0.4,d,Muscular injury - 75% chance of playing,False,True
591,Enciso,MID,12,IPS,5.5,3,LIV,True,0.393,0.8082692648912678,0.0,0.0,0.062106411530415066,0.0,0.0,0.0,0.7461628533608528,0.15814534504938887,2.0581453450493887,0.4363525458250601,0.0,0.0,0.0,0.4,d,Muscular injury - 75% chance of playing,False,True
591,Enciso,MID,12,IPS,5.5,4,CRY,False,0.393,0.8003183950095575,0.0,0.0,0.0541555416487047,0.0,0.0,0.0,0.7461628533608528,0.13789955995407546,2.0378995599540755,0.4363525458250601,0.0,0.0,0.0,0.4,d,Muscular injury - 75% chance of playing,False,True
591,Enciso,MID,12,IPS,5.5,5,EVE,False,0.393,0.8127248458896137,0.0,0.0,0.06656199252876091,0.0,0.0,0.0,0.7461628533608528,0.1694908627989344,2.069490862798934,0.4363525458250601,0.0,0.0,0.0,0.4,d,Muscular injury - 75% chance of playing,False,True
591,Enciso,MID,12,IPS,5.5,6,FUL,True,0.393,0.8346403573091039,0.0,0.0,0.08847750394825121,0.0,0.0,0.0,0.7461628533608528,0.22529566668253684,2.1252956666825367,0.4363525458250601,0.0,0.0,0.0,0.4,d,Muscular injury - 75% chance of playing,False,True
592,Ouattara,DEF,12,IPS,4.0,1,SUN,True,0.09,0.23638559965887473,0.0,0.0,0.10141993167653321,0.0,0.0,0.0,0.17146992575344883,0.2809499527959312,2.619308531092826,0.09024732934392043,0.0,0.0,0.0,1.1,a,,False,True
592,Ouattara,DEF,12,IPS,4.0,2,MUN,False,0.09,0.12063416146542814,0.0,0.0,0.033612882528935156,0.0,0.0,0.0,0.17146992575344883,0.09311323330367202,1.3367061645193683,0.09024732934392043,0.0,0.0,0.0,1.1,a,,False,True
592,Ouattara,DEF,12,IPS,4.0,3,LIV,True,0.09,0.16738696895575333,0.0,0.0,0.05708878015552054,0.0,0.0,0.0,0.17146992575344883,0.15814534504938887,1.8547581426799247,0.09024732934392043,0.0,0.0,0.0,1.1,a,,False,True
592,Ouattara,DEF,12,IPS,4.0,4,CRY,False,0.09,0.15406669258619043,0.0,0.0,0.0497802680142286,0.0,0.0,0.0,0.17146992575344883,0.13789955995407546,1.7071606850443515,0.09024732934392043,0.0,0.0,0.0,1.1,a,,False,True
592,Ouattara,DEF,12,IPS,4.0,5,EVE,False,0.09,0.1745127773250757,0.0,0.0,0.06118439086320266,0.0,0.0,0.0,0.17146992575344883,0.1694908627989344,1.9337168046273256,0.09024732934392043,0.0,0.0,0.0,1.1,a,,False,True
592,Ouattara,DEF,12,IPS,4.0,6,FUL,True,0.09,0.20697609643929396,0.0,0.0,0.08132932892342809,0.0,0.0,0.0,0.17146992575344883,0.22529566668253684,2.2934318161431224,0.09024732934392043,0.0,0.0,0.0,1.1,a,,False,True
602,Humphreys,MID,12,IPS,4.5,1,SUN,True,0.041,0.08922327986720235,0.0,0.0,0.011493742089245536,0.0,0.0,0.0,0.07772953777795681,0.2809499527959312,2.180949952795931,0.0409102830410299,0.0,0.0,0.0,0.0,a,,False,True
602,Humphreys,MID,12,IPS,4.5,2,MUN,False,0.041,0.08153882650727548,0.0,0.0,0.003809288729318674,0.0,0.0,0.0,0.07772953777795681,0.09311323330367202,1.9931132333036718,0.0409102830410299,0.0,0.0,0.0,0.0,a,,False,True
602,Humphreys,MID,12,IPS,4.5,3,LIV,True,0.041,0.08419930860554865,0.0,0.0,0.006469770827591836,0.0,0.0,0.0,0.07772953777795681,0.15814534504938887,2.0581453450493887,0.0409102830410299,0.0,0.0,0.0,0.0,a,,False,True
602,Humphreys,MID,12,IPS,4.5,4,CRY,False,0.041,0.08337104780691151,0.0,0.0,0.0056415100289546995,0.0,0.0,0.0,0.07772953777795681,0.13789955995407546,2.0378995599540755,0.0409102830410299,0.0,0.0,0.0,0.0,a,,False,True
602,Humphreys,MID,12,IPS,4.5,5,EVE,False,0.041,0.08466345694792958,0.0,0.0,0.006933919169972772,0.0,0.0,0.0,0.07772953777795681,0.1694908627989344,2.069490862798934,0.0409102830410299,0.0,0.0,0.0,0.0,a,,False,True
602,Humphreys,MID,12,IPS,4.5,6,FUL,True,0.041,0.08694644726985692,0.0,0.0,0.009216909491900111,0.0,0.0,0.0,0.07772953777795681,0.22529566668253684,2.1252956666825367,0.0409102830410299,0.0,0.0,0.0,0.0,a,,False,True
260,Wilson,MID,13,LEE,6.5,1,NFO,False,0.759,1.6217217220811824,0.0,0.0,0.17935230716476788,0.0,0.0,0.0,1.4423694149164146,0.2362566621899748,2.136256662189975,0.7591417973244288,0.0,0.0,0.0,6.2,a,,False,True
260,Wilson,MID,13,LEE,6.5,2,BRE,True,0.759,1.622519035663146,0.0,0.0,0.1801496207467315,0.0,0.0,0.0,1.4423694149164146,0.23730694500245295,2.137306945002453,0.7591417973244288,0.0,0.0,0.0,6.2,a,,False,True
260,Wilson,MID,13,LEE,6.5,3,BHA,False,0.759,1.5841853581966812,0.0,0.0,0.14181594328026664,0.0,0.0,0.0,1.4423694149164146,0.18681087483272882,2.0868108748327288,0.7591417973244288,0.0,0.0,0.0,6.2,a,,False,True
260,Wilson,MID,13,LEE,6.5,4,NEW,True,0.759,1.6297714699970396,0.0,0.0,0.18740205508062502,0.0,0.0,0.0,1.4423694149164146,0.24686040966406753,2.1468604096640673,0.7591417973244288,0.0,0.0,0.0,6.2,a,,False,True
260,Wilson,MID,13,LEE,6.5,5,CRY,True,0.759,1.6449917123997775,0.0,0.0,0.20262229748336297,0.0,0.0,0.0,1.4423694149164146,0.26690968432708995,2.1669096843270896,0.7591417973244288,0.0,0.0,0.0,6.2,a,,False,True
260,Wilson,MID,13,LEE,6.5,6,ARS,False,0.759,1.5499857852837133,0.0,0.0,0.10761637036729883,0.0,0.0,0.0,1.4423694149164146,0.14176056534706602,2.041760565347066,0.7591417973244288,0.0,0.0,0.0,6.2,a,,False,True
326,Perri,GK,13,LEE,4.5,1,NFO,False,0.376,0.886247883986009,0.0,0.0,0.3549238921761247,0.0,0.0,0.0,0.7135834698625191,0.2362566621899748,2.359739330702036,0.3755702472960627,0.0,0.0,0.0,0.6,a,,False,True
326,Perri,GK,13,LEE,4.5,2,BRE,True,0.376,0.8886112001256139,0.0,0.0,0.3565017120785776,0.0,0.0,0.0,0.7135834698625191,0.23730694500245295,2.3660319381612784,0.3755702472960627,0.0,0.0,0.0,0.6,a,,False,True
326,Perri,GK,13,LEE,4.5,3,BHA,False,0.376,0.7699040489421692,0.0,0.0,0.2806424258340871,0.0,0.0,0.0,0.7135834698625191,0.18681087483272882,2.0499601725246688,0.3755702472960627,0.0,0.0,0.0,0.6,a,,False,True
326,Perri,GK,13,LEE,4.5,4,NEW,True,0.376,0.9099344260614538,0.0,0.0,0.37085370042056476,0.0,0.0,0.0,0.7135834698625191,0.24686040966406753,2.422807537637961,0.3755702472960627,0.0,0.0,0.0,0.6,a,,False,True
326,Perri,GK,13,LEE,4.5,5,CRY,True,0.376,0.9537414281015639,0.0,0.0,0.40097334459375683,0.0,0.0,0.0,0.7135834698625191,0.26690968432708995,2.5394488380484725,0.3755702472960627,0.0,0.0,0.0,0.6,a,,False,True
326,Perri,GK,13,LEE,4.5,6,ARS,False,0.376,0.6520090405475963,0.0,0.0,0.21296420233690896,0.0,0.0,0.0,0.7135834698625191,0.14176056534706602,1.7360508326784907,0.3755702472960627,0.0,0.0,0.0,0.6,a,,False,True
327,Bijol,DEF,13,LEE,5.0,1,NFO,False,0.702,1.6575577413029756,0.0,0.0,0.6638174890798448,0.0,0.0,0.0,1.334621865856133,0.2362566621899748,2.359739330702036,0.7024325609769122,0.0,0.0,0.0,0.5,a,,False,True
327,Bijol,DEF,13,LEE,5.0,2,BRE,True,0.702,1.661977873675794,0.0,0.0,0.6667685004627211,0.0,0.0,0.0,1.334621865856133,0.23730694500245295,2.3660319381612784,0.7024325609769122,0.0,0.0,0.0,0.5,a,,False,True
327,Bijol,DEF,13,LEE,5.0,3,BHA,False,0.702,1.439958773887176,0.0,0.0,0.5248881649083644,0.0,0.0,0.0,1.334621865856133,0.18681087483272882,2.0499601725246688,0.7024325609769122,0.0,0.0,0.0,0.5,a,,False,True
327,Bijol,DEF,13,LEE,5.0,4,NEW,True,0.702,1.7018589034171996,0.0,0.0,0.6936111590565626,0.0,0.0,0.0,1.334621865856133,0.24686040966406753,2.422807537637961,0.7024325609769122,0.0,0.0,0.0,0.5,a,,False,True
327,Bijol,DEF,13,LEE,5.0,5,CRY,True,0.702,1.7837915507802324,0.0,0.0,0.749944212445668,0.0,0.0,0.0,1.334621865856133,0.26690968432708995,2.5394488380484725,0.7024325609769122,0.0,0.0,0.0,0.5,a,,False,True
327,Bijol,DEF,13,LEE,5.0,6,ARS,False,0.702,1.2194586323844532,0.0,0.0,0.398308947849098,0.0,0.0,0.0,1.334621865856133,0.14176056534706602,1.7360508326784907,0.7024325609769122,0.0,0.0,0.0,0.5,a,,False,True
329,Rodon,DEF,13,LEE,4.5,1,NFO,False,0.555,1.3095856371608399,0.0,0.0,0.524461880110298,0.0,0.0,0.0,1.0544438863360974,0.2362566621899748,2.359739330702036,0.5549704664926829,0.0,0.0,0.0,3.6,a,,False,True
329,Rodon,DEF,13,LEE,4.5,2,BRE,True,0.555,1.3130778484579513,0.0,0.0,0.526793383879859,0.0,0.0,0.0,1.0544438863360974,0.23730694500245295,2.3660319381612784,0.5549704664926829,0.0,0.0,0.0,3.6,a,,False,True
329,Rodon,DEF,13,LEE,4.5,3,BHA,False,0.555,1.1376673532374362,0.0,0.0,0.4146980734073028,0.0,0.0,0.0,1.0544438863360974,0.18681087483272882,2.0499601725246688,0.5549704664926829,0.0,0.0,0.0,3.6,a,,False,True
329,Rodon,DEF,13,LEE,4.5,4,NEW,True,0.555,1.3445866293849276,0.0,0.0,0.5480009468393694,0.0,0.0,0.0,1.0544438863360974,0.24686040966406753,2.422807537637961,0.5549704664926829,0.0,0.0,0.0,3.6,a,,False,True
329,Rodon,DEF,13,LEE,4.5,5,CRY,True,0.555,1.4093191062860624,0.0,0.0,0.5925079680896793,0.0,0.0,0.0,1.0544438863360974,0.26690968432708995,2.5394488380484725,0.5549704664926829,0.0,0.0,0.0,3.6,a,,False,True
329,Rodon,DEF,13,LEE,4.5,6,ARS,False,0.555,0.9634569404665926,0.0,0.0,0.31469170832371074,0.0,0.0,0.0,1.0544438863360974,0.14176056534706602,1.7360508326784907,0.5549704664926829,0.0,0.0,0.0,3.6,a,,False,True
330,Bogle,DEF,13,LEE,4.5,1,NFO,False,0.482,1.13644890652976,0.0,0.0,0.45512421124292474,0.0,0.0,0.0,0.9150387478451504,0.2362566621899748,2.359739330702036,0.48159934097113183,0.0,0.0,0.0,0.5,a,,False,True
330,Bogle,DEF,13,LEE,4.5,2,BRE,True,0.482,1.1394794221351214,0.0,0.0,0.45714747328421584,0.0,0.0,0.0,0.9150387478451504,0.23730694500245295,2.3660319381612784,0.48159934097113183,0.0,0.0,0.0,0.5,a,,False,True
330,Bogle,DEF,13,LEE,4.5,3,BHA,False,0.482,0.9872594681049482,0.0,0.0,0.3598719768227312,0.0,0.0,0.0,0.9150387478451504,0.18681087483272882,2.0499601725246688,0.48159934097113183,0.0,0.0,0.0,0.5,a,,False,True
330,Bogle,DEF,13,LEE,4.5,4,NEW,True,0.482,1.1668225134263328,0.0,0.0,0.4755512424243142,0.0,0.0,0.0,0.9150387478451504,0.24686040966406753,2.422807537637961,0.48159934097113183,0.0,0.0,0.0,0.5,a,,False,True
330,Bogle,DEF,13,LEE,4.5,5,CRY,True,0.482,1.2229968868340508,0.0,0.0,0.5141741122829574,0.0,0.0,0.0,0.9150387478451504,0.26690968432708995,2.5394488380484725,0.48159934097113183,0.0,0.0,0.0,0.5,a,,False,True
330,Bogle,DEF,13,LEE,4.5,6,ARS,False,0.482,0.8360809369103458,0.0,0.0,0.27308717938736826,0.0,0.0,0.0,0.9150387478451504,0.14176056534706602,1.7360508326784907,0.48159934097113183,0.0,0.0,0.0,0.5,a,,False,True
331,Gudmundsson,DEF,13,LEE,4.5,1,NFO,False,0.0,0.0,0.0,0.0,0.0,0.0,0.0,0.0,0.0,0.2362566621899748,2.359739330702036,0.3744908677200797,0.0,0.0,0.0,0.1,i,Hamstring injury - Unknown return date,False,True
331,Gudmundsson,DEF,13,LEE,4.5,2,BRE,True,0.0,0.0,0.0,0.0,0.0,0.0,0.0,0.0,0.0,0.23730694500245295,2.3660319381612784,0.3744908677200797,0.0,0.0,0.0,0.1,i,Hamstring injury - Unknown return date,False,True
331,Gudmundsson,DEF,13,LEE,4.5,3,BHA,False,0.225,0.46061481828022055,0.0,0.0,0.16790151987757396,0.0,0.0,0.0,0.42691958920089085,0.18681087483272882,2.0499601725246688,0.3744908677200797,0.0,0.0,0.0,0.1,i,Hamstring injury - Unknown return date,False,True
331,Gudmundsson,DEF,13,LEE,4.5,4,NEW,True,0.225,0.5443915782532739,0.0,0.0,0.2218727256499944,0.0,0.0,0.0,0.42691958920089085,0.24686040966406753,2.422807537637961,0.3744908677200797,0.0,0.0,0.0,0.1,i,Hamstring injury - Unknown return date,False,True
331,Gudmundsson,DEF,13,LEE,4.5,5,CRY,True,0.225,0.5706002393349124,0.0,0.0,0.23989257428770674,0.0,0.0,0.0,0.42691958920089085,0.26690968432708995,2.5394488380484725,0.3744908677200797,0.0,0.0,0.0,0.1,i,Hamstring injury - Unknown return date,False,True
331,Gudmundsson,DEF,13,LEE,4.5,6,ARS,False,0.225,0.39008110964156095,0.0,0.0,0.12741128910074836,0.0,0.0,0.0,0.42691958920089085,0.14176056534706602,1.7360508326784907,0.3744908677200797,0.0,0.0,0.0,0.1,i,Hamstring injury - Unknown return date,False,True
332,Justin,DEF,13,LEE,4.5,1,NFO,False,0.284,0.6698407223349142,0.0,0.0,0.268257313337549,0.0,0.0,0.0,0.5393381192056084,0.2362566621899748,2.359739330702036,0.2838621680029518,0.0,0.0,0.0,0.7,a,,False,True
332,Justin,DEF,13,LEE,4.5,2,BRE,True,0.284,0.6716269555306865,0.0,0.0,0.2694498555622141,0.0,0.0,0.0,0.5393381192056084,0.23730694500245295,2.3660319381612784,0.2838621680029518,0.0,0.0,0.0,0.7,a,,False,True
332,Justin,DEF,13,LEE,4.5,3,BHA,False,0.284,0.5819061388925576,0.0,0.0,0.21211415974618586,0.0,0.0,0.0,0.5393381192056084,0.18681087483272882,2.0499601725246688,0.2838621680029518,0.0,0.0,0.0,0.7,a,,False,True
332,Justin,DEF,13,LEE,4.5,4,NEW,True,0.284,0.6877434002878049,0.0,0.0,0.28029732432535615,0.0,0.0,0.0,0.5393381192056084,0.24686040966406753,2.422807537637961,0.2838621680029518,0.0,0.0,0.0,0.7,a,,False,True
332,Justin,DEF,13,LEE,4.5,5,CRY,True,0.284,0.7208534527010162,0.0,0.0,0.30306224661628495,0.0,0.0,0.0,0.5393381192056084,0.26690968432708995,2.5394488380484725,0.2838621680029518,0.0,0.0,0.0,0.7,a,,False,True
332,Justin,DEF,13,LEE,4.5,6,ARS,False,0.284,0.4927991531274461,0.0,0.0,0.1609618456669691,0.0,0.0,0.0,0.5393381192056084,0.14176056534706602,1.7360508326784907,0.2838621680029518,0.0,0.0,0.0,0.7,a,,False,True
333,Bornauw,DEF,13,LEE,4.5,1,NFO,False,0.0,0.0,0.0,0.0,0.0,0.0,0.0,0.0,0.0,0.2362566621899748,2.359739330702036,0.23634060775243115,0.0,0.0,0.0,0.0,u,Has joined Hamburg SV on loan for the rest of the season,False,True
333,Bornauw,DEF,13,LEE,4.5,2,BRE,True,0.0,0.0,0.0,0.0,0.0,0.0,0.0,0.0,0.0,0.23730694500245295,2.3660319381612784,0.23634060775243115,0.0,0.0,0.0,0.0,u,Has joined Hamburg SV on loan for the rest of the season,False,True
333,Bornauw,DEF,13,LEE,4.5,3,BHA,False,0.142,0.2906932998256553,0.0,0.0,0.10596238966255313,0.0,0.0,0.0,0.2694282928377715,0.18681087483272882,2.0499601725246688,0.23634060775243115,0.0,0.0,0.0,0.0,u,Has joined Hamburg SV on loan for the rest of the season,False,True
333,Bornauw,DEF,13,LEE,4.5,4,NEW,True,0.142,0.3435646835475161,0.0,0.0,0.14002353420004762,0.0,0.0,0.0,0.2694282928377715,0.24686040966406753,2.422807537637961,0.23634060775243115,0.0,0.0,0.0,0.0,u,Has joined Hamburg SV on loan for the rest of the season,False,True
333,Bornauw,DEF,13,LEE,4.5,5,CRY,True,0.142,0.36010492904434865,0.0,0.0,0.15139583282129757,0.0,0.0,0.0,0.2694282928377715,0.26690968432708995,2.5394488380484725,0.23634060775243115,0.0,0.0,0.0,0.0,u,Has joined Hamburg SV on loan for the rest of the season,False,True
333,Bornauw,DEF,13,LEE,4.5,6,ARS,False,0.142,0.24617958533060919,0.0,0.0,0.08040906760668914,0.0,0.0,0.0,0.2694282928377715,0.14176056534706602,1.7360508326784907,0.23634060775243115,0.0,0.0,0.0,0.0,u,Has joined Hamburg SV on loan for the rest of the season,False,True
334,Muharemović,DEF,13,LEE,5.0,1,NFO,False,0.69,1.6280132335122117,0.0,0.0,0.6519855266153891,0.0,0.0,0.0,1.3108334058037463,0.2362566621899748,2.359739330702036,0.689912318844077,0.0,0.0,0.0,3.4,a,,False,True
334,Muharemović,DEF,13,LEE,5.0,2,BRE,True,0.69,1.6323545809159936,0.0,0.0,0.6548839388177846,0.0,0.0,0.0,1.3108334058037463,0.23730694500245295,2.3660319381612784,0.689912318844077,0.0,0.0,0.0,3.4,a,,False,True
334,Muharemović,DEF,13,LEE,5.0,3,BHA,False,0.69,1.4142927761644986,0.0,0.0,0.5155324953645543,0.0,0.0,0.0,1.3108334058037463,0.18681087483272882,2.0499601725246688,0.689912318844077,0.0,0.0,0.0,3.4,a,,False,True
334,Muharemović,DEF,13,LEE,5.0,4,NEW,True,0.69,1.6715247664047141,0.0,0.0,0.6812481506485425,0.0,0.0,0.0,1.3108334058037463,0.24686040966406753,2.422807537637961,0.689912318844077,0.0,0.0,0.0,3.4,a,,False,True
334,Muharemović,DEF,13,LEE,5.0,5,CRY,True,0.69,1.7519970364439188,0.0,0.0,0.7365771169441729,0.0,0.0,0.0,1.3108334058037463,0.26690968432708995,2.5394488380484725,0.689912318844077,0.0,0.0,0.0,3.4,a,,False,True
334,Muharemović,DEF,13,LEE,5.0,6,ARS,False,0.69,1.1977228556044084,0.0,0.0,0.3912094414369665,0.0,0.0,0.0,1.3108334058037463,0.14176056534706602,1.7360508326784907,0.689912318844077,0.0,0.0,0.0,3.4,a,,False,True
335,Stach,MID,13,LEE,6.0,1,NFO,False,0.714,1.5250420752435994,0.0,0.0,0.16866014125239226,0.0,0.0,0.0,1.356381933991207,0.2362566621899748,2.136256662189975,0.7138852284164248,0.0,0.0,0.0,1.2,a,,False,True
335,Stach,MID,13,LEE,6.0,2,BRE,True,0.714,1.5257918566290871,0.0,0.0,0.16940992263788007,0.0,0.0,0.0,1.356381933991207,0.23730694500245295,2.137306945002453,0.7138852284164248,0.0,0.0,0.0,1.2,a,,False,True
335,Stach,MID,13,LEE,6.0,3,BHA,False,0.714,1.4897434580418418,0.0,0.0,0.13336152405063476,0.0,0.0,0.0,1.356381933991207,0.18681087483272882,2.0868108748327288,0.7138852284164248,0.0,0.0,0.0,1.2,a,,False,True
335,Stach,MID,13,LEE,6.0,4,NEW,True,0.714,1.532611933931212,0.0,0.0,0.17622999994000504,0.0,0.0,0.0,1.356381933991207,0.24686040966406753,2.1468604096640673,0.7138852284164248,0.0,0.0,0.0,1.2,a,,False,True
335,Stach,MID,13,LEE,6.0,5,CRY,True,0.714,1.5469248149536075,0.0,0.0,0.19054288096240043,0.0,0.0,0.0,1.356381933991207,0.26690968432708995,2.1669096843270896,0.7138852284164248,0.0,0.0,0.0,1.2,a,,False,True
335,Stach,MID,13,LEE,6.0,6,ARS,False,0.714,1.4575827075644388,0.0,0.0,0.10120077357323173,0.0,0.0,0.0,1.356381933991207,0.14176056534706602,2.041760565347066,0.7138852284164248,0.0,0.0,0.0,1.2,a,,False,True
336,Okafor,MID,13,LEE,6.0,1,NFO,False,0.68,1.4533105616258446,0.0,0.0,0.16072708326309978,0.0,0.0,0.0,1.2925834783627448,0.2362566621899748,2.136256662189975,0.6803070938751289,0.0,0.0,0.0,0.5,a,,False,True
336,Okafor,MID,13,LEE,6.0,2,BRE,True,0.68,1.4540250764737486,0.0,0.0,0.1614415981110038,0.0,0.0,0.0,1.2925834783627448,0.23730694500245295,2.137306945002453,0.6803070938751289,0.0,0.0,0.0,0.5,a,,False,True
336,Okafor,MID,13,LEE,6.0,3,BHA,False,0.68,1.419672241724469,0.0,0.0,0.1270887633617242,0.0,0.0,0.0,1.2925834783627448,0.18681087483272882,2.0868108748327288,0.6803070938751289,0.0,0.0,0.0,0.5,a,,False,True
336,Okafor,MID,13,LEE,6.0,4,NEW,True,0.68,1.4605243662541303,0.0,0.0,0.16794088789138556,0.0,0.0,0.0,1.2925834783627448,0.24686040966406753,2.1468604096640673,0.6803070938751289,0.0,0.0,0.0,0.5,a,,False,True
336,Okafor,MID,13,LEE,6.0,5,CRY,True,0.68,1.4741640300344354,0.0,0.0,0.1815805516716906,0.0,0.0,0.0,1.2925834783627448,0.26690968432708995,2.1669096843270896,0.6803070938751289,0.0,0.0,0.0,0.5,a,,False,True
336,Okafor,MID,13,LEE,6.0,6,ARS,False,0.68,1.3890241966001025,0.0,0.0,0.09644071823735778,0.0,0.0,0.0,1.2925834783627448,0.14176056534706602,2.041760565347066,0.6803070938751289,0.0,0.0,0.0,0.5,a,,False,True
337,Aaronson,MID,13,LEE,5.5,1,NFO,False,0.543,1.1609722226418977,0.0,0.0,0.12839628639728448,0.0,0.0,0.0,1.0325759362446132,0.2362566621899748,2.136256662189975,0.5434610190761122,0.0,0.0,0.0,0.9,a,,False,True
337,Aaronson,MID,13,LEE,5.5,2,BRE,True,0.543,1.1615430104094853,0.0,0.0,0.128967074164872,0.0,0.0,0.0,1.0325759362446132,0.23730694500245295,2.137306945002453,0.5434610190761122,0.0,0.0,0.0,0.9,a,,False,True
337,Aaronson,MID,13,LEE,5.5,3,BHA,False,0.543,1.134100364655708,0.0,0.0,0.10152442841109485,0.0,0.0,0.0,1.0325759362446132,0.18681087483272882,2.0868108748327288,0.5434610190761122,0.0,0.0,0.0,0.9,a,,False,True
337,Aaronson,MID,13,LEE,5.5,4,NEW,True,0.543,1.166734946050194,0.0,0.0,0.13415900980558068,0.0,0.0,0.0,1.0325759362446132,0.24686040966406753,2.1468604096640673,0.5434610190761122,0.0,0.0,0.0,0.9,a,,False,True
337,Aaronson,MID,13,LEE,5.5,5,CRY,True,0.543,1.1776309452902969,0.0,0.0,0.14505500904568372,0.0,0.0,0.0,1.0325759362446132,0.26690968432708995,2.1669096843270896,0.5434610190761122,0.0,0.0,0.0,0.9,a,,False,True
337,Aaronson,MID,13,LEE,5.5,6,ARS,False,0.543,1.1096172775529354,0.0,0.0,0.0770413413083223,0.0,0.0,0.0,1.0325759362446132,0.14176056534706602,2.041760565347066,0.5434610190761122,0.0,0.0,0.0,0.9,a,,False,True
338,Ampadu,MID,13,LEE,5.5,1,NFO,False,0.436,0.9321610330823409,0.0,0.0,0.10309119601472672,0.0,0.0,0.0,0.8290698370676142,0.2362566621899748,2.136256662189975,0.4363525458250601,0.0,0.0,0.0,1.4,a,,False,True
338,Ampadu,MID,13,LEE,5.5,2,BRE,True,0.436,0.932619326661402,0.0,0.0,0.10354948959378787,0.0,0.0,0.0,0.8290698370676142,0.23730694500245295,2.137306945002453,0.4363525458250601,0.0,0.0,0.0,1.4,a,,False,True
338,Ampadu,MID,13,LEE,5.5,3,BHA,False,0.436,0.9105852378886821,0.0,0.0,0.08151540082106787,0.0,0.0,0.0,0.8290698370676142,0.18681087483272882,2.0868108748327288,0.4363525458250601,0.0,0.0,0.0,1.4,a,,False,True
338,Ampadu,MID,13,LEE,5.5,4,NEW,True,0.436,0.9367880052879474,0.0,0.0,0.10771816822033314,0.0,0.0,0.0,0.8290698370676142,0.24686040966406753,2.1468604096640673,0.4363525458250601,0.0,0.0,0.0,1.4,a,,False,True
338,Ampadu,MID,13,LEE,5.5,5,CRY,True,0.436,0.945536557329103,0.0,0.0,0.11646672026148884,0.0,0.0,0.0,0.8290698370676142,0.26690968432708995,2.1669096843270896,0.4363525458250601,0.0,0.0,0.0,1.4,a,,False,True
338,Ampadu,MID,13,LEE,5.5,6,ARS,False,0.436,0.8909274206544062,0.0,0.0,0.06185758358679205,0.0,0.0,0.0,0.8290698370676142,0.14176056534706602,2.041760565347066,0.4363525458250601,0.0,0.0,0.0,1.4,a,,False,True
339,Longstaff,MID,13,LEE,5.0,1,NFO,False,0.229,0.4895579641921226,0.0,0.0,0.05414205727975605,0.0,0.0,0.0,0.43541590691236653,0.2362566621899748,2.136256662189975,0.2291662667959824,0.0,0.0,0.0,0.1,a,,False,True
339,Longstaff,MID,13,LEE,5.0,2,BRE,True,0.229,0.4897986535833382,0.0,0.0,0.054382746670971656,0.0,0.0,0.0,0.43541590691236653,0.23730694500245295,2.137306945002453,0.2291662667959824,0.0,0.0,0.0,0.1,a,,False,True
339,Longstaff,MID,13,LEE,5.0,3,BHA,False,0.229,0.47822665769467454,0.0,0.0,0.042810750782308005,0.0,0.0,0.0,0.43541590691236653,0.18681087483272882,2.0868108748327288,0.2291662667959824,0.0,0.0,0.0,0.1,a,,False,True
339,Longstaff,MID,13,LEE,5.0,4,NEW,True,0.229,0.49198798541480776,0.0,0.0,0.05657207850244121,0.0,0.0,0.0,0.43541590691236653,0.24686040966406753,2.1468604096640673,0.2291662667959824,0.0,0.0,0.0,0.1,a,,False,True
339,Longstaff,MID,13,LEE,5.0,5,CRY,True,0.229,0.49658260284129985,0.0,0.0,0.06116669592893333,0.0,0.0,0.0,0.43541590691236653,0.26690968432708995,2.1669096843270896,0.2291662667959824,0.0,0.0,0.0,0.1,a,,False,True
339,Longstaff,MID,13,LEE,5.0,6,ARS,False,0.229,0.46790264645184154,0.0,0.0,0.03248673953947503,0.0,0.0,0.0,0.43541590691236653,0.14176056534706602,2.041760565347066,0.2291662667959824,0.0,0.0,0.0,0.1,a,,False,True
341,Gnonto,MID,13,LEE,5.0,1,NFO,False,0.0,0.0,0.0,0.0,0.0,0.0,0.0,0.0,0.0,0.2362566621899748,2.136256662189975,0.18164470654546183,0.0,0.0,0.0,0.0,i,Hamstring injury - Unknown return date,False,True
341,Gnonto,MID,13,LEE,5.0,2,BRE,True,0.0,0.0,0.0,0.0,0.0,0.0,0.0,0.0,0.0,0.23730694500245295,2.137306945002453,0.18164470654546183,0.0,0.0,0.0,0.0,i,Hamstring injury - Unknown return date,False,True
341,Gnonto,MID,13,LEE,5.0,3,BHA,False,0.109,0.22743488938492168,0.0,0.0,0.020359923923095217,0.0,0.0,0.0,0.20707496546182647,0.18681087483272882,2.0868108748327288,0.18164470654546183,0.0,0.0,0.0,0.0,i,Hamstring injury - Unknown return date,False,True
341,Gnonto,MID,13,LEE,5.0,4,NEW,True,0.109,0.2339794974644997,0.0,0.0,0.02690453200267322,0.0,0.0,0.0,0.20707496546182647,0.24686040966406753,2.1468604096640673,0.18164470654546183,0.0,0.0,0.0,0.0,i,Hamstring injury - Unknown return date,False,True
341,Gnonto,MID,13,LEE,5.0,5,CRY,True,0.109,0.23616460423206814,0.0,0.0,0.029089638770241663,0.0,0.0,0.0,0.20707496546182647,0.26690968432708995,2.1669096843270896,0.18164470654546183,0.0,0.0,0.0,0.0,i,Hamstring injury - Unknown return date,False,True
341,Gnonto,MID,13,LEE,5.0,6,ARS,False,0.109,0.22252499923713842,0.0,0.0,0.015450033775311943,0.0,0.0,0.0,0.20707496546182647,0.14176056534706602,2.041760565347066,0.18164470654546183,0.0,0.0,0.0,0.0,i,Hamstring injury - Unknown return date,False,True
342,Harrison,MID,13,LEE,5.0,1,NFO,False,0.0,0.0,0.0,0.0,0.0,0.0,0.0,0.0,0.0,0.2362566621899748,2.136256662189975,0.16279281975688184,0.0,0.0,0.0,0.0,u,Has joined New England Revolution permanently,False,True
342,Harrison,MID,13,LEE,5.0,2,BRE,True,0.0,0.0,0.0,0.0,0.0,0.0,0.0,0.0,0.0,0.23730694500245295,2.137306945002453,0.16279281975688184,0.0,0.0,0.0,0.0,u,Has joined New England Revolution permanently,False,True
342,Harrison,MID,13,LEE,5.0,3,BHA,False,0.098,0.20383069596800718,0.0,0.0,0.0182468814451619,0.0,0.0,0.0,0.18558381452284528,0.18681087483272882,2.0868108748327288,0.16279281975688184,0.0,0.0,0.0,0.0,u,Has joined New England Revolution permanently,False,True
342,Harrison,MID,13,LEE,5.0,4,NEW,True,0.098,0.20969607582817681,0.0,0.0,0.02411226130533153,0.0,0.0,0.0,0.18558381452284528,0.24686040966406753,2.1468604096640673,0.16279281975688184,0.0,0.0,0.0,0.0,u,Has joined New England Revolution permanently,False,True
342,Harrison,MID,13,LEE,5.0,5,CRY,True,0.098,0.21165440260206098,0.0,0.0,0.02607058807921571,0.0,0.0,0.0,0.18558381452284528,0.26690968432708995,2.1669096843270896,0.16279281975688184,0.0,0.0,0.0,0.0,u,Has joined New England Revolution permanently,False,True
342,Harrison,MID,13,LEE,5.0,6,ARS,False,0.098,0.19943037582075243,0.0,0.0,0.013846561297907152,0.0,0.0,0.0,0.18558381452284528,0.14176056534706602,2.041760565347066,0.16279281975688184,0.0,0.0,0.0,0.0,u,Has joined New England Revolution permanently,False,True
343,James,MID,13,LEE,5.0,1,NFO,False,0.156,0.3335996213918027,0.0,0.0,0.03689403733775585,0.0,0.0,0.0,0.29670558405404684,0.2362566621899748,2.136256662189975,0.15616083371265624,0.0,0.0,0.0,0.1,a,,False,True
343,James,MID,13,LEE,5.0,2,BRE,True,0.156,0.33376363443143336,0.0,0.0,0.03705805037738651,0.0,0.0,0.0,0.29670558405404684,0.23730694500245295,2.137306945002453,0.15616083371265624,0.0,0.0,0.0,0.1,a,,False,True
343,James,MID,13,LEE,5.0,3,BHA,False,0.156,0.32587812601451643,0.0,0.0,0.029172541960469603,0.0,0.0,0.0,0.29670558405404684,0.18681087483272882,2.0868108748327288,0.15616083371265624,0.0,0.0,0.0,0.1,a,,False,True
343,James,MID,13,LEE,5.0,4,NEW,True,0.156,0.3352555114378355,0.0,0.0,0.038549927383788644,0.0,0.0,0.0,0.29670558405404684,0.24686040966406753,2.1468604096640673,0.15616083371265624,0.0,0.0,0.0,0.1,a,,False,True
343,James,MID,13,LEE,5.0,5,CRY,True,0.156,0.3383864228845471,0.0,0.0,0.041680838830500264,0.0,0.0,0.0,0.29670558405404684,0.26690968432708995,2.1669096843270896,0.15616083371265624,0.0,0.0,0.0,0.1,a,,False,True
343,James,MID,13,LEE,5.0,6,ARS,False,0.156,0.31884303212622217,0.0,0.0,0.022137448072175315,0.0,0.0,0.0,0.29670558405404684,0.14176056534706602,2.041760565347066,0.15616083371265624,0.0,0.0,0.0,0.1,a,,False,True
344,Gruev,MID,13,LEE,5.0,1,NFO,False,0.0,0.0,0.0,0.0,0.0,0.0,0.0,0.0,0.0,0.2362566621899748,2.136256662189975,0.15392800942919438,0.0,0.0,0.0,0.0,i,Knee injury - Unknown return date,False,True
344,Gruev,MID,13,LEE,5.0,2,BRE,True,0.0,0.0,0.0,0.0,0.0,0.0,0.0,0.0,0.0,0.23730694500245295,2.137306945002453,0.15392800942919438,0.0,0.0,0.0,0.0,i,Knee injury - Unknown return date,False,True
344,Gruev,MID,13,LEE,5.0,3,BHA,False,0.092,0.19273118641091858,0.0,0.0,0.017253255661636997,0.0,0.0,0.0,0.17547793074928159,0.18681087483272882,2.0868108748327288,0.15392800942919438,0.0,0.0,0.0,0.0,i,Knee injury - Unknown return date,False,True
344,Gruev,MID,13,LEE,5.0,4,NEW,True,0.092,0.1982771696291608,0.0,0.0,0.022799238879879224,0.0,0.0,0.0,0.17547793074928159,0.24686040966406753,2.1468604096640673,0.15392800942919438,0.0,0.0,0.0,0.0,i,Knee injury - Unknown return date,False,True
344,Gruev,MID,13,LEE,5.0,5,CRY,True,0.092,0.20012885659278773,0.0,0.0,0.024650925843506158,0.0,0.0,0.0,0.17547793074928159,0.26690968432708995,2.1669096843270896,0.15392800942919438,0.0,0.0,0.0,0.0,i,Knee injury - Unknown return date,False,True
344,Gruev,MID,13,LEE,5.0,6,ARS,False,0.092,0.18857048373294025,0.0,0.0,0.013092552983658662,0.0,0.0,0.0,0.17547793074928159,0.14176056534706602,2.041760565347066,0.15392800942919438,0.0,0.0,0.0,0.0,i,Knee injury - Unknown return date,False,True
345,Tanaka,MID,13,LEE,5.0,1,NFO,False,0.153,0.3272477524453193,0.0,0.0,0.036191560251305994,0.0,0.0,0.0,0.2910561921940133,0.2362566621899748,2.136256662189975,0.1531874695757965,0.0,0.0,0.0,0.2,a,,False,True
345,Tanaka,MID,13,LEE,5.0,2,BRE,True,0.153,0.3274086426117018,0.0,0.0,0.03635245041768847,0.0,0.0,0.0,0.2910561921940133,0.23730694500245295,2.137306945002453,0.1531874695757965,0.0,0.0,0.0,0.2,a,,False,True
345,Tanaka,MID,13,LEE,5.0,3,BHA,False,0.153,0.31967327739887985,0.0,0.0,0.028617085204866572,0.0,0.0,0.0,0.2910561921940133,0.18681087483272882,2.0868108748327288,0.1531874695757965,0.0,0.0,0.0,0.2,a,,False,True
345,Tanaka,MID,13,LEE,5.0,4,NEW,True,0.153,0.3288721136888963,0.0,0.0,0.037815921494883,0.0,0.0,0.0,0.2910561921940133,0.24686040966406753,2.1468604096640673,0.1531874695757965,0.0,0.0,0.0,0.2,a,,False,True
345,Tanaka,MID,13,LEE,5.0,5,CRY,True,0.153,0.33194341134135485,0.0,0.0,0.04088721914734154,0.0,0.0,0.0,0.2910561921940133,0.26690968432708995,2.1669096843270896,0.1531874695757965,0.0,0.0,0.0,0.2,a,,False,True
345,Tanaka,MID,13,LEE,5.0,6,ARS,False,0.153,0.31277213448516467,0.0,0.0,0.021715942291151386,0.0,0.0,0.0,0.2910561921940133,0.14176056534706602,2.041760565347066,0.1531874695757965,0.0,0.0,0.0,0.2,a,,False,True
346,Calvert-Lewin,FWD,13,LEE,6.0,1,NFO,False,0.621,1.295751681571081,0.11598170699899923,0.0,0.0,0.0,0.0,0.0,1.1797699745720818,0.2362566621899748,2.0867866177710006,0.6209315655642536,0.04669665444275015,0.0,0.0,30.5,a,,True,True
346,Calvert-Lewin,FWD,13,LEE,6.0,2,BRE,True,0.621,1.3175981317908712,0.13782815721878933,0.0,0.0,0.0,0.0,0.0,1.1797699745720818,0.23730694500245295,2.121969963942068,0.6209315655642536,0.055492490985517055,0.0,0.0,30.5,a,,True,True
346,Calvert-Lewin,FWD,13,LEE,6.0,3,BHA,False,0.621,1.283194393951596,0.10342441937951417,0.0,0.0,0.0,0.0,0.0,1.1797699745720818,0.18681087483272882,2.0665633140836226,0.6209315655642536,0.041640828520905615,0.0,0.0,30.5,a,,True,True
346,Calvert-Lewin,FWD,13,LEE,6.0,4,NEW,True,0.621,1.3160625013556302,0.1362925267835485,0.0,0.0,0.0,0.0,0.0,1.1797699745720818,0.24686040966406753,2.1194968565653394,0.6209315655642536,0.05487421414133481,0.0,0.0,30.5,a,,True,True
346,Calvert-Lewin,FWD,13,LEE,6.0,5,CRY,True,0.621,1.315976108644787,0.13620613407270515,0.0,0.0,0.0,0.0,0.0,1.1797699745720818,0.26690968432708995,2.119357722535706,0.6209315655642536,0.05483943063392654,0.0,0.0,30.5,a,,True,True
346,Calvert-Lewin,FWD,13,LEE,6.0,6,ARS,False,0.621,1.2489871643936978,0.06921718982161613,0.0,0.0,0.0,0.0,0.0,1.1797699745720818,0.14176056534706602,2.011473137556982,0.6209315655642536,0.027868284389245462,0.0,0.0,30.5,a,,True,True
347,Nmecha,FWD,13,LEE,5.5,1,NFO,False,0.436,0.828001049170755,0.0,0.0,0.0,0.0,0.0,0.0,0.828001049170755,0.2362566621899748,1.9,0.4357900258793448,0.0,0.0,0.0,0.6,a,,False,True
347,Nmecha,FWD,13,LEE,5.5,2,BRE,True,0.436,0.828001049170755,0.0,0.0,0.0,0.0,0.0,0.0,0.828001049170755,0.23730694500245295,1.9,0.4357900258793448,0.0,0.0,0.0,0.6,a,,False,True
347,Nmecha,FWD,13,LEE,5.5,3,BHA,False,0.436,0.828001049170755,0.0,0.0,0.0,0.0,0.0,0.0,0.828001049170755,0.18681087483272882,1.9,0.4357900258793448,0.0,0.0,0.0,0.6,a,,False,True
347,Nmecha,FWD,13,LEE,5.5,4,NEW,True,0.436,0.828001049170755,0.0,0.0,0.0,0.0,0.0,0.0,0.828001049170755,0.24686040966406753,1.9,0.4357900258793448,0.0,0.0,0.0,0.6,a,,False,True
347,Nmecha,FWD,13,LEE,5.5,5,CRY,True,0.436,0.828001049170755,0.0,0.0,0.0,0.0,0.0,0.0,0.828001049170755,0.26690968432708995,1.9,0.4357900258793448,0.0,0.0,0.0,0.6,a,,False,True
347,Nmecha,FWD,13,LEE,5.5,6,ARS,False,0.436,0.828001049170755,0.0,0.0,0.0,0.0,0.0,0.0,0.828001049170755,0.14176056534706602,1.9,0.4357900258793448,0.0,0.0,0.0,0.6,a,,False,True
348,Piroe,FWD,13,LEE,5.0,1,NFO,False,0.0,0.0,0.0,0.0,0.0,0.0,0.0,0.0,0.0,0.2362566621899748,1.9,0.2438479265889745,0.0,0.0,0.0,0.2,u,Has joined West Ham United on loan for the rest of the season,False,True
348,Piroe,FWD,13,LEE,5.0,2,BRE,True,0.0,0.0,0.0,0.0,0.0,0.0,0.0,0.0,0.0,0.23730694500245295,1.9,0.2438479265889745,0.0,0.0,0.0,0.2,u,Has joined West Ham United on loan for the rest of the season,False,True
348,Piroe,FWD,13,LEE,5.0,3,BHA,False,0.146,0.2779866363114309,0.0,0.0,0.0,0.0,0.0,0.0,0.2779866363114309,0.18681087483272882,1.9,0.2438479265889745,0.0,0.0,0.0,0.2,u,Has joined West Ham United on loan for the rest of the season,False,True
348,Piroe,FWD,13,LEE,5.0,4,NEW,True,0.146,0.2779866363114309,0.0,0.0,0.0,0.0,0.0,0.0,0.2779866363114309,0.24686040966406753,1.9,0.2438479265889745,0.0,0.0,0.0,0.2,u,Has joined West Ham United on loan for the rest of the season,False,True
348,Piroe,FWD,13,LEE,5.0,5,CRY,True,0.146,0.2779866363114309,0.0,0.0,0.0,0.0,0.0,0.0,0.2779866363114309,0.26690968432708995,1.9,0.2438479265889745,0.0,0.0,0.0,0.2,u,Has joined West Ham United on loan for the rest of the season,False,True
348,Piroe,FWD,13,LEE,5.0,6,ARS,False,0.146,0.2779866363114309,0.0,0.0,0.0,0.0,0.0,0.0,0.2779866363114309,0.14176056534706602,1.9,0.2438479265889745,0.0,0.0,0.0,0.2,u,Has joined West Ham United on loan for the rest of the season,False,True
349,Mateo Joseph,FWD,13,LEE,4.5,1,NFO,False,0.0,0.0,0.0,0.0,0.0,0.0,0.0,0.0,0.0,0.2362566621899748,1.9,0.10098261807964107,0.0,0.0,0.0,0.1,i,Knee injury - Unknown return date,False,True
349,Mateo Joseph,FWD,13,LEE,4.5,2,BRE,True,0.0,0.0,0.0,0.0,0.0,0.0,0.0,0.0,0.0,0.23730694500245295,1.9,0.10098261807964107,0.0,0.0,0.0,0.1,i,Knee injury - Unknown return date,False,True
349,Mateo Joseph,FWD,13,LEE,4.5,3,BHA,False,0.061,0.11512018461079081,0.0,0.0,0.0,0.0,0.0,0.0,0.11512018461079081,0.18681087483272882,1.9,0.10098261807964107,0.0,0.0,0.0,0.1,i,Knee injury - Unknown return date,False,True
349,Mateo Joseph,FWD,13,LEE,4.5,4,NEW,True,0.061,0.11512018461079081,0.0,0.0,0.0,0.0,0.0,0.0,0.11512018461079081,0.24686040966406753,1.9,0.10098261807964107,0.0,0.0,0.0,0.1,i,Knee injury - Unknown return date,False,True
349,Mateo Joseph,FWD,13,LEE,4.5,5,CRY,True,0.061,0.11512018461079081,0.0,0.0,0.0,0.0,0.0,0.0,0.11512018461079081,0.26690968432708995,1.9,0.10098261807964107,0.0,0.0,0.0,0.1,i,Knee injury - Unknown return date,False,True
349,Mateo Joseph,FWD,13,LEE,4.5,6,ARS,False,0.061,0.11512018461079081,0.0,0.0,0.0,0.0,0.0,0.0,0.11512018461079081,0.14176056534706602,1.9,0.10098261807964107,0.0,0.0,0.0,0.1,i,Knee injury - Unknown return date,False,True
385,Trafford,GK,13,LEE,5.0,1,NFO,False,0.596,1.4058093867679116,0.0,0.0,0.5629974956501844,0.0,0.0,0.0,1.131920716880361,0.2362566621899748,2.359739330702036,0.5957477457265059,0.0,0.0,0.0,3.3,a,,False,True
385,Trafford,GK,13,LEE,5.0,2,BRE,True,0.596,1.4095581934764974,0.0,0.0,0.565500310121821,0.0,0.0,0.0,1.131920716880361,0.23730694500245295,2.3660319381612784,0.5957477457265059,0.0,0.0,0.0,3.3,a,,False,True
385,Trafford,GK,13,LEE,5.0,3,BHA,False,0.596,1.2212591516106905,0.0,0.0,0.4451686302351786,0.0,0.0,0.0,1.131920716880361,0.18681087483272882,2.0499601725246688,0.5957477457265059,0.0,0.0,0.0,3.3,a,,False,True
385,Trafford,GK,13,LEE,5.0,4,NEW,True,0.596,1.443382128877002,0.0,0.0,0.58826613026596,0.0,0.0,0.0,1.131920716880361,0.24686040966406753,2.422807537637961,0.5957477457265059,0.0,0.0,0.0,3.3,a,,False,True
385,Trafford,GK,13,LEE,5.0,5,CRY,True,0.596,1.5128709206551723,0.0,0.0,0.6360433710017486,0.0,0.0,0.0,1.131920716880361,0.26690968432708995,2.5394488380484725,0.5957477457265059,0.0,0.0,0.0,3.3,a,,False,True
385,Trafford,GK,13,LEE,5.0,6,ARS,False,0.596,1.0342483700348344,0.0,0.0,0.3378141489537185,0.0,0.0,0.0,1.131920716880361,0.14176056534706602,1.7360508326784907,0.5957477457265059,0.0,0.0,0.0,3.3,a,,False,True
598,Elvedi,DEF,13,LEE,4.5,1,NFO,False,0.217,0.5132166888424798,0.0,0.0,0.2055326371155451,0.0,0.0,0.0,0.41322856983131717,0.2362566621899748,2.359739330702036,0.21748872096385116,0.0,0.0,0.0,0.0,a,,False,True
598,Elvedi,DEF,13,LEE,4.5,2,BRE,True,0.217,0.5145852599903182,0.0,0.0,0.20644633577768984,0.0,0.0,0.0,0.41322856983131717,0.23730694500245295,2.3660319381612784,0.21748872096385116,0.0,0.0,0.0,0.0,a,,False,True
598,Elvedi,DEF,13,LEE,4.5,3,BHA,False,0.217,0.4458432159492259,0.0,0.0,0.16251703291803313,0.0,0.0,0.0,0.41322856983131717,0.18681087483272882,2.0499601725246688,0.21748872096385116,0.0,0.0,0.0,0.0,a,,False,True
598,Elvedi,DEF,13,LEE,4.5,4,NEW,True,0.217,0.5269333125024578,0.0,0.0,0.2147574190178015,0.0,0.0,0.0,0.41322856983131717,0.24686040966406753,2.422807537637961,0.21748872096385116,0.0,0.0,0.0,0.0,a,,False,True
598,Elvedi,DEF,13,LEE,4.5,5,CRY,True,0.217,0.5523014797403003,0.0,0.0,0.23219938342865626,0.0,0.0,0.0,0.41322856983131717,0.26690968432708995,2.5394488380484725,0.21748872096385116,0.0,0.0,0.0,0.0,a,,False,True
598,Elvedi,DEF,13,LEE,4.5,6,ARS,False,0.217,0.37757147512747374,0.0,0.0,0.12332529616178332,0.0,0.0,0.0,0.41322856983131717,0.14176056534706602,1.7360508326784907,0.21748872096385116,0.0,0.0,0.0,0.0,a,,False,True
603,Lienou,DEF,13,LEE,4.0,1,NFO,False,0.084,0.19731041423444282,0.0,0.0,0.0790187276634191,0.0,0.0,0.0,0.15886915226942017,0.2362566621899748,2.359739330702036,0.08361534329969483,0.0,0.0,0.0,0.1,a,,False,True
603,Lienou,DEF,13,LEE,4.0,2,BRE,True,0.084,0.19783657276739763,0.0,0.0,0.07937000669512762,0.0,0.0,0.0,0.15886915226942017,0.23730694500245295,2.3660319381612784,0.08361534329969483,0.0,0.0,0.0,0.1,a,,False,True
603,Lienou,DEF,13,LEE,4.0,3,BHA,False,0.084,0.17140812357635182,0.0,0.0,0.062481021725019764,0.0,0.0,0.0,0.15886915226942017,0.18681087483272882,2.0499601725246688,0.08361534329969483,0.0,0.0,0.0,0.1,a,,False,True
603,Lienou,DEF,13,LEE,4.0,4,NEW,True,0.084,0.20258388400868643,0.0,0.0,0.08256527160465724,0.0,0.0,0.0,0.15886915226942017,0.24686040966406753,2.422807537637961,0.08361534329969483,0.0,0.0,0.0,0.1,a,,False,True
603,Lienou,DEF,13,LEE,4.0,5,CRY,True,0.084,0.21233688638543416,0.0,0.0,0.08927097954009121,0.0,0.0,0.0,0.15886915226942017,0.26690968432708995,2.5394488380484725,0.08361534329969483,0.0,0.0,0.0,0.1,a,,False,True
603,Lienou,DEF,13,LEE,4.0,6,ARS,False,0.084,0.14516048636013307,0.0,0.0,0.04741343335141499,0.0,0.0,0.0,0.15886915226942017,0.14176056534706602,1.7360508326784907,0.08361534329969483,0.0,0.0,0.0,0.1,a,,False,True
604,Cresswell,MID,13,LEE,4.5,1,NFO,False,0.041,0.08764828439508406,0.0,0.0,0.009693353558290143,0.0,0.0,0.0,0.07795493083679392,0.2362566621899748,2.136256662189975,0.041028910966733646,0.0,0.0,0.0,0.0,a,,False,True
604,Cresswell,MID,13,LEE,4.5,2,BRE,True,0.041,0.08769137635508711,0.0,0.0,0.0097364455182932,0.0,0.0,0.0,0.07795493083679392,0.23730694500245295,2.137306945002453,0.041028910966733646,0.0,0.0,0.0,0.0,a,,False,True
604,Cresswell,MID,13,LEE,4.5,3,BHA,False,0.041,0.08561957758792357,0.0,0.0,0.007664646751129654,0.0,0.0,0.0,0.07795493083679392,0.18681087483272882,2.0868108748327288,0.041028910966733646,0.0,0.0,0.0,0.0,a,,False,True
604,Cresswell,MID,13,LEE,4.5,4,NEW,True,0.041,0.08808334460611233,0.0,0.0,0.01012841376931842,0.0,0.0,0.0,0.07795493083679392,0.24686040966406753,2.1468604096640673,0.041028910966733646,0.0,0.0,0.0,0.0,a,,False,True
604,Cresswell,MID,13,LEE,4.5,5,CRY,True,0.041,0.08890594451120908,0.0,0.0,0.010951013674415156,0.0,0.0,0.0,0.07795493083679392,0.26690968432708995,2.1669096843270896,0.041028910966733646,0.0,0.0,0.0,0.0,a,,False,True
604,Cresswell,MID,13,LEE,4.5,6,ARS,False,0.041,0.08377121245101252,0.0,0.0,0.005816281614218599,0.0,0.0,0.0,0.07795493083679392,0.14176056534706602,2.041760565347066,0.041028910966733646,0.0,0.0,0.0,0.0,a,,False,True
350,A.Becker,GK,14,LIV,5.5,1,NEW,False,0.645,1.4372336552487273,0.0,0.0,0.5542083553225727,0.0,0.0,0.0,1.224717816712333,0.21494663112266543,2.229692348481602,0.6445883245854385,0.0,0.0,0.0,3.7,a,,False,True
350,A.Becker,GK,14,LIV,5.5,2,NFO,True,0.645,1.891331925142183,0.0,0.0,0.872977915422818,0.0,0.0,0.0,1.224717816712333,0.33857963374696026,2.934170311506305,0.6445883245854385,0.0,0.0,0.0,3.7,a,,False,True
350,A.Becker,GK,14,LIV,5.5,3,IPS,False,0.645,1.8044504810565125,0.0,0.0,0.8082747002791593,0.0,0.0,0.0,1.224717816712333,0.31348485128046427,2.7993843701978776,0.6445883245854385,0.0,0.0,0.0,3.7,a,,False,True
350,A.Becker,GK,14,LIV,5.5,4,FUL,True,0.645,1.8810488533689007,0.0,0.0,0.8652384313756565,0.0,0.0,0.0,1.224717816712333,0.33557791786413727,2.918217382511049,0.6445883245854385,0.0,0.0,0.0,3.7,a,,False,True
350,A.Becker,GK,14,LIV,5.5,5,BOU,False,0.645,1.319981915948033,0.0,0.0,0.4808141673656266,0.0,0.0,0.0,1.224717816712333,0.18648110314240418,2.0477906061934465,0.6445883245854385,0.0,0.0,0.0,3.7,a,,False,True
350,A.Becker,GK,14,LIV,5.5,6,MCI,True,0.645,1.4073171904519735,0.0,0.0,0.5350865224966467,0.0,0.0,0.0,1.224717816712333,0.20753033451264535,2.183280609925843,0.6445883245854385,0.0,0.0,0.0,3.7,a,,False,True
351,Mamardashvili,GK,14,LIV,5.0,1,NEW,False,0.487,1.086771891165544,0.0,0.0,0.41906760269221816,0.0,0.0,0.0,0.9260769068076531,0.21494663112266543,2.229692348481602,0.48740889831981743,0.0,0.0,0.0,0.2,a,,False,True
351,Mamardashvili,GK,14,LIV,5.0,2,NFO,True,0.487,1.4301407190140036,0.0,0.0,0.6601069051125327,0.0,0.0,0.0,0.9260769068076531,0.33857963374696026,2.934170311506305,0.48740889831981743,0.0,0.0,0.0,0.2,a,,False,True
351,Mamardashvili,GK,14,LIV,5.0,3,IPS,False,0.487,1.3644448518518635,0.0,0.0,0.6111812240102515,0.0,0.0,0.0,0.9260769068076531,0.31348485128046427,2.7993843701978776,0.48740889831981743,0.0,0.0,0.0,0.2,a,,False,True
351,Mamardashvili,GK,14,LIV,5.0,4,FUL,True,0.487,1.4223651194674516,0.0,0.0,0.6542546529864693,0.0,0.0,0.0,0.9260769068076531,0.33557791786413727,2.918217382511049,0.48740889831981743,0.0,0.0,0.0,0.2,a,,False,True
351,Mamardashvili,GK,14,LIV,5.0,5,BOU,False,0.487,0.998111363354419,0.0,0.0,0.36357019616041386,0.0,0.0,0.0,0.9260769068076531,0.18648110314240418,2.0477906061934465,0.48740889831981743,0.0,0.0,0.0,0.2,a,,False,True
351,Mamardashvili,GK,14,LIV,5.0,6,MCI,True,0.487,1.0641503968069743,0.0,0.0,0.4046085268510066,0.0,0.0,0.0,0.9260769068076531,0.20753033451264535,2.183280609925843,0.48740889831981743,0.0,0.0,0.0,0.2,a,,False,True
352,Woodman,GK,14,LIV,4.0,1,NEW,False,0.154,0.3441784047095295,0.0,0.0,0.13271784091265562,0.0,0.0,0.0,0.29328663633502255,0.21494663112266543,2.229692348481602,0.1543613875447487,0.0,0.0,0.0,1.1,a,,False,True
352,Woodman,GK,14,LIV,4.0,2,NFO,True,0.154,0.4529226005767208,0.0,0.0,0.20905448823829445,0.0,0.0,0.0,0.29328663633502255,0.33857963374696026,2.934170311506305,0.1543613875447487,0.0,0.0,0.0,1.1,a,,False,True
352,Woodman,GK,14,LIV,4.0,3,IPS,False,0.154,0.4321168556548268,0.0,0.0,0.19355982647164663,0.0,0.0,0.0,0.29328663633502255,0.31348485128046427,2.7993843701978776,0.1543613875447487,0.0,0.0,0.0,1.1,a,,False,True
352,Woodman,GK,14,LIV,4.0,4,FUL,True,0.154,0.4504600843216102,0.0,0.0,0.20720109212354376,0.0,0.0,0.0,0.29328663633502255,0.33557791786413727,2.918217382511049,0.1543613875447487,0.0,0.0,0.0,1.1,a,,False,True
352,Woodman,GK,14,LIV,4.0,5,BOU,False,0.154,0.31609979937312255,0.0,0.0,0.11514192732774763,0.0,0.0,0.0,0.29328663633502255,0.18648110314240418,2.0477906061934465,0.1543613875447487,0.0,0.0,0.0,1.1,a,,False,True
352,Woodman,GK,14,LIV,4.0,6,MCI,True,0.154,0.33701422434769845,0.0,0.0,0.12813868157199115,0.0,0.0,0.0,0.29328663633502255,0.20753033451264535,2.183280609925843,0.1543613875447487,0.0,0.0,0.0,1.1,a,,False,True
353,Pecsi,GK,14,LIV,4.0,1,NEW,False,0.0,0.0,0.0,0.0,0.0,0.0,0.0,0.0,0.0,0.21494663112266543,2.229692348481602,0.11422850674212981,0.0,0.0,0.0,0.0,u,Has joined TSV Hartberg on loan for the rest of the season,False,True
353,Pecsi,GK,14,LIV,4.0,2,NFO,True,0.0,0.0,0.0,0.0,0.0,0.0,0.0,0.0,0.0,0.33857963374696026,2.934170311506305,0.11422850674212981,0.0,0.0,0.0,0.0,u,Has joined TSV Hartberg on loan for the rest of the season,False,True
353,Pecsi,GK,14,LIV,4.0,3,IPS,False,0.069,0.19186169784297663,0.0,0.0,0.08594137547531057,0.0,0.0,0.0,0.13022049768602798,0.31348485128046427,2.7993843701978776,0.11422850674212981,0.0,0.0,0.0,0.0,u,Has joined TSV Hartberg on loan for the rest of the season,False,True
353,Pecsi,GK,14,LIV,4.0,4,FUL,True,0.069,0.20000616837189827,0.0,0.0,0.09199815468780836,0.0,0.0,0.0,0.13022049768602798,0.33557791786413727,2.918217382511049,0.11422850674212981,0.0,0.0,0.0,0.0,u,Has joined TSV Hartberg on loan for the rest of the season,False,True
353,Pecsi,GK,14,LIV,4.0,5,BOU,False,0.069,0.14034963783962293,0.0,0.0,0.0511234990741966,0.0,0.0,0.0,0.13022049768602798,0.18648110314240418,2.0477906061934465,0.11422850674212981,0.0,0.0,0.0,0.0,u,Has joined TSV Hartberg on loan for the rest of the season,False,True
353,Pecsi,GK,14,LIV,4.0,6,MCI,True,0.069,0.14963573032252528,0.0,0.0,0.05689411251617799,0.0,0.0,0.0,0.13022049768602798,0.20753033451264535,2.183280609925843,0.11422850674212981,0.0,0.0,0.0,0.0,u,Has joined TSV Hartberg on loan for the rest of the season,False,True
354,Jaros,GK,14,LIV,4.0,1,NEW,False,0.0,0.0,0.0,0.0,0.0,0.0,0.0,0.0,0.0,0.21494663112266543,2.229692348481602,0.09883676020752281,0.0,0.0,0.0,0.0,i,Knee injury - Unknown return date,False,True
354,Jaros,GK,14,LIV,4.0,2,NFO,True,0.0,0.0,0.0,0.0,0.0,0.0,0.0,0.0,0.0,0.33857963374696026,2.934170311506305,0.09883676020752281,0.0,0.0,0.0,0.0,i,Knee injury - Unknown return date,False,True
354,Jaros,GK,14,LIV,4.0,3,IPS,False,0.059,0.1660092490355609,0.0,0.0,0.07436118497927567,0.0,0.0,0.0,0.11267390663657599,0.31348485128046427,2.7993843701978776,0.09883676020752281,0.0,0.0,0.0,0.0,i,Knee injury - Unknown return date,False,True
354,Jaros,GK,14,LIV,4.0,4,FUL,True,0.059,0.17305629100120165,0.0,0.0,0.07960184207730604,0.0,0.0,0.0,0.11267390663657599,0.33557791786413727,2.918217382511049,0.09883676020752281,0.0,0.0,0.0,0.0,i,Knee injury - Unknown return date,False,True
354,Jaros,GK,14,LIV,4.0,5,BOU,False,0.059,0.12143819345973567,0.0,0.0,0.04423485137884831,0.0,0.0,0.0,0.11267390663657599,0.18648110314240418,2.0477906061934465,0.09883676020752281,0.0,0.0,0.0,0.0,i,Knee injury - Unknown return date,False,True
354,Jaros,GK,14,LIV,4.0,6,MCI,True,0.059,0.12947302926538481,0.0,0.0,0.049227902179231973,0.0,0.0,0.0,0.11267390663657599,0.20753033451264535,2.183280609925843,0.09883676020752281,0.0,0.0,0.0,0.0,i,Knee injury - Unknown return date,False,True
355,Davies,GK,14,LIV,4.0,1,NEW,False,0.093,0.2084559130824528,0.0,0.0,0.08038220391290382,0.0,0.0,0.0,0.17763268332798351,0.21494663112266543,2.229692348481602,0.09349088596209659,0.0,0.0,0.0,0.1,a,,False,True
355,Davies,GK,14,LIV,4.0,2,NFO,True,0.093,0.2743181819864054,0.0,0.0,0.12661643971090197,0.0,0.0,0.0,0.17763268332798351,0.33857963374696026,2.934170311506305,0.09349088596209659,0.0,0.0,0.0,0.1,a,,False,True
355,Davies,GK,14,LIV,4.0,3,IPS,False,0.093,0.26171692491824533,0.0,0.0,0.11723190592762678,0.0,0.0,0.0,0.17763268332798351,0.31348485128046427,2.7993843701978776,0.09349088596209659,0.0,0.0,0.0,0.1,a,,False,True
355,Davies,GK,14,LIV,4.0,4,FUL,True,0.093,0.27282672852094847,0.0,0.0,0.1254939074017355,0.0,0.0,0.0,0.17763268332798351,0.33557791786413727,2.918217382511049,0.09349088596209659,0.0,0.0,0.0,0.1,a,,False,True
355,Davies,GK,14,LIV,4.0,5,BOU,False,0.093,0.19144975803788417,0.0,0.0,0.06973713419188993,0.0,0.0,0.0,0.17763268332798351,0.18648110314240418,2.0477906061934465,0.09349088596209659,0.0,0.0,0.0,0.1,a,,False,True
355,Davies,GK,14,LIV,4.0,6,MCI,True,0.093,0.2041168385258337,0.0,0.0,0.07760877935038994,0.0,0.0,0.0,0.17763268332798351,0.20753033451264535,2.183280609925843,0.09349088596209659,0.0,0.0,0.0,0.1,a,,False,True
356,Virgil,DEF,14,LIV,6.5,1,NEW,False,0.79,1.7622655138588519,0.0,0.0,0.679543140748664,0.0,0.0,0.0,1.5016890014498996,0.21494663112266543,2.229692348481602,0.7903626323420525,0.0,0.0,0.0,19.6,a,,False,True
356,Virgil,DEF,14,LIV,6.5,2,NFO,True,0.79,2.3190585711420235,0.0,0.0,1.0704027623426222,0.0,0.0,0.0,1.5016890014498996,0.33857963374696026,2.934170311506305,0.7903626323420525,0.0,0.0,0.0,19.6,a,,False,True
356,Virgil,DEF,14,LIV,6.5,3,IPS,False,0.79,2.212528799766793,0.0,0.0,0.9910668490295383,0.0,0.0,0.0,1.5016890014498996,0.31348485128046427,2.7993843701978776,0.7903626323420525,0.0,0.0,0.0,19.6,a,,False,True
356,Virgil,DEF,14,LIV,6.5,4,FUL,True,0.79,2.306449972187767,0.0,0.0,1.0609129860758584,0.0,0.0,0.0,1.5016890014498996,0.33557791786413727,2.918217382511049,0.7903626323420525,0.0,0.0,0.0,19.6,a,,False,True
356,Virgil,DEF,14,LIV,6.5,5,BOU,False,0.79,1.6184971739963798,0.0,0.0,0.5895507822467215,0.0,0.0,0.0,1.5016890014498996,0.18648110314240418,2.0477906061934465,0.7903626323420525,0.0,0.0,0.0,19.6,a,,False,True
356,Virgil,DEF,14,LIV,6.5,6,MCI,True,0.79,1.7255834100023513,0.0,0.0,0.6560968859049644,0.0,0.0,0.0,1.5016890014498996,0.20753033451264535,2.183280609925843,0.7903626323420525,0.0,0.0,0.0,19.6,a,,False,True
357,Frimpong,DEF,14,LIV,5.5,1,NEW,False,0.746,1.664282526531702,0.0,0.0,0.64176014696901,0.0,0.0,0.0,1.4181942197378115,0.21494663112266543,2.229692348481602,0.7464180103883219,0.0,0.0,0.0,3.5,a,,False,True
357,Frimpong,DEF,14,LIV,5.5,2,NFO,True,0.746,2.1901175660550187,0.0,0.0,1.0108877463176513,0.0,0.0,0.0,1.4181942197378115,0.33857963374696026,2.934170311506305,0.7464180103883219,0.0,0.0,0.0,3.5,a,,False,True
357,Frimpong,DEF,14,LIV,5.5,3,IPS,False,0.746,2.089510911915265,0.0,0.0,0.9359629559185725,0.0,0.0,0.0,1.4181942197378115,0.31348485128046427,2.7993843701978776,0.7464180103883219,0.0,0.0,0.0,3.5,a,,False,True
357,Frimpong,DEF,14,LIV,5.5,4,FUL,True,0.746,2.178210012534514,0.0,0.0,1.00192560712962,0.0,0.0,0.0,1.4181942197378115,0.33557791786413727,2.918217382511049,0.7464180103883219,0.0,0.0,0.0,3.5,a,,False,True
357,Frimpong,DEF,14,LIV,5.5,5,BOU,False,0.746,1.528507789966808,0.0,0.0,0.5567714159302911,0.0,0.0,0.0,1.4181942197378115,0.18648110314240418,2.0477906061934465,0.7464180103883219,0.0,0.0,0.0,3.5,a,,False,True
357,Frimpong,DEF,14,LIV,5.5,6,MCI,True,0.746,1.6296399689802499,0.0,0.0,0.6196175175286065,0.0,0.0,0.0,1.4181942197378115,0.20753033451264535,2.183280609925843,0.7464180103883219,0.0,0.0,0.0,3.5,a,,False,True
358,Kerkez,DEF,14,LIV,5.5,1,NEW,False,0.713,1.5894136168686885,0.0,0.0,0.6128901193728691,0.0,0.0,0.0,1.354395764109349,0.21494663112266543,2.229692348481602,0.7128398758470258,0.0,0.0,0.0,3.8,a,,False,True
358,Kerkez,DEF,14,LIV,5.5,2,NFO,True,0.713,2.091593600568183,0.0,0.0,0.9654122563380585,0.0,0.0,0.0,1.354395764109349,0.33857963374696026,2.934170311506305,0.7128398758470258,0.0,0.0,0.0,3.8,a,,False,True
358,Kerkez,DEF,14,LIV,5.5,3,IPS,False,0.713,1.9955128068999595,0.0,0.0,0.893858009866758,0.0,0.0,0.0,1.354395764109349,0.31348485128046427,2.7993843701978776,0.7128398758470258,0.0,0.0,0.0,3.8,a,,False,True
358,Kerkez,DEF,14,LIV,5.5,4,FUL,True,0.713,2.080221716643809,0.0,0.0,0.9568532852291001,0.0,0.0,0.0,1.354395764109349,0.33557791786413727,2.918217382511049,0.7128398758470258,0.0,0.0,0.0,3.8,a,,False,True
358,Kerkez,DEF,14,LIV,5.5,5,BOU,False,0.713,1.4597468014796422,0.0,0.0,0.5317246656473912,0.0,0.0,0.0,1.354395764109349,0.18648110314240418,2.0477906061934465,0.7128398758470258,0.0,0.0,0.0,3.8,a,,False,True
358,Kerkez,DEF,14,LIV,5.5,6,MCI,True,0.713,1.556329478918757,0.0,0.0,0.5917435915539434,0.0,0.0,0.0,1.354395764109349,0.20753033451264535,2.183280609925843,0.7128398758470258,0.0,0.0,0.0,3.8,a,,False,True
359,Gomez,DEF,14,LIV,5.0,1,NEW,False,0.0,0.0,0.0,0.0,0.0,0.0,0.0,0.0,0.0,0.21494663112266543,2.229692348481602,0.4758545855301778,0.0,0.0,0.0,0.0,i,Muscular injury - Unknown return date,False,True
359,Gomez,DEF,14,LIV,5.0,2,NFO,True,0.0,0.0,0.0,0.0,0.0,0.0,0.0,0.0,0.0,0.33857963374696026,2.934170311506305,0.4758545855301778,0.0,0.0,0.0,0.0,i,Muscular injury - Unknown return date,False,True
359,Gomez,DEF,14,LIV,5.0,3,IPS,False,0.286,0.7992599335321012,0.0,0.0,0.3580156895425314,0.0,0.0,0.0,0.5424742275044027,0.31348485128046427,2.7993843701978776,0.4758545855301778,0.0,0.0,0.0,0.0,i,Muscular injury - Unknown return date,False,True
359,Gomez,DEF,14,LIV,5.0,4,FUL,True,0.286,0.8331882738250533,0.0,0.0,0.38324709844396576,0.0,0.0,0.0,0.5424742275044027,0.33557791786413727,2.918217382511049,0.4758545855301778,0.0,0.0,0.0,0.0,i,Muscular injury - Unknown return date,False,True
359,Gomez,DEF,14,LIV,5.0,5,BOU,False,0.286,0.5846703300976644,0.0,0.0,0.21297093130809377,0.0,0.0,0.0,0.5424742275044027,0.18648110314240418,2.0477906061934465,0.4758545855301778,0.0,0.0,0.0,0.0,i,Muscular injury - Unknown return date,False,True
359,Gomez,DEF,14,LIV,5.0,6,MCI,True,0.286,0.6233544538394016,0.0,0.0,0.2370102271546896,0.0,0.0,0.0,0.5424742275044027,0.20753033451264535,2.183280609925843,0.4758545855301778,0.0,0.0,0.0,0.0,i,Muscular injury - Unknown return date,False,True
360,Bradley,DEF,14,LIV,5.0,1,NEW,False,0.0,0.0,0.0,0.0,0.0,0.0,0.0,0.0,0.0,0.21494663112266543,2.229692348481602,0.3852258858130498,0.0,0.0,0.0,0.0,i,Knee injury - Unknown return date,False,True
360,Bradley,DEF,14,LIV,5.0,2,NFO,True,0.0,0.0,0.0,0.0,0.0,0.0,0.0,0.0,0.0,0.33857963374696026,2.934170311506305,0.3852258858130498,0.0,0.0,0.0,0.0,i,Knee injury - Unknown return date,False,True
360,Bradley,DEF,14,LIV,5.0,3,IPS,False,0.231,0.6470371942444102,0.0,0.0,0.28982995085637364,0.0,0.0,0.0,0.43915750982687674,0.31348485128046427,2.7993843701978776,0.3852258858130498,0.0,0.0,0.0,0.0,i,Knee injury - Unknown return date,False,True
360,Bradley,DEF,14,LIV,5.0,4,FUL,True,0.231,0.6745037257037151,0.0,0.0,0.3102559216044267,0.0,0.0,0.0,0.43915750982687674,0.33557791786413727,2.918217382511049,0.3852258858130498,0.0,0.0,0.0,0.0,i,Knee injury - Unknown return date,False,True
360,Bradley,DEF,14,LIV,5.0,5,BOU,False,0.231,0.4733171701383076,0.0,0.0,0.17240963554902564,0.0,0.0,0.0,0.43915750982687674,0.18648110314240418,2.0477906061934465,0.3852258858130498,0.0,0.0,0.0,0.0,i,Knee injury - Unknown return date,False,True
360,Bradley,DEF,14,LIV,5.0,6,MCI,True,0.231,0.5046337241622831,0.0,0.0,0.19187053666970963,0.0,0.0,0.0,0.43915750982687674,0.20753033451264535,2.183280609925843,0.3852258858130498,0.0,0.0,0.0,0.0,i,Knee injury - Unknown return date,False,True
361,Lucky,DEF,14,LIV,4.0,1,NEW,False,0.084,0.18643649117099195,0.0,0.0,0.07189134540973816,0.0,0.0,0.0,0.15886915226942017,0.21494663112266543,2.229692348481602,0.08361534329969483,0.0,0.0,0.0,0.1,a,,False,True
361,Lucky,DEF,14,LIV,4.0,2,NFO,True,0.084,0.2453416578963722,0.0,0.0,0.1132418092401481,0.0,0.0,0.0,0.15886915226942017,0.33857963374696026,2.934170311506305,0.08361534329969483,0.0,0.0,0.0,0.1,a,,False,True
361,Lucky,DEF,14,LIV,4.0,3,IPS,False,0.084,0.23407148514189552,0.0,0.0,0.1048485738362792,0.0,0.0,0.0,0.15886915226942017,0.31348485128046427,2.7993843701978776,0.08361534329969483,0.0,0.0,0.0,0.1,a,,False,True
361,Lucky,DEF,14,LIV,4.0,4,FUL,True,0.084,0.24400774826179822,0.0,0.0,0.11223785122402653,0.0,0.0,0.0,0.15886915226942017,0.33557791786413727,2.918217382511049,0.08361534329969483,0.0,0.0,0.0,0.1,a,,False,True
361,Lucky,DEF,14,LIV,4.0,5,BOU,False,0.084,0.17122671454275523,0.0,0.0,0.06237072583263171,0.0,0.0,0.0,0.15886915226942017,0.18648110314240418,2.0477906061934465,0.08361534329969483,0.0,0.0,0.0,0.1,a,,False,True
361,Lucky,DEF,14,LIV,4.0,6,MCI,True,0.084,0.1825557577185165,0.0,0.0,0.06941088066150139,0.0,0.0,0.0,0.15886915226942017,0.20753033451264535,2.183280609925843,0.08361534329969483,0.0,0.0,0.0,0.1,a,,False,True
362,Jacquet,DEF,14,LIV,5.0,1,NEW,False,0.338,0.7529767507559112,0.0,0.0,0.29035362838086987,0.0,0.0,0.0,0.6416382185688054,0.21494663112266543,2.229692348481602,0.33770432556252916,0.0,0.0,0.0,2.4,a,,False,True
362,Jacquet,DEF,14,LIV,5.0,2,NFO,True,0.338,0.9908820061328328,0.0,0.0,0.45735922745490143,0.0,0.0,0.0,0.6416382185688054,0.33857963374696026,2.934170311506305,0.33770432556252916,0.0,0.0,0.0,2.4,a,,False,True
362,Jacquet,DEF,14,LIV,5.0,3,IPS,False,0.338,0.9453642107279596,0.0,0.0,0.4234607611029558,0.0,0.0,0.0,0.6416382185688054,0.31348485128046427,2.7993843701978776,0.33770432556252916,0.0,0.0,0.0,2.4,a,,False,True
362,Jacquet,DEF,14,LIV,5.0,4,FUL,True,0.338,0.985494633005743,0.0,0.0,0.4533044577039451,0.0,0.0,0.0,0.6416382185688054,0.33557791786413727,2.918217382511049,0.33770432556252916,0.0,0.0,0.0,2.4,a,,False,True
362,Jacquet,DEF,14,LIV,5.0,5,BOU,False,0.338,0.6915477455578407,0.0,0.0,0.25190190066744816,0.0,0.0,0.0,0.6416382185688054,0.18648110314240418,2.0477906061934465,0.33770432556252916,0.0,0.0,0.0,2.4,a,,False,True
362,Jacquet,DEF,14,LIV,5.0,6,MCI,True,0.338,0.7373033058887543,0.0,0.0,0.2803355666014359,0.0,0.0,0.0,0.6416382185688054,0.20753033451264535,2.183280609925843,0.33770432556252916,0.0,0.0,0.0,2.4,a,,False,True
363,Leoni,DEF,14,LIV,4.0,1,NEW,False,0.0,0.0,0.0,0.0,0.0,0.0,0.0,0.0,0.0,0.21494663112266543,2.229692348481602,0.08138251901623299,0.0,0.0,0.0,0.0,i,Knee injury - Unknown return date,False,True
363,Leoni,DEF,14,LIV,4.0,2,NFO,True,0.0,0.0,0.0,0.0,0.0,0.0,0.0,0.0,0.0,0.33857963374696026,2.934170311506305,0.08138251901623299,0.0,0.0,0.0,0.0,i,Knee injury - Unknown return date,False,True
363,Leoni,DEF,14,LIV,4.0,3,IPS,False,0.049,0.1366925710448245,0.0,0.0,0.06122924848952004,0.0,0.0,0.0,0.0927760716785056,0.31348485128046427,2.7993843701978776,0.08138251901623299,0.0,0.0,0.0,0.0,i,Knee injury - Unknown return date,False,True
363,Leoni,DEF,14,LIV,4.0,4,FUL,True,0.049,0.14249512897542427,0.0,0.0,0.06554442307681445,0.0,0.0,0.0,0.0927760716785056,0.33557791786413727,2.918217382511049,0.08138251901623299,0.0,0.0,0.0,0.0,i,Knee injury - Unknown return date,False,True
363,Leoni,DEF,14,LIV,4.0,5,BOU,False,0.049,0.09999261476988087,0.0,0.0,0.03642312461437155,0.0,0.0,0.0,0.0927760716785056,0.18648110314240418,2.0477906061934465,0.08138251901623299,0.0,0.0,0.0,0.0,i,Knee injury - Unknown return date,False,True
363,Leoni,DEF,14,LIV,4.0,6,MCI,True,0.049,0.10660852545303762,0.0,0.0,0.040534419347809325,0.0,0.0,0.0,0.0927760716785056,0.20753033451264535,2.183280609925843,0.08138251901623299,0.0,0.0,0.0,0.0,i,Knee injury - Unknown return date,False,True
364,Tsimikas,DEF,14,LIV,5.0,1,NEW,False,0.319,0.7109428430289729,0.0,0.0,0.2741450301588253,0.0,0.0,0.0,0.6058196336705034,0.21494663112266543,2.229692348481602,0.3188524387739492,0.0,0.0,0.0,0.1,a,,False,True
364,Tsimikas,DEF,14,LIV,5.0,2,NFO,True,0.319,0.9355673596019034,0.0,0.0,0.43182776775763515,0.0,0.0,0.0,0.6058196336705034,0.33857963374696026,2.934170311506305,0.3188524387739492,0.0,0.0,0.0,0.1,a,,False,True
364,Tsimikas,DEF,14,LIV,5.0,3,IPS,False,0.319,0.8925905335032689,0.0,0.0,0.3998216373978592,0.0,0.0,0.0,0.6058196336705034,0.31348485128046427,2.7993843701978776,0.3188524387739492,0.0,0.0,0.0,0.1,a,,False,True
364,Tsimikas,DEF,14,LIV,5.0,4,FUL,True,0.319,0.9304807292861785,0.0,0.0,0.42799935003865675,0.0,0.0,0.0,0.6058196336705034,0.33557791786413727,2.918217382511049,0.3188524387739492,0.0,0.0,0.0,0.1,a,,False,True
364,Tsimikas,DEF,14,LIV,5.0,5,BOU,False,0.319,0.6529430288831642,0.0,0.0,0.23783981808884774,0.0,0.0,0.0,0.6058196336705034,0.18648110314240418,2.0477906061934465,0.3188524387739492,0.0,0.0,0.0,0.1,a,,False,True
364,Tsimikas,DEF,14,LIV,5.0,6,MCI,True,0.319,0.6961443470027303,0.0,0.0,0.26468621311572177,0.0,0.0,0.0,0.6058196336705034,0.20753033451264535,2.183280609925843,0.3188524387739492,0.0,0.0,0.0,0.1,a,,False,True
365,Ramsay,DEF,14,LIV,4.0,1,NEW,False,0.081,0.17980680390578616,0.0,0.0,0.06933488699246233,0.0,0.0,0.0,0.15321976040938665,0.21494663112266543,2.229692348481602,0.08064197916283508,0.0,0.0,0.0,0.2,a,,False,True
365,Ramsay,DEF,14,LIV,4.0,2,NFO,True,0.081,0.23661730112070076,0.0,0.0,0.10921492707833082,0.0,0.0,0.0,0.15321976040938665,0.33857963374696026,2.934170311506305,0.08064197916283508,0.0,0.0,0.0,0.2,a,,False,True
365,Ramsay,DEF,14,LIV,4.0,3,IPS,False,0.081,0.22574789605026344,0.0,0.0,0.10112015537929461,0.0,0.0,0.0,0.15321976040938665,0.31348485128046427,2.7993843701978776,0.08064197916283508,0.0,0.0,0.0,0.2,a,,False,True
365,Ramsay,DEF,14,LIV,4.0,4,FUL,True,0.081,0.23533082535307914,0.0,0.0,0.10824666983962936,0.0,0.0,0.0,0.15321976040938665,0.33557791786413727,2.918217382511049,0.08064197916283508,0.0,0.0,0.0,0.2,a,,False,True
365,Ramsay,DEF,14,LIV,4.0,5,BOU,False,0.081,0.16513788739450133,0.0,0.0,0.06015282093548903,0.0,0.0,0.0,0.15321976040938665,0.18648110314240418,2.0477906061934465,0.08064197916283508,0.0,0.0,0.0,0.2,a,,False,True
365,Ramsay,DEF,14,LIV,4.0,6,MCI,True,0.081,0.17606406945226172,0.0,0.0,0.06694262764569976,0.0,0.0,0.0,0.15321976040938665,0.20753033451264535,2.183280609925843,0.08064197916283508,0.0,0.0,0.0,0.2,a,,False,True
366,Wirtz,MID,14,LIV,7.5,1,NEW,False,0.782,1.6542389625443112,0.0,0.0,0.16812390763827736,0.0,0.0,0.0,1.4861150549060338,0.21494663112266543,2.1149466311226655,0.7821658183715968,0.0,0.0,0.0,12.5,a,,False,True
366,Wirtz,MID,14,LIV,7.5,2,NFO,True,0.782,1.7509404712196805,0.0,0.0,0.2648254163136467,0.0,0.0,0.0,1.4861150549060338,0.33857963374696026,2.2385796337469603,0.7821658183715968,0.0,0.0,0.0,12.5,a,,False,True
366,Wirtz,MID,14,LIV,7.5,3,IPS,False,0.782,1.7313121901549164,0.0,0.0,0.24519713524888265,0.0,0.0,0.0,1.4861150549060338,0.31348485128046427,2.213484851280464,0.7821658183715968,0.0,0.0,0.0,12.5,a,,False,True
366,Wirtz,MID,14,LIV,7.5,4,FUL,True,0.782,1.7485926316596732,0.0,0.0,0.2624775767536394,0.0,0.0,0.0,1.4861150549060338,0.33557791786413727,2.2355779178641373,0.7821658183715968,0.0,0.0,0.0,12.5,a,,False,True
366,Wirtz,MID,14,LIV,7.5,5,BOU,False,0.782,1.6319741995562504,0.0,0.0,0.1458591446502167,0.0,0.0,0.0,1.4861150549060338,0.18648110314240418,2.086481103142404,0.7821658183715968,0.0,0.0,0.0,12.5,a,,False,True
366,Wirtz,MID,14,LIV,7.5,6,MCI,True,0.782,1.6484381888370483,0.0,0.0,0.1623231339310145,0.0,0.0,0.0,1.4861150549060338,0.20753033451264535,2.1075303345126453,0.7821658183715968,0.0,0.0,0.0,12.5,a,,False,True
367,Gakpo,MID,14,LIV,7.0,1,NEW,False,0.762,1.6124619398425328,0.0,0.0,0.16387801785744838,0.0,0.0,0.0,1.4485839219850845,0.21494663112266543,2.1149466311226655,0.7624125905184655,0.0,0.0,0.0,4.0,a,,False,True
367,Gakpo,MID,14,LIV,7.0,2,NFO,True,0.762,1.7067212976468977,0.0,0.0,0.2581373756618133,0.0,0.0,0.0,1.4485839219850845,0.33857963374696026,2.2385796337469603,0.7624125905184655,0.0,0.0,0.0,4.0,a,,False,True
367,Gakpo,MID,14,LIV,7.0,3,IPS,False,0.762,1.6875887195381192,0.0,0.0,0.23900479755303466,0.0,0.0,0.0,1.4485839219850845,0.31348485128046427,2.213484851280464,0.7624125905184655,0.0,0.0,0.0,4.0,a,,False,True
367,Gakpo,MID,14,LIV,7.0,4,FUL,True,0.762,1.7044327516646742,0.0,0.0,0.2558488296795898,0.0,0.0,0.0,1.4485839219850845,0.33557791786413727,2.2355779178641373,0.7624125905184655,0.0,0.0,0.0,4.0,a,,False,True
367,Gakpo,MID,14,LIV,7.0,5,BOU,False,0.762,1.590759462914626,0.0,0.0,0.14217554092954154,0.0,0.0,0.0,1.4485839219850845,0.18648110314240418,2.086481103142404,0.7624125905184655,0.0,0.0,0.0,4.0,a,,False,True
367,Gakpo,MID,14,LIV,7.0,6,MCI,True,0.762,1.6068076619320342,0.0,0.0,0.15822373994694966,0.0,0.0,0.0,1.4485839219850845,0.20753033451264535,2.1075303345126453,0.7624125905184655,0.0,0.0,0.0,4.0,a,,False,True
368,Szoboszlai,MID,14,LIV,7.0,1,NEW,False,0.729,1.706711340996335,0.16526536368129943,0.0,0.15666051095841324,0.0,0.0,0.0,1.3847854663566224,0.21494663112266543,2.3416995821199165,0.7288344559771697,0.04535059019945025,0.0,0.0,42.0,a,,True,True
368,Szoboszlai,MID,14,LIV,7.0,2,NFO,True,0.729,1.8374604604807885,0.20590649095725094,0.0,0.24676850316691515,0.0,0.0,0.0,1.3847854663566224,0.33857963374696026,2.5210943931255985,0.7288344559771697,0.056502951875727694,0.0,0.0,42.0,a,,True,True
368,Szoboszlai,MID,14,LIV,7.0,3,IPS,False,0.729,1.8286014802990491,0.2153374529023456,0.0,0.22847856104008113,0.0,0.0,0.0,1.3847854663566224,0.31348485128046427,2.5089393967350095,0.7288344559771697,0.0590909090909091,0.0,0.0,42.0,a,,True,True
368,Szoboszlai,MID,14,LIV,7.0,4,FUL,True,0.729,1.8268243462369265,0.1974581306758444,0.0,0.24458074920445982,0.0,0.0,0.0,1.3847854663566224,0.33557791786413727,2.506501073398965,0.7288344559771697,0.05418463110696558,0.0,0.0,42.0,a,,True,True
368,Szoboszlai,MID,14,LIV,7.0,5,BOU,False,0.729,1.6935596332135558,0.17286031349811698,0.0,0.13591385335881662,0.0,0.0,0.0,1.3847854663566224,0.18648110314240418,2.323654733011972,0.7288344559771697,0.04743472597391354,0.0,0.0,42.0,a,,True,True
368,Szoboszlai,MID,14,LIV,7.0,6,MCI,True,0.729,1.7023071037040987,0.16626637889419232,0.0,0.15125525845328391,0.0,0.0,0.0,1.3847854663566224,0.20753033451264535,2.335656732120006,0.7288344559771697,0.04562527952147216,0.0,0.0,42.0,a,,True,True
369,Ngumoha,MID,14,LIV,6.0,1,NEW,False,0.5,1.057108476909567,0.0,0.0,0.10743623621476844,0.0,0.0,0.0,0.9496722406947987,0.21494663112266543,2.1149466311226655,0.49982749510252567,0.0,0.0,0.0,1.2,a,,False,True
369,Ngumoha,MID,14,LIV,6.0,2,NFO,True,0.5,1.1189036509232724,0.0,0.0,0.1692314102284737,0.0,0.0,0.0,0.9496722406947987,0.33857963374696026,2.2385796337469603,0.49982749510252567,0.0,0.0,0.0,1.2,a,,False,True
369,Ngumoha,MID,14,LIV,6.0,3,IPS,False,0.5,1.1063605886629009,0.0,0.0,0.15668834796810224,0.0,0.0,0.0,0.9496722406947987,0.31348485128046427,2.213484851280464,0.49982749510252567,0.0,0.0,0.0,1.2,a,,False,True
369,Ngumoha,MID,14,LIV,6.0,4,FUL,True,0.5,1.1174033107925516,0.0,0.0,0.16773107009775282,0.0,0.0,0.0,0.9496722406947987,0.33557791786413727,2.2355779178641373,0.49982749510252567,0.0,0.0,0.0,1.2,a,,False,True
369,Ngumoha,MID,14,LIV,6.0,5,BOU,False,0.5,1.0428806233624224,0.0,0.0,0.09320838266762362,0.0,0.0,0.0,0.9496722406947987,0.18648110314240418,2.086481103142404,0.49982749510252567,0.0,0.0,0.0,1.2,a,,False,True
369,Ngumoha,MID,14,LIV,6.0,6,MCI,True,0.5,1.0534016079520434,0.0,0.0,0.10372936725724476,0.0,0.0,0.0,0.9496722406947987,0.20753033451264535,2.1075303345126453,0.49982749510252567,0.0,0.0,0.0,1.2,a,,False,True
370,Chiesa,MID,14,LIV,5.5,1,NEW,False,0.298,0.6306819198672106,0.0,0.0,0.06409757673812867,0.0,0.0,0.0,0.5665843431290819,0.21494663112266543,2.1149466311226655,0.29820228585741154,0.0,0.0,0.0,0.1,a,,False,True
370,Chiesa,MID,14,LIV,5.5,2,NFO,True,0.298,0.6675495638571907,0.0,0.0,0.10096522072810875,0.0,0.0,0.0,0.5665843431290819,0.33857963374696026,2.2385796337469603,0.29820228585741154,0.0,0.0,0.0,0.1,a,,False,True
370,Chiesa,MID,14,LIV,5.5,3,IPS,False,0.298,0.660066242362587,0.0,0.0,0.09348189923350515,0.0,0.0,0.0,0.5665843431290819,0.31348485128046427,2.213484851280464,0.29820228585741154,0.0,0.0,0.0,0.1,a,,False,True
370,Chiesa,MID,14,LIV,5.5,4,FUL,True,0.298,0.6666544453194383,0.0,0.0,0.10007010219035643,0.0,0.0,0.0,0.5665843431290819,0.33557791786413727,2.2355779178641373,0.29820228585741154,0.0,0.0,0.0,0.1,a,,False,True
370,Chiesa,MID,14,LIV,5.5,5,BOU,False,0.298,0.6221934343553586,0.0,0.0,0.055609091226276657,0.0,0.0,0.0,0.5665843431290819,0.18648110314240418,2.086481103142404,0.29820228585741154,0.0,0.0,0.0,0.1,a,,False,True
370,Chiesa,MID,14,LIV,5.5,6,MCI,True,0.298,0.628470363265506,0.0,0.0,0.06188602013642411,0.0,0.0,0.0,0.5665843431290819,0.20753033451264535,2.1075303345126453,0.29820228585741154,0.0,0.0,0.0,0.1,a,,False,True
371,Gravenberch,MID,14,LIV,6.0,1,NEW,False,0.409,0.8654336137597998,0.0,0.0,0.08795590252754414,0.0,0.0,0.0,0.7774777112322556,0.21494663112266543,2.1149466311226655,0.4091987953853977,0.0,0.0,0.0,2.0,a,,False,True
371,Gravenberch,MID,14,LIV,6.0,2,NFO,True,0.409,0.916024089503541,0.0,0.0,0.1385463782712853,0.0,0.0,0.0,0.7774777112322556,0.33857963374696026,2.2385796337469603,0.4091987953853977,0.0,0.0,0.0,2.0,a,,False,True
371,Gravenberch,MID,14,LIV,6.0,3,IPS,False,0.409,0.9057553347477921,0.0,0.0,0.12827762351553654,0.0,0.0,0.0,0.7774777112322556,0.31348485128046427,2.213484851280464,0.4091987953853977,0.0,0.0,0.0,2.0,a,,False,True
371,Gravenberch,MID,14,LIV,6.0,4,FUL,True,0.409,0.9147957909802005,0.0,0.0,0.1373180797479449,0.0,0.0,0.0,0.7774777112322556,0.33557791786413727,2.2355779178641373,0.4091987953853977,0.0,0.0,0.0,2.0,a,,False,True
371,Gravenberch,MID,14,LIV,6.0,5,BOU,False,0.409,0.8537855540002675,0.0,0.0,0.07630784276801189,0.0,0.0,0.0,0.7774777112322556,0.18648110314240418,2.086481103142404,0.4091987953853977,0.0,0.0,0.0,2.0,a,,False,True
371,Gravenberch,MID,14,LIV,6.0,6,MCI,True,0.409,0.8623988741207588,0.0,0.0,0.08492116288850311,0.0,0.0,0.0,0.7774777112322556,0.20753033451264535,2.1075303345126453,0.4091987953853977,0.0,0.0,0.0,2.0,a,,False,True
372,Mac Allister,MID,14,LIV,5.5,1,NEW,False,0.279,0.5908111854133975,0.0,0.0,0.060045427182617524,0.0,0.0,0.0,0.53076575823078,0.21494663112266543,2.1149466311226655,0.2793503990688316,0.0,0.0,0.0,1.7,a,,False,True
372,Mac Allister,MID,14,LIV,5.5,2,NFO,True,0.279,0.6253481140345721,0.0,0.0,0.09458235580379218,0.0,0.0,0.0,0.53076575823078,0.33857963374696026,2.2385796337469603,0.2793503990688316,0.0,0.0,0.0,1.7,a,,False,True
372,Mac Allister,MID,14,LIV,5.5,3,IPS,False,0.279,0.618337876538011,0.0,0.0,0.08757211830723101,0.0,0.0,0.0,0.53076575823078,0.31348485128046427,2.213484851280464,0.2793503990688316,0.0,0.0,0.0,1.7,a,,False,True
372,Mac Allister,MID,14,LIV,5.5,4,FUL,True,0.279,0.6245095835048143,0.0,0.0,0.09374382527403433,0.0,0.0,0.0,0.53076575823078,0.33557791786413727,2.2355779178641373,0.2793503990688316,0.0,0.0,0.0,1.7,a,,False,True
372,Mac Allister,MID,14,LIV,5.5,5,BOU,False,0.279,0.5828593288124065,0.0,0.0,0.05209357058162655,0.0,0.0,0.0,0.53076575823078,0.18648110314240418,2.086481103142404,0.2793503990688316,0.0,0.0,0.0,1.7,a,,False,True
372,Mac Allister,MID,14,LIV,5.5,6,MCI,True,0.279,0.5887394399957756,0.0,0.0,0.057973681764995594,0.0,0.0,0.0,0.53076575823078,0.20753033451264535,2.1075303345126453,0.2793503990688316,0.0,0.0,0.0,1.7,a,,False,True
373,C.Jones,MID,14,LIV,5.5,1,NEW,False,0.205,0.4325886666536325,0.0,0.0,0.04396492809356902,0.0,0.0,0.0,0.3886237385600635,0.21494663112266543,2.1149466311226655,0.272718413024606,0.0,0.0,0.0,0.0,d,Hip injury - 75% chance of playing,False,True
373,C.Jones,MID,14,LIV,5.5,2,NFO,True,0.205,0.45787641385850597,0.0,0.0,0.06925267529844249,0.0,0.0,0.0,0.3886237385600635,0.33857963374696026,2.2385796337469603,0.272718413024606,0.0,0.0,0.0,0.0,d,Hip injury - 75% chance of playing,False,True
373,C.Jones,MID,14,LIV,5.5,3,IPS,False,0.245,0.5432922683056928,0.0,0.0,0.07694378203361656,0.0,0.0,0.0,0.4663484862720762,0.31348485128046427,2.213484851280464,0.272718413024606,0.0,0.0,0.0,0.0,d,Hip injury - 75% chance of playing,False,True
373,C.Jones,MID,14,LIV,5.5,4,FUL,True,0.245,0.5487149357574844,0.0,0.0,0.08236644948540818,0.0,0.0,0.0,0.4663484862720762,0.33557791786413727,2.2355779178641373,0.272718413024606,0.0,0.0,0.0,0.0,d,Hip injury - 75% chance of playing,False,True
373,C.Jones,MID,14,LIV,5.5,5,BOU,False,0.245,0.5121196337293431,0.0,0.0,0.045771147457266896,0.0,0.0,0.0,0.4663484862720762,0.18648110314240418,2.086481103142404,0.272718413024606,0.0,0.0,0.0,0.0,d,Hip injury - 75% chance of playing,False,True
373,C.Jones,MID,14,LIV,5.5,6,MCI,True,0.245,0.517286095406555,0.0,0.0,0.050937609134478826,0.0,0.0,0.0,0.4663484862720762,0.20753033451264535,2.1075303345126453,0.272718413024606,0.0,0.0,0.0,0.0,d,Hip injury - 75% chance of playing,False,True
374,Endo,MID,14,LIV,5.0,1,NEW,False,0.153,0.32398332270953656,0.0,0.0,0.03292713051552326,0.0,0.0,0.0,0.2910561921940133,0.21494663112266543,2.1149466311226655,0.1531874695757965,0.0,0.0,0.0,0.1,a,,False,True
374,Endo,MID,14,LIV,5.0,2,NFO,True,0.153,0.3429223495376101,0.0,0.0,0.05186615734359679,0.0,0.0,0.0,0.2910561921940133,0.33857963374696026,2.2385796337469603,0.1531874695757965,0.0,0.0,0.0,0.1,a,,False,True
374,Endo,MID,14,LIV,5.0,3,IPS,False,0.153,0.3390781433120125,0.0,0.0,0.04802195111799921,0.0,0.0,0.0,0.2910561921940133,0.31348485128046427,2.213484851280464,0.1531874695757965,0.0,0.0,0.0,0.1,a,,False,True
374,Endo,MID,14,LIV,5.0,4,FUL,True,0.153,0.34246252427713497,0.0,0.0,0.05140633208312166,0.0,0.0,0.0,0.2910561921940133,0.33557791786413727,2.2355779178641373,0.1531874695757965,0.0,0.0,0.0,0.1,a,,False,True
374,Endo,MID,14,LIV,5.0,5,BOU,False,0.153,0.3196227605081013,0.0,0.0,0.028566568314088006,0.0,0.0,0.0,0.2910561921940133,0.18648110314240418,2.086481103142404,0.1531874695757965,0.0,0.0,0.0,0.1,a,,False,True
374,Endo,MID,14,LIV,5.0,6,MCI,True,0.153,0.32284723899822404,0.0,0.0,0.03179104680421073,0.0,0.0,0.0,0.2910561921940133,0.20753033451264535,2.1075303345126453,0.1531874695757965,0.0,0.0,0.0,0.1,a,,False,True
375,Nyoni,MID,14,LIV,5.0,1,NEW,False,0.153,0.3234664668662163,0.0,0.0,0.03287460133078502,0.0,0.0,0.0,0.29059186553543126,0.21494663112266543,2.1149466311226655,0.1529430871239112,0.0,0.0,0.0,0.0,a,,False,True
375,Nyoni,MID,14,LIV,5.0,2,NFO,True,0.153,0.34237527995797457,0.0,0.0,0.051783414422543285,0.0,0.0,0.0,0.29059186553543126,0.33857963374696026,2.2385796337469603,0.1529430871239112,0.0,0.0,0.0,0.0,a,,False,True
375,Nyoni,MID,14,LIV,5.0,3,IPS,False,0.153,0.33853720645684565,0.0,0.0,0.04794534092141439,0.0,0.0,0.0,0.29059186553543126,0.31348485128046427,2.213484851280464,0.1529430871239112,0.0,0.0,0.0,0.0,a,,False,True
375,Nyoni,MID,14,LIV,5.0,4,FUL,True,0.153,0.34191618826418674,0.0,0.0,0.05132432272875546,0.0,0.0,0.0,0.29059186553543126,0.33557791786413727,2.2355779178641373,0.1529430871239112,0.0,0.0,0.0,0.0,a,,False,True
375,Nyoni,MID,14,LIV,5.0,5,BOU,False,0.153,0.3191128611403031,0.0,0.0,0.028520995604871792,0.0,0.0,0.0,0.29059186553543126,0.18648110314240418,2.086481103142404,0.1529430871239112,0.0,0.0,0.0,0.0,a,,False,True
375,Nyoni,MID,14,LIV,5.0,6,MCI,True,0.153,0.3223321955676532,0.0,0.0,0.03174033003222195,0.0,0.0,0.0,0.29059186553543126,0.20753033451264535,2.1075303345126453,0.1529430871239112,0.0,0.0,0.0,0.0,a,,False,True
376,Bajcetic,MID,14,LIV,5.0,1,NEW,False,0.0,0.0,0.0,0.0,0.0,0.0,0.0,0.0,0.0,0.21494663112266543,2.1149466311226655,0.15286257273076398,0.0,0.0,0.0,0.0,i,Hamstring injury - Unknown return date,False,True
376,Bajcetic,MID,14,LIV,5.0,2,NFO,True,0.0,0.0,0.0,0.0,0.0,0.0,0.0,0.0,0.0,0.33857963374696026,2.2385796337469603,0.15286257273076398,0.0,0.0,0.0,0.0,i,Hamstring injury - Unknown return date,False,True
376,Bajcetic,MID,14,LIV,5.0,3,IPS,False,0.092,0.20301539344038252,0.0,0.0,0.028752060527311617,0.0,0.0,0.0,0.17426333291307092,0.31348485128046427,2.213484851280464,0.15286257273076398,0.0,0.0,0.0,0.0,i,Hamstring injury - Unknown return date,False,True
376,Bajcetic,MID,14,LIV,5.0,4,FUL,True,0.092,0.20504171523887793,0.0,0.0,0.030778382325807013,0.0,0.0,0.0,0.17426333291307092,0.33557791786413727,2.2355779178641373,0.15286257273076398,0.0,0.0,0.0,0.0,i,Hamstring injury - Unknown return date,False,True
376,Bajcetic,MID,14,LIV,5.0,5,BOU,False,0.092,0.19136692162828223,0.0,0.0,0.017103588715211313,0.0,0.0,0.0,0.17426333291307092,0.18648110314240418,2.086481103142404,0.15286257273076398,0.0,0.0,0.0,0.0,i,Hamstring injury - Unknown return date,False,True
376,Bajcetic,MID,14,LIV,5.0,6,MCI,True,0.092,0.19329750542503832,0.0,0.0,0.019034172511967415,0.0,0.0,0.0,0.17426333291307092,0.20753033451264535,2.1075303345126453,0.15286257273076398,0.0,0.0,0.0,0.0,i,Hamstring injury - Unknown return date,False,True
377,Munoz,MID,14,LIV,6.5,1,NEW,False,0.64,1.3528727656050454,0.0,0.0,0.1374954048604274,0.0,0.0,0.0,1.215377360744618,0.21494663112266543,2.1149466311226655,0.6396722951287463,0.0,0.0,0.0,0.6,a,,False,True
377,Munoz,MID,14,LIV,6.5,2,NFO,True,0.64,1.4319573721473866,0.0,0.0,0.21658001140276842,0.0,0.0,0.0,1.215377360744618,0.33857963374696026,2.2385796337469603,0.6396722951287463,0.0,0.0,0.0,0.6,a,,False,True
377,Munoz,MID,14,LIV,6.5,3,IPS,False,0.64,1.4159049350512865,0.0,0.0,0.2005275743066683,0.0,0.0,0.0,1.215377360744618,0.31348485128046427,2.213484851280464,0.6396722951287463,0.0,0.0,0.0,0.6,a,,False,True
377,Munoz,MID,14,LIV,6.5,4,FUL,True,0.64,1.4300372576592968,0.0,0.0,0.21465989691467863,0.0,0.0,0.0,1.215377360744618,0.33557791786413727,2.2355779178641373,0.6396722951287463,0.0,0.0,0.0,0.6,a,,False,True
377,Munoz,MID,14,LIV,6.5,5,BOU,False,0.64,1.3346641559898602,0.0,0.0,0.11928679524524216,0.0,0.0,0.0,1.215377360744618,0.18648110314240418,2.086481103142404,0.6396722951287463,0.0,0.0,0.0,0.6,a,,False,True
377,Munoz,MID,14,LIV,6.5,6,MCI,True,0.64,1.3481287661311585,0.0,0.0,0.13275140538654034,0.0,0.0,0.0,1.215377360744618,0.20753033451264535,2.1075303345126453,0.6396722951287463,0.0,0.0,0.0,0.6,a,,False,True
378,McConnell,MID,14,LIV,4.5,1,NEW,False,0.041,0.08652914233101115,0.0,0.0,0.008794145140254242,0.0,0.0,0.0,0.07773499719075691,0.21494663112266543,2.1149466311226655,0.04091315641618785,0.0,0.0,0.0,0.3,a,,False,True
378,McConnell,MID,14,LIV,4.5,2,NFO,True,0.041,0.09158735870558189,0.0,0.0,0.013852361514824978,0.0,0.0,0.0,0.07773499719075691,0.33857963374696026,2.2385796337469603,0.04091315641618785,0.0,0.0,0.0,0.3,a,,False,True
378,McConnell,MID,14,LIV,4.5,3,IPS,False,0.041,0.09056065194529993,0.0,0.0,0.01282565475454302,0.0,0.0,0.0,0.07773499719075691,0.31348485128046427,2.213484851280464,0.04091315641618785,0.0,0.0,0.0,0.3,a,,False,True
378,McConnell,MID,14,LIV,4.5,4,FUL,True,0.041,0.091464549034151,0.0,0.0,0.013729551843394087,0.0,0.0,0.0,0.07773499719075691,0.33557791786413727,2.2355779178641373,0.04091315641618785,0.0,0.0,0.0,0.3,a,,False,True
378,McConnell,MID,14,LIV,4.5,5,BOU,False,0.041,0.08536452773228535,0.0,0.0,0.007629530541528442,0.0,0.0,0.0,0.07773499719075691,0.18648110314240418,2.086481103142404,0.04091315641618785,0.0,0.0,0.0,0.3,a,,False,True
378,McConnell,MID,14,LIV,4.5,6,MCI,True,0.041,0.08622571822777655,0.0,0.0,0.008490721037019646,0.0,0.0,0.0,0.07773499719075691,0.20753033451264535,2.1075303345126453,0.04091315641618785,0.0,0.0,0.0,0.3,a,,False,True
379,Isak,FWD,14,LIV,9.0,1,NEW,False,0.705,1.3387250915484075,0.0,0.0,0.0,0.0,0.0,0.0,1.3387250915484075,0.21494663112266543,1.9,0.7045921534465303,0.0,0.0,0.0,17.0,a,,False,True
379,Isak,FWD,14,LIV,9.0,2,NFO,True,0.705,1.3387250915484075,0.0,0.0,0.0,0.0,0.0,0.0,1.3387250915484075,0.33857963374696026,1.9,0.7045921534465303,0.0,0.0,0.0,17.0,a,,False,True
379,Isak,FWD,14,LIV,9.0,3,IPS,False,0.705,1.3387250915484075,0.0,0.0,0.0,0.0,0.0,0.0,1.3387250915484075,0.31348485128046427,1.9,0.7045921534465303,0.0,0.0,0.0,17.0,a,,False,True
379,Isak,FWD,14,LIV,9.0,4,FUL,True,0.705,1.3387250915484075,0.0,0.0,0.0,0.0,0.0,0.0,1.3387250915484075,0.33557791786413727,1.9,0.7045921534465303,0.0,0.0,0.0,17.0,a,,False,True
379,Isak,FWD,14,LIV,9.0,5,BOU,False,0.705,1.3387250915484075,0.0,0.0,0.0,0.0,0.0,0.0,1.3387250915484075,0.18648110314240418,1.9,0.7045921534465303,0.0,0.0,0.0,17.0,a,,False,True
379,Isak,FWD,14,LIV,9.0,6,MCI,True,0.705,1.3387250915484075,0.0,0.0,0.0,0.0,0.0,0.0,1.3387250915484075,0.20753033451264535,1.9,0.7045921534465303,0.0,0.0,0.0,17.0,a,,False,True
380,Ekitiké,FWD,14,LIV,7.5,1,NEW,False,0.0,0.0,0.0,0.0,0.0,0.0,0.0,0.0,0.0,0.21494663112266543,1.9,0.5868027446851792,0.0,0.0,0.0,0.2,i,Achilles injury - Unknown return date,False,True
380,Ekitiké,FWD,14,LIV,7.5,2,NFO,True,0.0,0.0,0.0,0.0,0.0,0.0,0.0,0.0,0.0,0.33857963374696026,1.9,0.5868027446851792,0.0,0.0,0.0,0.2,i,Achilles injury - Unknown return date,False,True
380,Ekitiké,FWD,14,LIV,7.5,3,IPS,False,0.352,0.6689551289411043,0.0,0.0,0.0,0.0,0.0,0.0,0.6689551289411043,0.31348485128046427,1.9,0.5868027446851792,0.0,0.0,0.0,0.2,i,Achilles injury - Unknown return date,False,True
380,Ekitiké,FWD,14,LIV,7.5,4,FUL,True,0.352,0.6689551289411043,0.0,0.0,0.0,0.0,0.0,0.0,0.6689551289411043,0.33557791786413727,1.9,0.5868027446851792,0.0,0.0,0.0,0.2,i,Achilles injury - Unknown return date,False,True
380,Ekitiké,FWD,14,LIV,7.5,5,BOU,False,0.352,0.6689551289411043,0.0,0.0,0.0,0.0,0.0,0.0,0.6689551289411043,0.18648110314240418,1.9,0.5868027446851792,0.0,0.0,0.0,0.2,i,Achilles injury - Unknown return date,False,True
380,Ekitiké,FWD,14,LIV,7.5,6,MCI,True,0.352,0.6689551289411043,0.0,0.0,0.0,0.0,0.0,0.0,0.6689551289411043,0.20753033451264535,1.9,0.5868027446851792,0.0,0.0,0.0,0.2,i,Achilles injury - Unknown return date,False,True
381,Koumas,MID,14,LIV,5.0,1,NEW,False,0.153,0.32324011203673936,0.0,0.0,0.03285159639660917,0.0,0.0,0.0,0.2903885156401302,0.21494663112266543,2.1149466311226655,0.15283606086322643,0.0,0.0,0.0,0.0,a,,False,True
381,Koumas,MID,14,LIV,5.0,2,NFO,True,0.153,0.3421356931505295,0.0,0.0,0.05174717751039933,0.0,0.0,0.0,0.2903885156401302,0.33857963374696026,2.2385796337469603,0.15283606086322643,0.0,0.0,0.0,0.0,a,,False,True
381,Koumas,MID,14,LIV,5.0,3,IPS,False,0.153,0.3383003054501307,0.0,0.0,0.04791178981000052,0.0,0.0,0.0,0.2903885156401302,0.31348485128046427,2.213484851280464,0.15283606086322643,0.0,0.0,0.0,0.0,a,,False,True
381,Koumas,MID,14,LIV,5.0,4,FUL,True,0.153,0.3416769227191683,0.0,0.0,0.05128840707903808,0.0,0.0,0.0,0.2903885156401302,0.33557791786413727,2.2355779178641373,0.15283606086322643,0.0,0.0,0.0,0.0,a,,False,True
381,Koumas,MID,14,LIV,5.0,5,BOU,False,0.153,0.3188895528698443,0.0,0.0,0.02850103722971409,0.0,0.0,0.0,0.2903885156401302,0.18648110314240418,2.086481103142404,0.15283606086322643,0.0,0.0,0.0,0.0,a,,False,True
381,Koumas,MID,14,LIV,5.0,6,MCI,True,0.153,0.3221066344766706,0.0,0.0,0.0317181188365404,0.0,0.0,0.0,0.2903885156401302,0.20753033451264535,2.1075303345126453,0.15283606086322643,0.0,0.0,0.0,0.0,a,,False,True
382,Danns,FWD,14,LIV,4.5,1,NEW,False,0.0,0.0,0.0,0.0,0.0,0.0,0.0,0.0,0.0,0.21494663112266543,1.9,0.16535056209027144,0.0,0.0,0.0,0.0,i,Unspecified injury - Unknown return date,False,True
382,Danns,FWD,14,LIV,4.5,2,NFO,True,0.0,0.0,0.0,0.0,0.0,0.0,0.0,0.0,0.0,0.33857963374696026,1.9,0.16535056209027144,0.0,0.0,0.0,0.0,i,Unspecified injury - Unknown return date,False,True
382,Danns,FWD,14,LIV,4.5,3,IPS,False,0.099,0.1884996407829094,0.0,0.0,0.0,0.0,0.0,0.0,0.1884996407829094,0.31348485128046427,1.9,0.16535056209027144,0.0,0.0,0.0,0.0,i,Unspecified injury - Unknown return date,False,True
382,Danns,FWD,14,LIV,4.5,4,FUL,True,0.099,0.1884996407829094,0.0,0.0,0.0,0.0,0.0,0.0,0.1884996407829094,0.33557791786413727,1.9,0.16535056209027144,0.0,0.0,0.0,0.0,i,Unspecified injury - Unknown return date,False,True
382,Danns,FWD,14,LIV,4.5,5,BOU,False,0.099,0.1884996407829094,0.0,0.0,0.0,0.0,0.0,0.0,0.1884996407829094,0.18648110314240418,1.9,0.16535056209027144,0.0,0.0,0.0,0.0,i,Unspecified injury - Unknown return date,False,True
382,Danns,FWD,14,LIV,4.5,6,MCI,True,0.099,0.1884996407829094,0.0,0.0,0.0,0.0,0.0,0.0,0.1884996407829094,0.20753033451264535,1.9,0.16535056209027144,0.0,0.0,0.0,0.0,i,Unspecified injury - Unknown return date,False,True
383,Elliott,MID,14,LIV,5.5,1,NEW,False,0.27,0.5720625846753136,0.0,0.0,0.0581399660671397,0.0,0.0,0.0,0.5139226186081739,0.21494663112266543,2.1149466311226655,0.27048558874114415,0.0,0.0,0.0,0.1,a,,False,True
383,Elliott,MID,14,LIV,5.5,2,NFO,True,0.27,0.6055035301779814,0.0,0.0,0.09158091156980751,0.0,0.0,0.0,0.5139226186081739,0.33857963374696026,2.2385796337469603,0.27048558874114415,0.0,0.0,0.0,0.1,a,,False,True
383,Elliott,MID,14,LIV,5.5,3,IPS,False,0.27,0.5987157531682002,0.0,0.0,0.08479313456002639,0.0,0.0,0.0,0.5139226186081739,0.31348485128046427,2.213484851280464,0.27048558874114415,0.0,0.0,0.0,0.1,a,,False,True
383,Elliott,MID,14,LIV,5.5,4,FUL,True,0.27,0.6046916092901824,0.0,0.0,0.09076899068200849,0.0,0.0,0.0,0.5139226186081739,0.33557791786413727,2.2355779178641373,0.27048558874114415,0.0,0.0,0.0,0.1,a,,False,True
383,Elliott,MID,14,LIV,5.5,5,BOU,False,0.27,0.5643630695807451,0.0,0.0,0.05044045097257122,0.0,0.0,0.0,0.5139226186081739,0.18648110314240418,2.086481103142404,0.27048558874114415,0.0,0.0,0.0,0.1,a,,False,True
383,Elliott,MID,14,LIV,5.5,6,MCI,True,0.27,0.5700565833204734,0.0,0.0,0.056133964712299464,0.0,0.0,0.0,0.5139226186081739,0.20753033451264535,2.1075303345126453,0.27048558874114415,0.0,0.0,0.0,0.1,a,,False,True
579,Araujo,DEF,14,LIV,5.5,1,NEW,False,0.639,1.425818579693803,0.0,0.0,0.5498066143627267,0.0,0.0,0.0,1.214990625618402,0.21494663112266543,2.229692348481602,0.6394687503254748,0.0,0.0,0.0,2.7,a,,False,True
579,Araujo,DEF,14,LIV,5.5,2,NFO,True,0.639,1.8763102223410457,0.0,0.0,0.8660443811113026,0.0,0.0,0.0,1.214990625618402,0.33857963374696026,2.934170311506305,0.6394687503254748,0.0,0.0,0.0,2.7,a,,False,True
579,Araujo,DEF,14,LIV,5.5,3,IPS,False,0.639,1.7901188248911029,0.0,0.0,0.8018550643771432,0.0,0.0,0.0,1.214990625618402,0.31348485128046427,2.7993843701978776,0.6394687503254748,0.0,0.0,0.0,2.7,a,,False,True
579,Araujo,DEF,14,LIV,5.5,4,FUL,True,0.639,1.8661088227724185,0.0,0.0,0.8583663670936187,0.0,0.0,0.0,1.214990625618402,0.33557791786413727,2.918217382511049,0.6394687503254748,0.0,0.0,0.0,2.7,a,,False,True
579,Araujo,DEF,14,LIV,5.5,5,BOU,False,0.639,1.3094980998707697,0.0,0.0,0.4769953519431567,0.0,0.0,0.0,1.214990625618402,0.18648110314240418,2.0477906061934465,0.6394687503254748,0.0,0.0,0.0,2.7,a,,False,True
579,Araujo,DEF,14,LIV,5.5,6,MCI,True,0.639,1.3961397232391193,0.0,0.0,0.5308366546617163,0.0,0.0,0.0,1.214990625618402,0.20753033451264535,2.183280609925843,0.6394687503254748,0.0,0.0,0.0,2.7,a,,False,True
238,Grealish,MID,15,MCI,6.5,1,BOU,True,0.533,1.1708608857961644,0.0,0.0,0.15898962422854515,0.0,0.0,0.0,1.0118712615676193,0.29853628372273816,2.198536283722738,0.5325638218776944,0.0,0.0,0.0,0.2,a,,False,True
238,Grealish,MID,15,MCI,6.5,2,CRY,False,0.533,1.1622938791483741,0.0,0.0,0.15042261758075479,0.0,0.0,0.0,1.0118712615676193,0.2824499363295091,2.182449936329509,0.5325638218776944,0.0,0.0,0.0,0.2,a,,False,True
238,Grealish,MID,15,MCI,6.5,3,COV,True,0.533,1.2429416605535886,0.0,0.0,0.23107039898596918,0.0,0.0,0.0,1.0118712615676193,0.4338830192619346,2.3338830192619344,0.5325638218776944,0.0,0.0,0.0,0.2,a,,False,True
238,Grealish,MID,15,MCI,6.5,4,MUN,False,0.533,1.1289509485663534,0.0,0.0,0.11707968699873414,0.0,0.0,0.0,1.0118712615676193,0.21984160806481146,2.1198416080648115,0.5325638218776944,0.0,0.0,0.0,0.2,a,,False,True
238,Grealish,MID,15,MCI,6.5,5,SUN,True,0.533,1.2487538237869766,0.0,0.0,0.23688256221935738,0.0,0.0,0.0,1.0118712615676193,0.4447965717689297,2.3447965717689296,0.5325638218776944,0.0,0.0,0.0,0.2,a,,False,True
238,Grealish,MID,15,MCI,6.5,6,LIV,False,0.533,1.1400886734504385,0.0,0.0,0.12821741188281915,0.0,0.0,0.0,1.0118712615676193,0.24075501679921632,2.140755016799216,0.5325638218776944,0.0,0.0,0.0,0.2,a,,False,True
384,Donnarumma,GK,15,MCI,5.5,1,BOU,True,0.645,1.7516387869786623,0.0,0.0,0.7697320118112115,0.0,0.0,0.0,1.224717816712333,0.29853628372273816,2.7174534818098266,0.6445883245854385,0.0,0.0,0.0,8.3,a,,False,True
384,Donnarumma,GK,15,MCI,5.5,2,CRY,False,0.645,1.6938224837566933,0.0,0.0,0.7282557249516082,0.0,0.0,0.0,1.224717816712333,0.2824499363295091,2.6277585540291333,0.6445883245854385,0.0,0.0,0.0,8.3,a,,False,True
384,Donnarumma,GK,15,MCI,5.5,3,COV,True,0.645,2.205123346082027,0.0,0.0,1.1187037138084879,0.0,0.0,0.0,1.224717816712333,0.4338830192619346,3.420979347555253,0.6445883245854385,0.0,0.0,0.0,8.3,a,,False,True
384,Donnarumma,GK,15,MCI,5.5,4,MUN,False,0.645,1.456759334008267,0.0,0.0,0.5668293352666617,0.0,0.0,0.0,1.224717816712333,0.21984160806481146,2.259984052527122,0.6445883245854385,0.0,0.0,0.0,8.3,a,,False,True
384,Donnarumma,GK,15,MCI,5.5,5,SUN,True,0.645,2.239723324757643,0.0,0.0,1.1468427079115247,0.0,0.0,0.0,1.224717816712333,0.4447965717689297,3.4746569854458693,0.6445883245854385,0.0,0.0,0.0,8.3,a,,False,True
384,Donnarumma,GK,15,MCI,5.5,6,LIV,False,0.645,1.5383864788221837,0.0,0.0,0.6207514916565837,0.0,0.0,0.0,1.224717816712333,0.24075501679921632,2.3866185907285615,0.6445883245854385,0.0,0.0,0.0,8.3,a,,False,True
386,Bettinelli,GK,15,MCI,4.5,1,BOU,True,0.293,0.796994629751444,0.0,0.0,0.3502276178866001,0.0,0.0,0.0,0.5572458946083688,0.29853628372273816,2.7174534818098266,0.29328731295177307,0.0,0.0,0.0,0.0,a,,False,True
386,Bettinelli,GK,15,MCI,4.5,2,CRY,False,0.293,0.7706882453972411,0.0,0.0,0.33135593147792447,0.0,0.0,0.0,0.5572458946083688,0.2824499363295091,2.6277585540291333,0.29328731295177307,0.0,0.0,0.0,0.0,a,,False,True
386,Bettinelli,GK,15,MCI,4.5,3,COV,True,0.293,1.00332984050799,0.0,0.0,0.5090095394189408,0.0,0.0,0.0,0.5572458946083688,0.4338830192619346,3.420979347555253,0.29328731295177307,0.0,0.0,0.0,0.0,a,,False,True
386,Bettinelli,GK,15,MCI,4.5,4,MUN,False,0.293,0.6628246500795384,0.0,0.0,0.2579070180173016,0.0,0.0,0.0,0.5572458946083688,0.21984160806481146,2.259984052527122,0.29328731295177307,0.0,0.0,0.0,0.0,a,,False,True
386,Bettinelli,GK,15,MCI,4.5,5,SUN,True,0.293,1.0190728106905271,0.0,0.0,0.5218127653770795,0.0,0.0,0.0,0.5572458946083688,0.4447965717689297,3.4746569854458693,0.29328731295177307,0.0,0.0,0.0,0.0,a,,False,True
386,Bettinelli,GK,15,MCI,4.5,6,LIV,False,0.293,0.6999649535155273,0.0,0.0,0.2824415678268046,0.0,0.0,0.0,0.5572458946083688,0.24075501679921632,2.3866185907285615,0.29328731295177307,0.0,0.0,0.0,0.0,a,,False,True
387,O'Reilly,DEF,15,MCI,6.5,1,BOU,True,0.79,2.1477736871502904,0.0,0.0,0.9438076922108687,0.0,0.0,0.0,1.5016890014498996,0.29853628372273816,2.7174534818098266,0.7903626323420525,0.0,0.0,0.0,21.3,a,,False,True
387,O'Reilly,DEF,15,MCI,6.5,2,CRY,False,0.79,2.0768821679218115,0.0,0.0,0.8929515007289438,0.0,0.0,0.0,1.5016890014498996,0.2824499363295091,2.6277585540291333,0.7903626323420525,0.0,0.0,0.0,21.3,a,,False,True
387,O'Reilly,DEF,15,MCI,6.5,3,COV,True,0.79,2.7038142423215668,0.0,0.0,1.3716997009295204,0.0,0.0,0.0,1.5016890014498996,0.4338830192619346,3.420979347555253,0.7903626323420525,0.0,0.0,0.0,21.3,a,,False,True
387,O'Reilly,DEF,15,MCI,6.5,4,MUN,False,0.79,1.7862069448063955,0.0,0.0,0.6950183681936567,0.0,0.0,0.0,1.5016890014498996,0.21984160806481146,2.259984052527122,0.7903626323420525,0.0,0.0,0.0,21.3,a,,False,True
387,O'Reilly,DEF,15,MCI,6.5,5,SUN,True,0.79,2.7462390415026983,0.0,0.0,1.406202357280048,0.0,0.0,0.0,1.5016890014498996,0.4447965717689297,3.4746569854458693,0.7903626323420525,0.0,0.0,0.0,21.3,a,,False,True
387,O'Reilly,DEF,15,MCI,6.5,6,LIV,False,0.79,1.8862941517647056,0.0,0.0,0.7611350753079348,0.0,0.0,0.0,1.5016890014498996,0.24075501679921632,2.3866185907285615,0.7903626323420525,0.0,0.0,0.0,21.3,a,,False,True
388,Guéhi,DEF,15,MCI,6.0,1,BOU,True,0.771,2.0941986961650447,0.0,0.0,0.9202649470396617,0.0,0.0,0.0,1.464230224858746,0.29853628372273816,2.7174534818098266,0.7706474867677611,0.0,0.0,0.0,17.6,a,,False,True
388,Guéhi,DEF,15,MCI,6.0,2,CRY,False,0.771,2.0250755254950374,0.0,0.0,0.8706773342802013,0.0,0.0,0.0,1.464230224858746,0.2824499363295091,2.6277585540291333,0.7706474867677611,0.0,0.0,0.0,17.6,a,,False,True
388,Guéhi,DEF,15,MCI,6.0,3,COV,True,0.771,2.636369136477871,0.0,0.0,1.3374834333816719,0.0,0.0,0.0,1.464230224858746,0.4338830192619346,3.420979347555253,0.7706474867677611,0.0,0.0,0.0,17.6,a,,False,True
388,Guéhi,DEF,15,MCI,6.0,4,MUN,False,0.771,1.7416510302152464,0.0,0.0,0.6776815309685204,0.0,0.0,0.0,1.464230224858746,0.21984160806481146,2.259984052527122,0.7706474867677611,0.0,0.0,0.0,17.6,a,,False,True
388,Guéhi,DEF,15,MCI,6.0,5,SUN,True,0.771,2.6777356732139044,0.0,0.0,1.371125440626567,0.0,0.0,0.0,1.464230224858746,0.4447965717689297,3.4746569854458693,0.7706474867677611,0.0,0.0,0.0,17.6,a,,False,True
388,Guéhi,DEF,15,MCI,6.0,6,LIV,False,0.771,1.839241618818182,0.0,0.0,0.7421489944921846,0.0,0.0,0.0,1.464230224858746,0.24075501679921632,2.3866185907285615,0.7706474867677611,0.0,0.0,0.0,17.6,a,,False,True
389,Matheus N.,DEF,15,MCI,6.0,1,BOU,True,0.737,2.002951677543121,0.0,0.0,0.8801677810384593,0.0,0.0,0.0,1.4004317692302837,0.29853628372273816,2.7174534818098266,0.7370693522264651,0.0,0.0,0.0,1.6,a,,False,True
389,Matheus N.,DEF,15,MCI,6.0,2,CRY,False,0.737,1.936840295225806,0.0,0.0,0.8327407664271903,0.0,0.0,0.0,1.4004317692302837,0.2824499363295091,2.6277585540291333,0.7370693522264651,0.0,0.0,0.0,1.6,a,,False,True
389,Matheus N.,DEF,15,MCI,6.0,3,COV,True,0.737,2.5214990316826658,0.0,0.0,1.279207503797828,0.0,0.0,0.0,1.4004317692302837,0.4338830192619346,3.420979347555253,0.7370693522264651,0.0,0.0,0.0,1.6,a,,False,True
389,Matheus N.,DEF,15,MCI,6.0,4,MUN,False,0.737,1.6657649816383073,0.0,0.0,0.64815404659502,0.0,0.0,0.0,1.4004317692302837,0.21984160806481146,2.259984052527122,0.7370693522264651,0.0,0.0,0.0,1.6,a,,False,True
389,Matheus N.,DEF,15,MCI,6.0,5,SUN,True,0.737,2.561063173471749,0.0,0.0,1.3113836841051096,0.0,0.0,0.0,1.4004317692302837,0.4447965717689297,3.4746569854458693,0.7370693522264651,0.0,0.0,0.0,1.6,a,,False,True
389,Matheus N.,DEF,15,MCI,6.0,6,LIV,False,0.737,1.7591034186799401,0.0,0.0,0.7098125771098803,0.0,0.0,0.0,1.4004317692302837,0.24075501679921632,2.3866185907285615,0.7370693522264651,0.0,0.0,0.0,1.6,a,,False,True
390,Rúben,DEF,15,MCI,5.5,1,BOU,True,0.639,1.73772658208054,0.0,0.0,0.763618497115963,0.0,0.0,0.0,1.214990625618402,0.29853628372273816,2.7174534818098266,0.6394687503254748,0.0,0.0,0.0,1.8,a,,False,True
390,Rúben,DEF,15,MCI,5.5,2,CRY,False,0.639,1.6803694787020864,0.0,0.0,0.7224716312565644,0.0,0.0,0.0,1.214990625618402,0.2824499363295091,2.6277585540291333,0.6394687503254748,0.0,0.0,0.0,1.8,a,,False,True
390,Rúben,DEF,15,MCI,5.5,3,COV,True,0.639,2.1876093882704155,0.0,0.0,1.109818528459493,0.0,0.0,0.0,1.214990625618402,0.4338830192619346,3.420979347555253,0.6394687503254748,0.0,0.0,0.0,1.8,a,,False,True
390,Rúben,DEF,15,MCI,5.5,4,MUN,False,0.639,1.4451891778250208,0.0,0.0,0.5623273535149912,0.0,0.0,0.0,1.214990625618402,0.21984160806481146,2.259984052527122,0.6394687503254748,0.0,0.0,0.0,1.8,a,,False,True
390,Rúben,DEF,15,MCI,5.5,5,SUN,True,0.639,2.221934560292752,0.0,0.0,1.1377340315925315,0.0,0.0,0.0,1.214990625618402,0.4447965717689297,3.4746569854458693,0.6394687503254748,0.0,0.0,0.0,1.8,a,,False,True
390,Rúben,DEF,15,MCI,5.5,6,LIV,False,0.639,1.526168007716739,0.0,0.0,0.6158212389087342,0.0,0.0,0.0,1.214990625618402,0.24075501679921632,2.3866185907285615,0.6394687503254748,0.0,0.0,0.0,1.8,a,,False,True
391,Gvardiol,DEF,15,MCI,5.5,1,BOU,True,0.532,1.4466642885131338,0.0,0.0,0.6357154348776214,0.0,0.0,0.0,1.011484526441403,0.29853628372273816,2.7174534818098266,0.5323602770744227,0.0,0.0,0.0,11.6,a,,False,True
391,Gvardiol,DEF,15,MCI,5.5,2,CRY,False,0.532,1.3989142719076337,0.0,0.0,0.6014605054561221,0.0,0.0,0.0,1.011484526441403,0.2824499363295091,2.6277585540291333,0.5323602770744227,0.0,0.0,0.0,11.6,a,,False,True
391,Gvardiol,DEF,15,MCI,5.5,3,COV,True,0.532,1.821193513330392,0.0,0.0,0.9239283374086824,0.0,0.0,0.0,1.011484526441403,0.4338830192619346,3.420979347555253,0.5323602770744227,0.0,0.0,0.0,11.6,a,,False,True
391,Gvardiol,DEF,15,MCI,5.5,4,MUN,False,0.532,1.2031257363871153,0.0,0.0,0.46813975752747866,0.0,0.0,0.0,1.011484526441403,0.21984160806481146,2.259984052527122,0.5323602770744227,0.0,0.0,0.0,11.6,a,,False,True
391,Gvardiol,DEF,15,MCI,5.5,5,SUN,True,0.532,1.8497693555105412,0.0,0.0,0.9471681047546431,0.0,0.0,0.0,1.011484526441403,0.4447965717689297,3.4746569854458693,0.5323602770744227,0.0,0.0,0.0,11.6,a,,False,True
391,Gvardiol,DEF,15,MCI,5.5,6,LIV,False,0.532,1.2705409342312253,0.0,0.0,0.5126736298011524,0.0,0.0,0.0,1.011484526441403,0.24075501679921632,2.3866185907285615,0.5323602770744227,0.0,0.0,0.0,11.6,a,,False,True
392,Aït-Nouri,DEF,15,MCI,5.5,1,BOU,True,0.442,1.2003850129149272,0.0,0.0,0.52749161402892,0.0,0.0,0.0,0.8392899969788599,0.29853628372273816,2.7174534818098266,0.4417315773572947,0.0,0.0,0.0,0.9,a,,False,True
392,Aït-Nouri,DEF,15,MCI,5.5,2,CRY,False,0.442,1.160763930985413,0.0,0.0,0.49906822359720604,0.0,0.0,0.0,0.8392899969788599,0.2824499363295091,2.6277585540291333,0.4417315773572947,0.0,0.0,0.0,0.9,a,,False,True
392,Aït-Nouri,DEF,15,MCI,5.5,3,COV,True,0.442,1.5111546033023107,0.0,0.0,0.7666393219484794,0.0,0.0,0.0,0.8392899969788599,0.4338830192619346,3.420979347555253,0.4417315773572947,0.0,0.0,0.0,0.9,a,,False,True
392,Aït-Nouri,DEF,15,MCI,5.5,4,MUN,False,0.442,0.9983063203251368,0.0,0.0,0.3884439211969333,0.0,0.0,0.0,0.8392899969788599,0.21984160806481146,2.259984052527122,0.4417315773572947,0.0,0.0,0.0,0.9,a,,False,True
392,Aït-Nouri,DEF,15,MCI,5.5,5,SUN,True,0.442,1.5348657109565464,0.0,0.0,0.7859227650024259,0.0,0.0,0.0,0.8392899969788599,0.4447965717689297,3.4746569854458693,0.4417315773572947,0.0,0.0,0.0,0.9,a,,False,True
392,Aït-Nouri,DEF,15,MCI,5.5,6,LIV,False,0.442,1.0542447946327713,0.0,0.0,0.42539637330959923,0.0,0.0,0.0,0.8392899969788599,0.24075501679921632,2.3866185907285615,0.4417315773572947,0.0,0.0,0.0,0.9,a,,False,True
393,Khusanov,DEF,15,MCI,5.5,1,BOU,True,0.394,1.0712473835511147,0.0,0.0,0.4707439740533335,0.0,0.0,0.0,0.7489990325028708,0.29853628372273816,2.7174534818098266,0.3942100171067741,0.0,0.0,0.0,1.8,a,,False,True
393,Khusanov,DEF,15,MCI,5.5,2,CRY,False,0.394,1.0358887445362968,0.0,0.0,0.4453783769290522,0.0,0.0,0.0,0.7489990325028708,0.2824499363295091,2.6277585540291333,0.3942100171067741,0.0,0.0,0.0,1.8,a,,False,True
393,Khusanov,DEF,15,MCI,5.5,3,COV,True,0.394,1.3485843271216773,0.0,0.0,0.6841641297823442,0.0,0.0,0.0,0.7489990325028708,0.4338830192619346,3.420979347555253,0.3942100171067741,0.0,0.0,0.0,1.8,a,,False,True
393,Khusanov,DEF,15,MCI,5.5,4,MUN,False,0.394,0.8909083520077534,0.0,0.0,0.3466550563040402,0.0,0.0,0.0,0.7489990325028708,0.21984160806481146,2.259984052527122,0.3942100171067741,0.0,0.0,0.0,1.8,a,,False,True
393,Khusanov,DEF,15,MCI,5.5,5,SUN,True,0.394,1.3697445896727884,0.0,0.0,0.7013730566642571,0.0,0.0,0.0,0.7489990325028708,0.4447965717689297,3.4746569854458693,0.3942100171067741,0.0,0.0,0.0,1.8,a,,False,True
393,Khusanov,DEF,15,MCI,5.5,6,LIV,False,0.394,0.9408289554784515,0.0,0.0,0.379632157163843,0.0,0.0,0.0,0.7489990325028708,0.24075501679921632,2.3866185907285615,0.3942100171067741,0.0,0.0,0.0,1.8,a,,False,True
394,Alleyne,DEF,15,MCI,5.0,1,BOU,True,0.0,0.0,0.0,0.0,0.0,0.0,0.0,0.0,0.0,0.29853628372273816,2.7174534818098266,0.3188524387739492,0.0,0.0,0.0,0.0,u,Has joined Burnley on loan for the rest of the season,False,True
394,Alleyne,DEF,15,MCI,5.0,2,CRY,False,0.0,0.0,0.0,0.0,0.0,0.0,0.0,0.0,0.0,0.2824499363295091,2.6277585540291333,0.3188524387739492,0.0,0.0,0.0,0.0,u,Has joined Burnley on loan for the rest of the season,False,True
394,Alleyne,DEF,15,MCI,5.0,3,COV,True,0.191,0.6544725647779835,0.0,0.0,0.33202718120225333,0.0,0.0,0.0,0.36349178020230205,0.4338830192619346,3.420979347555253,0.3188524387739492,0.0,0.0,0.0,0.0,u,Has joined Burnley on loan for the rest of the season,False,True
394,Alleyne,DEF,15,MCI,5.0,4,MUN,False,0.191,0.4323608560431034,0.0,0.0,0.16823287890108438,0.0,0.0,0.0,0.36349178020230205,0.21984160806481146,2.259984052527122,0.3188524387739492,0.0,0.0,0.0,0.0,u,Has joined Burnley on loan for the rest of the season,False,True
394,Alleyne,DEF,15,MCI,5.0,5,SUN,True,0.191,0.6647417122274124,0.0,0.0,0.3403787320003564,0.0,0.0,0.0,0.36349178020230205,0.4447965717689297,3.4746569854458693,0.3188524387739492,0.0,0.0,0.0,0.0,u,Has joined Burnley on loan for the rest of the season,False,True
394,Alleyne,DEF,15,MCI,5.0,6,LIV,False,0.191,0.45658749484622857,0.0,0.0,0.18423677820838374,0.0,0.0,0.0,0.36349178020230205,0.24075501679921632,2.3866185907285615,0.3188524387739492,0.0,0.0,0.0,0.0,u,Has joined Burnley on loan for the rest of the season,False,True
395,Lewis,DEF,15,MCI,4.5,1,BOU,True,0.211,0.5729933684703883,0.0,0.0,0.25179354416326216,0.0,0.0,0.0,0.4006277963472886,0.29853628372273816,2.7174534818098266,0.2108567349196256,0.0,0.0,0.0,0.2,a,,False,True
395,Lewis,DEF,15,MCI,4.5,2,CRY,False,0.211,0.5540805888596996,0.0,0.0,0.2382258854107857,0.0,0.0,0.0,0.4006277963472886,0.2824499363295091,2.6277585540291333,0.2108567349196256,0.0,0.0,0.0,0.2,a,,False,True
395,Lewis,DEF,15,MCI,4.5,3,COV,True,0.211,0.7213365354529717,0.0,0.0,0.3659486271145622,0.0,0.0,0.0,0.4006277963472886,0.4338830192619346,3.420979347555253,0.2108567349196256,0.0,0.0,0.0,0.2,a,,False,True
395,Lewis,DEF,15,MCI,4.5,4,MUN,False,0.211,0.47653285828629255,0.0,0.0,0.18542033470410468,0.0,0.0,0.0,0.4006277963472886,0.21984160806481146,2.259984052527122,0.2108567349196256,0.0,0.0,0.0,0.2,a,,False,True
395,Lewis,DEF,15,MCI,4.5,5,SUN,True,0.211,0.7326548269167851,0.0,0.0,0.3751534113065577,0.0,0.0,0.0,0.4006277963472886,0.4447965717689297,3.4746569854458693,0.2108567349196256,0.0,0.0,0.0,0.2,a,,False,True
395,Lewis,DEF,15,MCI,4.5,6,LIV,False,0.211,0.5032346035395028,0.0,0.0,0.20305926703120944,0.0,0.0,0.0,0.4006277963472886,0.24075501679921632,2.3866185907285615,0.2108567349196256,0.0,0.0,0.0,0.2,a,,False,True
396,Vitor Reis,DEF,15,MCI,4.5,1,BOU,True,0.209,0.5669257723470252,0.0,0.0,0.2491272279080998,0.0,0.0,0.0,0.3963854302087111,0.29853628372273816,2.7174534818098266,0.20862391063616373,0.0,0.0,0.0,0.0,a,,False,True
396,Vitor Reis,DEF,15,MCI,4.5,2,CRY,False,0.209,0.5482132657491887,0.0,0.0,0.23570324110399057,0.0,0.0,0.0,0.3963854302087111,0.2824499363295091,2.6277585540291333,0.20862391063616373,0.0,0.0,0.0,0.0,a,,False,True
396,Vitor Reis,DEF,15,MCI,4.5,3,COV,True,0.209,0.7136980896925289,0.0,0.0,0.362073488948203,0.0,0.0,0.0,0.3963854302087111,0.4338830192619346,3.420979347555253,0.20862391063616373,0.0,0.0,0.0,0.0,a,,False,True
396,Vitor Reis,DEF,15,MCI,4.5,4,MUN,False,0.209,0.4714867110135735,0.0,0.0,0.18345686398009503,0.0,0.0,0.0,0.3963854302087111,0.21984160806481146,2.259984052527122,0.20862391063616373,0.0,0.0,0.0,0.0,a,,False,True
396,Vitor Reis,DEF,15,MCI,4.5,5,SUN,True,0.209,0.7248965284229811,0.0,0.0,0.37118080095997275,0.0,0.0,0.0,0.3963854302087111,0.4447965717689297,3.4746569854458693,0.20862391063616373,0.0,0.0,0.0,0.0,a,,False,True
396,Vitor Reis,DEF,15,MCI,4.5,6,LIV,False,0.209,0.4979057035947625,0.0,0.0,0.2009090124397112,0.0,0.0,0.0,0.3963854302087111,0.24075501679921632,2.3866185907285615,0.20862391063616373,0.0,0.0,0.0,0.0,a,,False,True
397,Semenyo,MID,15,MCI,8.5,1,BOU,True,0.79,1.736764023136186,0.0,0.0,0.23583284979608557,0.0,0.0,0.0,1.5009311733401005,0.29853628372273816,2.198536283722738,0.7899637754421582,0.0,0.0,0.0,25.8,a,,False,True
397,Semenyo,MID,15,MCI,8.5,2,CRY,False,0.79,1.7240563914163567,0.0,0.0,0.2231252180762562,0.0,0.0,0.0,1.5009311733401005,0.2824499363295091,2.182449936329509,0.7899637754421582,0.0,0.0,0.0,25.8,a,,False,True
397,Semenyo,MID,15,MCI,8.5,3,COV,True,0.79,1.843683041336501,0.0,0.0,0.34275186799640056,0.0,0.0,0.0,1.5009311733401005,0.4338830192619346,2.3338830192619344,0.7899637754421582,0.0,0.0,0.0,25.8,a,,False,True
397,Semenyo,MID,15,MCI,8.5,4,MUN,False,0.79,1.674598080046254,0.0,0.0,0.17366690670615367,0.0,0.0,0.0,1.5009311733401005,0.21984160806481146,2.1198416080648115,0.7899637754421582,0.0,0.0,0.0,25.8,a,,False,True
397,Semenyo,MID,15,MCI,8.5,5,SUN,True,0.79,1.852304352478413,0.0,0.0,0.3513731791383126,0.0,0.0,0.0,1.5009311733401005,0.4447965717689297,2.3447965717689296,0.7899637754421582,0.0,0.0,0.0,25.8,a,,False,True
397,Semenyo,MID,15,MCI,8.5,6,LIV,False,0.79,1.6911189153674497,0.0,0.0,0.19018774202734914,0.0,0.0,0.0,1.5009311733401005,0.24075501679921632,2.140755016799216,0.7899637754421582,0.0,0.0,0.0,25.8,a,,False,True
398,Foden,MID,15,MCI,7.0,1,BOU,True,0.655,1.4410599146564247,0.0,0.0,0.19567958679074943,0.0,0.0,0.0,1.2453803278656752,0.29853628372273816,2.198536283722738,0.6554633304556186,0.0,0.0,0.0,4.4,a,,False,True
398,Foden,MID,15,MCI,7.0,2,CRY,False,0.655,1.4305159038191926,0.0,0.0,0.18513557595351746,0.0,0.0,0.0,1.2453803278656752,0.2824499363295091,2.182449936329509,0.6554633304556186,0.0,0.0,0.0,4.4,a,,False,True
398,Foden,MID,15,MCI,7.0,3,COV,True,0.655,1.5297747366992422,0.0,0.0,0.284394408833567,0.0,0.0,0.0,1.2453803278656752,0.4338830192619346,2.3338830192619344,0.6554633304556186,0.0,0.0,0.0,4.4,a,,False,True
398,Foden,MID,15,MCI,7.0,4,MUN,False,0.655,1.3894784404605554,0.0,0.0,0.1440981125948801,0.0,0.0,0.0,1.2453803278656752,0.21984160806481146,2.1198416080648115,0.6554633304556186,0.0,0.0,0.0,4.4,a,,False,True
398,Foden,MID,15,MCI,7.0,5,SUN,True,0.655,1.5369281701725794,0.0,0.0,0.2915478423069042,0.0,0.0,0.0,1.2453803278656752,0.4447965717689297,2.3447965717689296,0.6554633304556186,0.0,0.0,0.0,4.4,a,,False,True
398,Foden,MID,15,MCI,7.0,6,LIV,False,0.655,1.4031864130007878,0.0,0.0,0.1578060851351127,0.0,0.0,0.0,1.2453803278656752,0.24075501679921632,2.140755016799216,0.6554633304556186,0.0,0.0,0.0,4.4,a,,False,True
399,Cherki,MID,15,MCI,7.5,1,BOU,True,0.77,1.6920937249676125,0.0,0.0,0.22976713011396527,0.0,0.0,0.0,1.4623265948536472,0.29853628372273816,2.198536283722738,0.7696455762387617,0.0,0.0,0.0,8.7,a,,False,True
399,Cherki,MID,15,MCI,7.5,2,CRY,False,0.77,1.6797129388585739,0.0,0.0,0.2173863440049266,0.0,0.0,0.0,1.4623265948536472,0.2824499363295091,2.182449936329509,0.7696455762387617,0.0,0.0,0.0,8.7,a,,False,True
399,Cherki,MID,15,MCI,7.5,3,COV,True,0.77,1.7962627412337127,0.0,0.0,0.3339361463800654,0.0,0.0,0.0,1.4623265948536472,0.4338830192619346,2.3338830192619344,0.7696455762387617,0.0,0.0,0.0,8.7,a,,False,True
399,Cherki,MID,15,MCI,7.5,4,MUN,False,0.77,1.631526715973945,0.0,0.0,0.1692001211202978,0.0,0.0,0.0,1.4623265948536472,0.21984160806481146,2.1198416080648115,0.7696455762387617,0.0,0.0,0.0,8.7,a,,False,True
399,Cherki,MID,15,MCI,7.5,5,SUN,True,0.77,1.8046623086417708,0.0,0.0,0.34233571378812366,0.0,0.0,0.0,1.4623265948536472,0.4447965717689297,2.3447965717689296,0.7696455762387617,0.0,0.0,0.0,8.7,a,,False,True
399,Cherki,MID,15,MCI,7.5,6,LIV,False,0.77,1.647622628490453,0.0,0.0,0.1852960336368056,0.0,0.0,0.0,1.4623265948536472,0.24075501679921632,2.140755016799216,0.7696455762387617,0.0,0.0,0.0,8.7,a,,False,True
400,Doku,MID,15,MCI,7.5,1,BOU,True,0.0,0.0,0.0,0.0,0.0,0.0,0.0,0.0,0.0,0.29853628372273816,2.198536283722738,0.7360674416974656,0.0,0.0,0.0,1.7,i,Calf injury - Expected back 5 Sep,False,True
400,Doku,MID,15,MCI,7.5,2,CRY,False,0.0,0.0,0.0,0.0,0.0,0.0,0.0,0.0,0.0,0.2824499363295091,2.182449936329509,0.7360674416974656,0.0,0.0,0.0,1.7,i,Calf injury - Expected back 5 Sep,False,True
400,Doku,MID,15,MCI,7.5,3,COV,True,0.442,1.0307371819255733,0.0,0.0,0.19162029839046266,0.0,0.0,0.0,0.8391168835351107,0.4338830192619346,2.3338830192619344,0.7360674416974656,0.0,0.0,0.0,1.7,i,Calf injury - Expected back 5 Sep,False,True
400,Doku,MID,15,MCI,7.5,4,MUN,False,0.442,0.9362078335512644,0.0,0.0,0.09709095001615362,0.0,0.0,0.0,0.8391168835351107,0.21984160806481146,2.1198416080648115,0.7360674416974656,0.0,0.0,0.0,1.7,i,Calf injury - Expected back 5 Sep,False,True
400,Doku,MID,15,MCI,7.5,5,SUN,True,0.442,1.0355570483297662,0.0,0.0,0.19644016479465556,0.0,0.0,0.0,0.8391168835351107,0.4447965717689297,2.3447965717689296,0.7360674416974656,0.0,0.0,0.0,1.7,i,Calf injury - Expected back 5 Sep,False,True
400,Doku,MID,15,MCI,7.5,6,LIV,False,0.442,0.9454440411098484,0.0,0.0,0.10632715757473771,0.0,0.0,0.0,0.8391168835351107,0.24075501679921632,2.140755016799216,0.7360674416974656,0.0,0.0,0.0,1.7,i,Calf injury - Expected back 5 Sep,False,True
401,Marmoush,FWD,15,MCI,7.0,1,BOU,True,0.573,1.0894295270501009,0.0,0.0,0.0,0.0,0.0,0.0,1.0894295270501009,0.29853628372273816,1.9,0.5733839616053162,0.0,0.0,0.0,1.0,a,,False,True
401,Marmoush,FWD,15,MCI,7.0,2,CRY,False,0.573,1.0894295270501009,0.0,0.0,0.0,0.0,0.0,0.0,1.0894295270501009,0.2824499363295091,1.9,0.5733839616053162,0.0,0.0,0.0,1.0,a,,False,True
401,Marmoush,FWD,15,MCI,7.0,3,COV,True,0.573,1.0894295270501009,0.0,0.0,0.0,0.0,0.0,0.0,1.0894295270501009,0.4338830192619346,1.9,0.5733839616053162,0.0,0.0,0.0,1.0,a,,False,True
401,Marmoush,FWD,15,MCI,7.0,4,MUN,False,0.573,1.0894295270501009,0.0,0.0,0.0,0.0,0.0,0.0,1.0894295270501009,0.21984160806481146,1.9,0.5733839616053162,0.0,0.0,0.0,1.0,a,,False,True
401,Marmoush,FWD,15,MCI,7.0,5,SUN,True,0.573,1.0894295270501009,0.0,0.0,0.0,0.0,0.0,0.0,1.0894295270501009,0.4447965717689297,1.9,0.5733839616053162,0.0,0.0,0.0,1.0,a,,False,True
401,Marmoush,FWD,15,MCI,7.0,6,LIV,False,0.573,1.0894295270501009,0.0,0.0,0.0,0.0,0.0,0.0,1.0894295270501009,0.24075501679921632,1.9,0.5733839616053162,0.0,0.0,0.0,1.0,a,,False,True
402,Rodrigo,MID,15,MCI,6.5,1,BOU,True,0.0,0.0,0.0,0.0,0.0,0.0,0.0,0.0,0.0,0.29853628372273816,2.198536283722738,0.4419351221605663,0.0,0.0,0.0,0.0,u,Has joined Barcelona permanently,False,True
402,Rodrigo,MID,15,MCI,6.5,2,CRY,False,0.0,0.0,0.0,0.0,0.0,0.0,0.0,0.0,0.0,0.2824499363295091,2.182449936329509,0.4419351221605663,0.0,0.0,0.0,0.0,u,Has joined Barcelona permanently,False,True
402,Rodrigo,MID,15,MCI,6.5,3,COV,True,0.265,0.6188549263355965,0.0,0.0,0.11504888707255104,0.0,0.0,0.0,0.5038060392630455,0.4338830192619346,2.3338830192619344,0.4419351221605663,0.0,0.0,0.0,0.0,u,Has joined Barcelona permanently,False,True
402,Rodrigo,MID,15,MCI,6.5,4,MUN,False,0.265,0.5620994760127042,0.0,0.0,0.058293436749658666,0.0,0.0,0.0,0.5038060392630455,0.21984160806481146,2.1198416080648115,0.4419351221605663,0.0,0.0,0.0,0.0,u,Has joined Barcelona permanently,False,True
402,Rodrigo,MID,15,MCI,6.5,5,SUN,True,0.265,0.6217487756318273,0.0,0.0,0.11794273636878182,0.0,0.0,0.0,0.5038060392630455,0.4447965717689297,2.3447965717689296,0.4419351221605663,0.0,0.0,0.0,0.0,u,Has joined Barcelona permanently,False,True
402,Rodrigo,MID,15,MCI,6.5,6,LIV,False,0.265,0.567644897919004,0.0,0.0,0.06383885865595851,0.0,0.0,0.0,0.5038060392630455,0.24075501679921632,2.140755016799216,0.4419351221605663,0.0,0.0,0.0,0.0,u,Has joined Barcelona permanently,False,True
403,Savinho,MID,15,MCI,6.5,1,BOU,True,0.394,0.8671325266515599,0.0,0.0,0.11774675902247317,0.0,0.0,0.0,0.7493857676290868,0.29853628372273816,2.198536283722738,0.39441356191004573,0.0,0.0,0.0,0.3,a,,False,True
403,Savinho,MID,15,MCI,6.5,2,CRY,False,0.394,0.8607878530780741,0.0,0.0,0.11140208544898732,0.0,0.0,0.0,0.7493857676290868,0.2824499363295091,2.182449936329509,0.39441356191004573,0.0,0.0,0.0,0.3,a,,False,True
403,Savinho,MID,15,MCI,6.5,3,COV,True,0.394,0.9205151147084715,0.0,0.0,0.17112934707938462,0.0,0.0,0.0,0.7493857676290868,0.4338830192619346,2.3338830192619344,0.39441356191004573,0.0,0.0,0.0,0.3,a,,False,True
403,Savinho,MID,15,MCI,6.5,4,MUN,False,0.394,0.8360942793219613,0.0,0.0,0.08670851169287452,0.0,0.0,0.0,0.7493857676290868,0.21984160806481146,2.1198416080648115,0.39441356191004573,0.0,0.0,0.0,0.3,a,,False,True
403,Savinho,MID,15,MCI,6.5,5,SUN,True,0.394,0.9248195678258477,0.0,0.0,0.17543380019676086,0.0,0.0,0.0,0.7493857676290868,0.4447965717689297,2.3447965717689296,0.39441356191004573,0.0,0.0,0.0,0.3,a,,False,True
403,Savinho,MID,15,MCI,6.5,6,LIV,False,0.394,0.8443428113525786,0.0,0.0,0.0949570437234918,0.0,0.0,0.0,0.7493857676290868,0.24075501679921632,2.140755016799216,0.39441356191004573,0.0,0.0,0.0,0.3,a,,False,True
404,Reijnders,MID,15,MCI,6.0,1,BOU,True,0.0,0.0,0.0,0.0,0.0,0.0,0.0,0.0,0.0,0.29853628372273816,2.198536283722738,0.3361933623020715,0.0,0.0,0.0,0.1,u,Has joined Al Qadsiah permanently,False,True
404,Reijnders,MID,15,MCI,6.0,2,CRY,False,0.0,0.0,0.0,0.0,0.0,0.0,0.0,0.0,0.0,0.2824499363295091,2.182449936329509,0.3361933623020715,0.0,0.0,0.0,0.1,u,Has joined Al Qadsiah permanently,False,True
404,Reijnders,MID,15,MCI,6.0,3,COV,True,0.202,0.47078158767922795,0.0,0.0,0.08752115465486654,0.0,0.0,0.0,0.3832604330243614,0.4338830192619346,2.3338830192619344,0.3361933623020715,0.0,0.0,0.0,0.1,u,Has joined Al Qadsiah permanently,False,True
404,Reijnders,MID,15,MCI,6.0,4,MUN,False,0.202,0.4276060066578833,0.0,0.0,0.04434557363352189,0.0,0.0,0.0,0.3832604330243614,0.21984160806481146,2.1198416080648115,0.3361933623020715,0.0,0.0,0.0,0.1,u,Has joined Al Qadsiah permanently,False,True
404,Reijnders,MID,15,MCI,6.0,5,SUN,True,0.202,0.47298302602642006,0.0,0.0,0.08972259300205868,0.0,0.0,0.0,0.3832604330243614,0.4447965717689297,2.3447965717689296,0.3361933623020715,0.0,0.0,0.0,0.1,u,Has joined Al Qadsiah permanently,False,True
404,Reijnders,MID,15,MCI,6.0,6,LIV,False,0.202,0.4318245761776536,0.0,0.0,0.04856414315329214,0.0,0.0,0.0,0.3832604330243614,0.24075501679921632,2.140755016799216,0.3361933623020715,0.0,0.0,0.0,0.1,u,Has joined Al Qadsiah permanently,False,True
405,N.Gonzalez,MID,15,MCI,5.5,1,BOU,True,0.27,0.594672381071512,0.0,0.0,0.08074976246333808,0.0,0.0,0.0,0.5139226186081739,0.29853628372273816,2.198536283722738,0.27048558874114415,0.0,0.0,0.0,0.1,a,,False,True
405,N.Gonzalez,MID,15,MCI,5.5,2,CRY,False,0.27,0.5903212559261598,0.0,0.0,0.07639863731798595,0.0,0.0,0.0,0.5139226186081739,0.2824499363295091,2.182449936329509,0.27048558874114415,0.0,0.0,0.0,0.1,a,,False,True
405,N.Gonzalez,MID,15,MCI,5.5,3,COV,True,0.27,0.6312817225180235,0.0,0.0,0.11735910390984958,0.0,0.0,0.0,0.5139226186081739,0.4338830192619346,2.3338830192619344,0.27048558874114415,0.0,0.0,0.0,0.1,a,,False,True
405,N.Gonzalez,MID,15,MCI,5.5,4,MUN,False,0.27,0.5733866053953843,0.0,0.0,0.05946398678721039,0.0,0.0,0.0,0.5139226186081739,0.21984160806481146,2.1198416080648115,0.27048558874114415,0.0,0.0,0.0,0.1,a,,False,True
405,N.Gonzalez,MID,15,MCI,5.5,5,SUN,True,0.27,0.6342336811931354,0.0,0.0,0.12031106258496153,0.0,0.0,0.0,0.5139226186081739,0.4447965717689297,2.3447965717689296,0.27048558874114415,0.0,0.0,0.0,0.1,a,,False,True
405,N.Gonzalez,MID,15,MCI,5.5,6,LIV,False,0.27,0.5790433810694939,0.0,0.0,0.06512076246132008,0.0,0.0,0.0,0.5139226186081739,0.24075501679921632,2.140755016799216,0.27048558874114415,0.0,0.0,0.0,0.1,a,,False,True
406,Kovačić,MID,15,MCI,5.5,1,BOU,True,0.27,0.5930442773342739,0.0,0.0,0.08052868444755608,0.0,0.0,0.0,0.5125155928867178,0.29853628372273816,2.198536283722738,0.2697450488877462,0.0,0.0,0.0,0.1,a,,False,True
406,Kovačić,MID,15,MCI,5.5,2,CRY,False,0.27,0.588705064770262,0.0,0.0,0.07618947188354423,0.0,0.0,0.0,0.5125155928867178,0.2824499363295091,2.182449936329509,0.2697450488877462,0.0,0.0,0.0,0.1,a,,False,True
406,Kovačić,MID,15,MCI,5.5,3,COV,True,0.27,0.6295533891290912,0.0,0.0,0.11703779624237348,0.0,0.0,0.0,0.5125155928867178,0.4338830192619346,2.3338830192619344,0.2697450488877462,0.0,0.0,0.0,0.1,a,,False,True
406,Kovačić,MID,15,MCI,5.5,4,MUN,False,0.27,0.571816778201721,0.0,0.0,0.05930118531500331,0.0,0.0,0.0,0.5125155928867178,0.21984160806481146,2.1198416080648115,0.2697450488877462,0.0,0.0,0.0,0.1,a,,False,True
406,Kovačić,MID,15,MCI,5.5,5,SUN,True,0.27,0.6324972658836296,0.0,0.0,0.11998167299691186,0.0,0.0,0.0,0.5125155928867178,0.4447965717689297,2.3447965717689296,0.2697450488877462,0.0,0.0,0.0,0.1,a,,False,True
406,Kovačić,MID,15,MCI,5.5,6,LIV,False,0.27,0.5774580666631925,0.0,0.0,0.06494247377647476,0.0,0.0,0.0,0.5125155928867178,0.24075501679921632,2.140755016799216,0.2697450488877462,0.0,0.0,0.0,0.1,a,,False,True
407,Echeverri,MID,15,MCI,5.0,1,BOU,True,0.153,0.3362509263864867,0.0,0.0,0.045659060851055415,0.0,0.0,0.0,0.29059186553543126,0.29853628372273816,2.198536283722738,0.1529430871239112,0.0,0.0,0.0,0.0,a,,False,True
407,Echeverri,MID,15,MCI,5.0,2,CRY,False,0.153,0.33379063075561854,0.0,0.0,0.04319876522018728,0.0,0.0,0.0,0.29059186553543126,0.2824499363295091,2.182449936329509,0.1529430871239112,0.0,0.0,0.0,0.0,a,,False,True
407,Echeverri,MID,15,MCI,5.0,3,COV,True,0.153,0.356951273951995,0.0,0.0,0.06635940841656371,0.0,0.0,0.0,0.29059186553543126,0.4338830192619346,2.3338830192619344,0.1529430871239112,0.0,0.0,0.0,0.0,a,,False,True
407,Echeverri,MID,15,MCI,5.0,4,MUN,False,0.153,0.3242151197511485,0.0,0.0,0.0336232542157172,0.0,0.0,0.0,0.29059186553543126,0.21984160806481146,2.1198416080648115,0.1529430871239112,0.0,0.0,0.0,0.0,a,,False,True
407,Echeverri,MID,15,MCI,5.0,5,SUN,True,0.153,0.3586204263639037,0.0,0.0,0.06802856082847243,0.0,0.0,0.0,0.29059186553543126,0.4447965717689297,2.3447965717689296,0.1529430871239112,0.0,0.0,0.0,0.0,a,,False,True
407,Echeverri,MID,15,MCI,5.0,6,LIV,False,0.153,0.3274136810452725,0.0,0.0,0.036821815509841246,0.0,0.0,0.0,0.29059186553543126,0.24075501679921632,2.140755016799216,0.1529430871239112,0.0,0.0,0.0,0.0,a,,False,True
408,Phillips,MID,15,MCI,5.0,1,BOU,True,0.0,0.0,0.0,0.0,0.0,0.0,0.0,0.0,0.0,0.29853628372273816,2.198536283722738,0.15286257273076398,0.0,0.0,0.0,0.0,u,Has joined Sheffield United on loan for the rest of the season,False,True
408,Phillips,MID,15,MCI,5.0,2,CRY,False,0.0,0.0,0.0,0.0,0.0,0.0,0.0,0.0,0.0,0.2824499363295091,2.182449936329509,0.15286257273076398,0.0,0.0,0.0,0.0,u,Has joined Sheffield United on loan for the rest of the season,False,True
408,Phillips,MID,15,MCI,5.0,3,COV,True,0.092,0.2140580176662135,0.0,0.0,0.039794684753142566,0.0,0.0,0.0,0.17426333291307092,0.4338830192619346,2.3338830192619344,0.15286257273076398,0.0,0.0,0.0,0.0,u,Has joined Sheffield United on loan for the rest of the season,False,True
408,Phillips,MID,15,MCI,5.0,4,MUN,False,0.092,0.19442666519430413,0.0,0.0,0.02016333228123321,0.0,0.0,0.0,0.17426333291307092,0.21984160806481146,2.1198416080648115,0.15286257273076398,0.0,0.0,0.0,0.0,u,Has joined Sheffield United on loan for the rest of the season,False,True
408,Phillips,MID,15,MCI,5.0,5,SUN,True,0.092,0.2150589818945244,0.0,0.0,0.0407956489814535,0.0,0.0,0.0,0.17426333291307092,0.4447965717689297,2.3447965717689296,0.15286257273076398,0.0,0.0,0.0,0.0,u,Has joined Sheffield United on loan for the rest of the season,False,True
408,Phillips,MID,15,MCI,5.0,6,LIV,False,0.092,0.19634479167253083,0.0,0.0,0.022081458759459903,0.0,0.0,0.0,0.17426333291307092,0.24075501679921632,2.140755016799216,0.15286257273076398,0.0,0.0,0.0,0.0,u,Has joined Sheffield United on loan for the rest of the season,False,True
409,Mukasa,MID,15,MCI,4.5,1,BOU,True,0.041,0.08994905886261273,0.0,0.0,0.012214061671855821,0.0,0.0,0.0,0.07773499719075691,0.29853628372273816,2.198536283722738,0.04091315641618785,0.0,0.0,0.0,0.2,a,,False,True
409,Mukasa,MID,15,MCI,4.5,2,CRY,False,0.041,0.08929091561554842,0.0,0.0,0.011555918424791504,0.0,0.0,0.0,0.07773499719075691,0.2824499363295091,2.182449936329509,0.04091315641618785,0.0,0.0,0.0,0.2,a,,False,True
409,Mukasa,MID,15,MCI,4.5,3,COV,True,0.041,0.09548652102414829,0.0,0.0,0.017751523833391375,0.0,0.0,0.0,0.07773499719075691,0.4338830192619346,2.3338830192619344,0.04091315641618785,0.0,0.0,0.0,0.2,a,,False,True
409,Mukasa,MID,15,MCI,4.5,4,MUN,False,0.041,0.08672941128829881,0.0,0.0,0.008994414097541896,0.0,0.0,0.0,0.07773499719075691,0.21984160806481146,2.1198416080648115,0.04091315641618785,0.0,0.0,0.0,0.2,a,,False,True
409,Mukasa,MID,15,MCI,4.5,5,SUN,True,0.041,0.09593302890492325,0.0,0.0,0.018198031714166344,0.0,0.0,0.0,0.07773499719075691,0.4447965717689297,2.3447965717689296,0.04091315641618785,0.0,0.0,0.0,0.2,a,,False,True
409,Mukasa,MID,15,MCI,4.5,6,LIV,False,0.041,0.08758504485104518,0.0,0.0,0.009850047660288271,0.0,0.0,0.0,0.07773499719075691,0.24075501679921632,2.140755016799216,0.04091315641618785,0.0,0.0,0.0,0.2,a,,False,True
410,Monga,MID,15,MCI,5.0,1,BOU,True,0.153,0.33601562526906004,0.0,0.0,0.045627109628929845,0.0,0.0,0.0,0.2903885156401302,0.29853628372273816,2.198536283722738,0.15283606086322643,0.0,0.0,0.0,0.0,a,,False,True
410,Monga,MID,15,MCI,5.0,2,CRY,False,0.153,0.33355705129980145,0.0,0.0,0.043168535659671284,0.0,0.0,0.0,0.2903885156401302,0.2824499363295091,2.182449936329509,0.15283606086322643,0.0,0.0,0.0,0.0,a,,False,True
410,Monga,MID,15,MCI,5.0,3,COV,True,0.153,0.3567014871795677,0.0,0.0,0.06631297153943748,0.0,0.0,0.0,0.2903885156401302,0.4338830192619346,2.3338830192619344,0.15283606086322643,0.0,0.0,0.0,0.0,a,,False,True
410,Monga,MID,15,MCI,5.0,4,MUN,False,0.153,0.32398824103059326,0.0,0.0,0.033599725390463096,0.0,0.0,0.0,0.2903885156401302,0.21984160806481146,2.1198416080648115,0.15283606086322643,0.0,0.0,0.0,0.0,a,,False,True
410,Monga,MID,15,MCI,5.0,5,SUN,True,0.153,0.3583694715547608,0.0,0.0,0.0679809559146306,0.0,0.0,0.0,0.2903885156401302,0.4447965717689297,2.3447965717689296,0.15283606086322643,0.0,0.0,0.0,0.0,a,,False,True
410,Monga,MID,15,MCI,5.0,6,LIV,False,0.153,0.32718456404078233,0.0,0.0,0.03679604840065213,0.0,0.0,0.0,0.2903885156401302,0.24075501679921632,2.140755016799216,0.15283606086322643,0.0,0.0,0.0,0.0,a,,False,True
411,Haaland,FWD,15,MCI,15.5,1,BOU,True,0.709,1.5098362500041191,0.16277091907065952,0.0,0.0,0.0,0.0,0.0,1.3470653309334597,0.29853628372273816,2.1295840737137413,0.7089817531228736,0.057396018428435384,0.0,0.0,69.0,a,,True,True
411,Haaland,FWD,15,MCI,15.5,2,CRY,False,0.709,1.4755947711685058,0.12852944023504612,0.0,0.0,0.0,0.0,0.0,1.3470653309334597,0.2824499363295091,2.0812873739964513,0.7089817531228736,0.045321843499112835,0.0,0.0,69.0,a,,True,True
411,Haaland,FWD,15,MCI,15.5,3,COV,True,0.709,1.5498341123266015,0.20276878139314186,0.0,0.0,0.0,0.0,0.0,1.3470653309334597,0.4338830192619346,2.186,0.7089817531228736,0.07150000000000001,0.0,0.0,69.0,a,,True,True
411,Haaland,FWD,15,MCI,15.5,4,MUN,False,0.709,1.4680110434872637,0.12094571255380414,0.0,0.0,0.0,0.0,0.0,1.3470653309334597,0.21984160806481146,2.0705907268008956,0.7089817531228736,0.0426476817002239,0.0,0.0,69.0,a,,True,True
411,Haaland,FWD,15,MCI,15.5,5,SUN,True,0.709,1.5017006283108365,0.15463529737737683,0.0,0.0,0.0,0.0,0.0,1.3470653309334597,0.4447965717689297,2.1181089946197487,0.7089817531228736,0.05452724865493717,0.0,0.0,69.0,a,,True,True
411,Haaland,FWD,15,MCI,15.5,6,LIV,False,0.709,1.4698412470502187,0.12277591611675907,0.0,0.0,0.0,0.0,0.0,1.3470653309334597,0.24075501679921632,2.0731721804911962,0.7089817531228736,0.043293045122799086,0.0,0.0,69.0,a,,True,True
481,Anderson,MID,15,MCI,6.5,1,BOU,True,0.282,0.6192644771476752,0.0,0.0,0.08408909009958652,0.0,0.0,0.0,0.5351753870480886,0.29853628372273816,2.198536283722738,0.3755616751214657,0.0,0.0,0.0,7.5,d,Knock - 75% chance of playing,False,True
481,Anderson,MID,15,MCI,6.5,2,CRY,False,0.282,0.614733415467485,0.0,0.0,0.07955802841939633,0.0,0.0,0.0,0.5351753870480886,0.2824499363295091,2.182449936329509,0.3755616751214657,0.0,0.0,0.0,7.5,d,Knock - 75% chance of playing,False,True
481,Anderson,MID,15,MCI,6.5,3,COV,True,0.338,0.7888653146264005,0.0,0.0,0.1466548501686942,0.0,0.0,0.0,0.6422104644577064,0.4338830192619346,2.3338830192619344,0.3755616751214657,0.0,0.0,0.0,7.5,d,Knock - 75% chance of playing,False,True
481,Anderson,MID,15,MCI,6.5,4,MUN,False,0.338,0.7165181387853019,0.0,0.0,0.07430767432759558,0.0,0.0,0.0,0.6422104644577064,0.21984160806481146,2.1198416080648115,0.3755616751214657,0.0,0.0,0.0,7.5,d,Knock - 75% chance of playing,False,True
481,Anderson,MID,15,MCI,6.5,5,SUN,True,0.338,0.7925541554813484,0.0,0.0,0.15034369102364203,0.0,0.0,0.0,0.6422104644577064,0.4447965717689297,2.3447965717689296,0.3755616751214657,0.0,0.0,0.0,7.5,d,Knock - 75% chance of playing,False,True
481,Anderson,MID,15,MCI,6.5,6,LIV,False,0.338,0.7235869861204156,0.0,0.0,0.08137652166270927,0.0,0.0,0.0,0.6422104644577064,0.24075501679921632,2.140755016799216,0.3755616751214657,0.0,0.0,0.0,7.5,d,Knock - 75% chance of playing,False,True
587,Rulli,GK,15,MCI,5.0,1,BOU,True,0.487,1.3245110078042797,0.0,0.0,0.582036964631169,0.0,0.0,0.0,0.9260769068076531,0.29853628372273816,2.7174534818098266,0.48740889831981743,0.0,0.0,0.0,0.0,a,,False,True
587,Rulli,GK,15,MCI,5.0,2,CRY,False,0.487,1.2807929018698163,0.0,0.0,0.5506744491874744,0.0,0.0,0.0,0.9260769068076531,0.2824499363295091,2.6277585540291333,0.48740889831981743,0.0,0.0,0.0,0.0,a,,False,True
587,Rulli,GK,15,MCI,5.0,3,COV,True,0.487,1.6674157749667537,0.0,0.0,0.8459137776725427,0.0,0.0,0.0,0.9260769068076531,0.4338830192619346,3.420979347555253,0.48740889831981743,0.0,0.0,0.0,0.0,a,,False,True
587,Rulli,GK,15,MCI,5.0,4,MUN,False,0.487,1.101536337262601,0.0,0.0,0.42861102396690737,0.0,0.0,0.0,0.9260769068076531,0.21984160806481146,2.259984052527122,0.48740889831981743,0.0,0.0,0.0,0.0,a,,False,True
587,Rulli,GK,15,MCI,5.0,5,SUN,True,0.487,1.6935787333154293,0.0,0.0,0.8671912280893026,0.0,0.0,0.0,0.9260769068076531,0.4447965717689297,3.4746569854458693,0.48740889831981743,0.0,0.0,0.0,0.0,a,,False,True
587,Rulli,GK,15,MCI,5.0,6,LIV,False,0.487,1.1632591380166035,0.0,0.0,0.46938455001230067,0.0,0.0,0.0,0.9260769068076531,0.24075501679921632,2.3866185907285615,0.48740889831981743,0.0,0.0,0.0,0.0,a,,False,True
43,Tielemans,MID,16,MUN,6.0,1,HUL,False,0.5,1.1090936087121426,0.0,0.0,0.15942136801734394,0.0,0.0,0.0,0.9496722406947987,0.3189527778671781,2.218952777867178,0.49982749510252567,0.0,0.0,0.0,2.5,a,,False,True
43,Tielemans,MID,16,MUN,6.0,2,IPS,True,0.5,1.14406346830144,0.0,0.0,0.19439122760664124,0.0,0.0,0.0,0.9496722406947987,0.3889166352618663,2.288916635261866,0.49982749510252567,0.0,0.0,0.0,2.5,a,,False,True
43,Tielemans,MID,16,MUN,6.0,3,EVE,False,0.5,1.0884985878161895,0.0,0.0,0.13882634712139072,0.0,0.0,0.0,0.9496722406947987,0.2777485202027839,2.1777485202027838,0.49982749510252567,0.0,0.0,0.0,2.5,a,,False,True
43,Tielemans,MID,16,MUN,6.0,4,MCI,True,0.5,1.0558618196630005,0.0,0.0,0.1061895789682018,0.0,0.0,0.0,0.9496722406947987,0.21245245611472408,2.112452456114724,0.49982749510252567,0.0,0.0,0.0,2.5,a,,False,True
43,Tielemans,MID,16,MUN,6.0,5,FUL,False,0.5,1.0856862162244338,0.0,0.0,0.13601397552963518,0.0,0.0,0.0,0.9496722406947987,0.2721218357580263,2.172121835758026,0.49982749510252567,0.0,0.0,0.0,2.5,a,,False,True
43,Tielemans,MID,16,MUN,6.0,6,TOT,True,0.5,1.1326449887930514,0.0,0.0,0.18297274809825276,0.0,0.0,0.0,0.9496722406947987,0.36607179455128014,2.26607179455128,0.49982749510252567,0.0,0.0,0.0,2.5,a,,False,True
162,Andrey Santos,MID,16,MUN,5.0,1,HUL,False,0.154,0.34155898411447605,0.0,0.0,0.049095766199006734,0.0,0.0,0.0,0.2924632179154693,0.3189527778671781,2.218952777867178,0.15392800942919438,0.0,0.0,0.0,1.0,a,,False,True
162,Andrey Santos,MID,16,MUN,5.0,2,IPS,True,0.154,0.35232838141522843,0.0,0.0,0.05986516349975911,0.0,0.0,0.0,0.2924632179154693,0.3889166352618663,2.288916635261866,0.15392800942919438,0.0,0.0,0.0,1.0,a,,False,True
162,Andrey Santos,MID,16,MUN,5.0,3,EVE,False,0.154,0.33521649475218823,0.0,0.0,0.0427532768367189,0.0,0.0,0.0,0.2924632179154693,0.2777485202027839,2.1777485202027838,0.15392800942919438,0.0,0.0,0.0,1.0,a,,False,True
162,Andrey Santos,MID,16,MUN,5.0,4,MCI,True,0.154,0.32516560158355207,0.0,0.0,0.03270238366808275,0.0,0.0,0.0,0.2924632179154693,0.21245245611472408,2.112452456114724,0.15392800942919438,0.0,0.0,0.0,1.0,a,,False,True
162,Andrey Santos,MID,16,MUN,5.0,5,FUL,False,0.154,0.33435039041592046,0.0,0.0,0.04188717250045115,0.0,0.0,0.0,0.2924632179154693,0.2721218357580263,2.172121835758026,0.15392800942919438,0.0,0.0,0.0,1.0,a,,False,True
162,Andrey Santos,MID,16,MUN,5.0,6,TOT,True,0.154,0.34881192055892085,0.0,0.0,0.056348702643451556,0.0,0.0,0.0,0.2924632179154693,0.36607179455128014,2.26607179455128,0.15392800942919438,0.0,0.0,0.0,1.0,a,,False,True
325,Darlow,GK,16,MUN,4.5,1,HUL,False,0.376,1.0625016852181033,0.0,0.0,0.479156694637369,0.0,0.0,0.0,0.7135834698625191,0.3189527778671781,2.82903582716586,0.3755702472960627,0.0,0.0,0.0,0.0,a,,False,True
325,Darlow,GK,16,MUN,4.5,2,IPS,True,0.376,1.2001949158518075,0.0,0.0,0.584262067531407,0.0,0.0,0.0,0.7135834698625191,0.3889166352618663,3.1956602646047507,0.3755702472960627,0.0,0.0,0.0,0.0,a,,False,True
325,Darlow,GK,16,MUN,4.5,3,EVE,False,0.376,0.9769416039636112,0.0,0.0,0.41725632167470006,0.0,0.0,0.0,0.7135834698625191,0.2777485202027839,2.601222037680441,0.3755702472960627,0.0,0.0,0.0,0.0,a,,False,True
325,Darlow,GK,16,MUN,4.5,4,MCI,True,0.376,0.8315706234532911,0.0,0.0,0.31916328592665133,0.0,0.0,0.0,0.7135834698625191,0.21245245611472408,2.214154687279481,0.3755702472960627,0.0,0.0,0.0,0.0,a,,False,True
325,Darlow,GK,16,MUN,4.5,5,FUL,False,0.376,0.9649376719447786,0.0,0.0,0.408803460601202,0.0,0.0,0.0,0.7135834698625191,0.2721218357580263,2.5692601554353605,0.3755702472960627,0.0,0.0,0.0,0.0,a,,False,True
325,Darlow,GK,16,MUN,4.5,6,TOT,True,0.376,1.1561280090646977,0.0,0.0,0.5499426976309509,0.0,0.0,0.0,0.7135834698625191,0.36607179455128014,3.07832693720629,0.3755702472960627,0.0,0.0,0.0,0.0,a,,False,True
412,Lammens,GK,16,MUN,5.0,1,HUL,False,0.596,1.6853917166135821,0.0,0.0,0.7600615936303134,0.0,0.0,0.0,1.131920716880361,0.3189527778671781,2.82903582716586,0.5957477457265059,0.0,0.0,0.0,16.3,a,,False,True
412,Lammens,GK,16,MUN,5.0,2,IPS,True,0.596,1.9038073987460495,0.0,0.0,0.9267848349311782,0.0,0.0,0.0,1.131920716880361,0.3889166352618663,3.1956602646047507,0.5957477457265059,0.0,0.0,0.0,16.3,a,,False,True
412,Lammens,GK,16,MUN,5.0,3,EVE,False,0.596,1.5496721650822307,0.0,0.0,0.6618722191587255,0.0,0.0,0.0,1.131920716880361,0.2777485202027839,2.601222037680441,0.5957477457265059,0.0,0.0,0.0,16.3,a,,False,True
412,Lammens,GK,16,MUN,5.0,4,MCI,True,0.596,1.3190776636365276,0.0,0.0,0.5062722872176252,0.0,0.0,0.0,1.131920716880361,0.21245245611472408,2.214154687279481,0.5957477457265059,0.0,0.0,0.0,16.3,a,,False,True
412,Lammens,GK,16,MUN,5.0,5,FUL,False,0.596,1.530630945785548,0.0,0.0,0.6484638808632106,0.0,0.0,0.0,1.131920716880361,0.2721218357580263,2.5692601554353605,0.5957477457265059,0.0,0.0,0.0,16.3,a,,False,True
412,Lammens,GK,16,MUN,5.0,6,TOT,True,0.596,1.8339063334498267,0.0,0.0,0.872345785511927,0.0,0.0,0.0,1.131920716880361,0.36607179455128014,3.07832693720629,0.5957477457265059,0.0,0.0,0.0,16.3,a,,False,True
413,Bayindir,GK,16,MUN,4.5,1,HUL,False,0.0,0.0,0.0,0.0,0.0,0.0,0.0,0.0,0.0,0.3189527778671781,2.82903582716586,0.29328731295177307,0.0,0.0,0.0,0.0,u,Has joined Celta Vigo on loan for the rest of the season,False,True
413,Bayindir,GK,16,MUN,4.5,2,IPS,True,0.0,0.0,0.0,0.0,0.0,0.0,0.0,0.0,0.0,0.3889166352618663,3.1956602646047507,0.29328731295177307,0.0,0.0,0.0,0.0,u,Has joined Celta Vigo on loan for the rest of the season,False,True
413,Bayindir,GK,16,MUN,4.5,3,EVE,False,0.176,0.4577432530933393,0.0,0.0,0.19550428119985377,0.0,0.0,0.0,0.33434753676502127,0.2777485202027839,2.601222037680441,0.29328731295177307,0.0,0.0,0.0,0.0,u,Has joined Celta Vigo on loan for the rest of the season,False,True
413,Bayindir,GK,16,MUN,4.5,4,MCI,True,0.176,0.3896300872150634,0.0,0.0,0.1495430639613406,0.0,0.0,0.0,0.33434753676502127,0.21245245611472408,2.214154687279481,0.29328731295177307,0.0,0.0,0.0,0.0,u,Has joined Celta Vigo on loan for the rest of the season,False,True
413,Bayindir,GK,16,MUN,4.5,5,FUL,False,0.176,0.45211884435701494,0.0,0.0,0.19154371681194057,0.0,0.0,0.0,0.33434753676502127,0.2721218357580263,2.5692601554353605,0.29328731295177307,0.0,0.0,0.0,0.0,u,Has joined Celta Vigo on loan for the rest of the season,False,True
413,Bayindir,GK,16,MUN,4.5,6,TOT,True,0.176,0.5417005414801765,0.0,0.0,0.25767411113130834,0.0,0.0,0.0,0.33434753676502127,0.36607179455128014,3.07832693720629,0.29328731295177307,0.0,0.0,0.0,0.0,u,Has joined Celta Vigo on loan for the rest of the season,False,True
414,Heaton,GK,16,MUN,4.0,1,HUL,False,0.0,0.0,0.0,0.0,0.0,0.0,0.0,0.0,0.0,0.3189527778671781,2.82903582716586,0.11422850674212981,0.0,0.0,0.0,0.1,i,Hamstring injury - Unknown return date,False,True
414,Heaton,GK,16,MUN,4.0,2,IPS,True,0.0,0.0,0.0,0.0,0.0,0.0,0.0,0.0,0.0,0.3889166352618663,3.1956602646047507,0.11422850674212981,0.0,0.0,0.0,0.1,i,Hamstring injury - Unknown return date,False,True
414,Heaton,GK,16,MUN,4.0,3,EVE,False,0.069,0.17828022544137412,0.0,0.0,0.07614431691024066,0.0,0.0,0.0,0.13022049768602798,0.2777485202027839,2.601222037680441,0.11422850674212981,0.0,0.0,0.0,0.1,i,Hamstring injury - Unknown return date,False,True
414,Heaton,GK,16,MUN,4.0,4,MCI,True,0.069,0.1517517501744135,0.0,0.0,0.058243504357638705,0.0,0.0,0.0,0.13022049768602798,0.21245245611472408,2.214154687279481,0.11422850674212981,0.0,0.0,0.0,0.1,i,Hamstring injury - Unknown return date,False,True
414,Heaton,GK,16,MUN,4.0,5,FUL,False,0.069,0.17608965059246012,0.0,0.0,0.07460177028135946,0.0,0.0,0.0,0.13022049768602798,0.2721218357580263,2.5692601554353605,0.11422850674212981,0.0,0.0,0.0,0.1,i,Hamstring injury - Unknown return date,False,True
414,Heaton,GK,16,MUN,4.0,6,TOT,True,0.069,0.21097961358068912,0.0,0.0,0.1003580026848107,0.0,0.0,0.0,0.13022049768602798,0.36607179455128014,3.07832693720629,0.11422850674212981,0.0,0.0,0.0,0.1,i,Hamstring injury - Unknown return date,False,True
415,Dorgu,MID,16,MUN,6.0,1,HUL,False,0.409,0.9079928037203313,0.0,0.0,0.13051509248807563,0.0,0.0,0.0,0.7774777112322556,0.3189527778671781,2.218952777867178,0.4091987953853977,0.0,0.0,0.0,1.3,a,,False,True
415,Dorgu,MID,16,MUN,6.0,2,IPS,True,0.409,0.9366219298867534,0.0,0.0,0.1591442186544978,0.0,0.0,0.0,0.7774777112322556,0.3889166352618663,2.288916635261866,0.4091987953853977,0.0,0.0,0.0,1.3,a,,False,True
415,Dorgu,MID,16,MUN,6.0,3,EVE,False,0.409,0.8911320711193116,0.0,0.0,0.11365435988705597,0.0,0.0,0.0,0.7774777112322556,0.2777485202027839,2.1777485202027838,0.4091987953853977,0.0,0.0,0.0,1.3,a,,False,True
415,Dorgu,MID,16,MUN,6.0,4,MCI,True,0.409,0.8644130003510698,0.0,0.0,0.08693528911881417,0.0,0.0,0.0,0.7774777112322556,0.21245245611472408,2.112452456114724,0.4091987953853977,0.0,0.0,0.0,1.3,a,,False,True
415,Dorgu,MID,16,MUN,6.0,5,FUL,False,0.409,0.888829638622503,0.0,0.0,0.11135192739024741,0.0,0.0,0.0,0.7774777112322556,0.2721218357580263,2.172121835758026,0.4091987953853977,0.0,0.0,0.0,1.3,a,,False,True
415,Dorgu,MID,16,MUN,6.0,6,TOT,True,0.409,0.9272738485872103,0.0,0.0,0.14979613735495464,0.0,0.0,0.0,0.7774777112322556,0.36607179455128014,2.26607179455128,0.4091987953853977,0.0,0.0,0.0,1.3,a,,False,True
416,De Ligt,DEF,16,MUN,5.0,1,HUL,False,0.0,0.0,0.0,0.0,0.0,0.0,0.0,0.0,0.0,0.3189527778671781,2.82903582716586,0.7024325609769122,0.0,0.0,0.0,0.0,i,Back injury - Unknown return date,False,True
416,De Ligt,DEF,16,MUN,5.0,2,IPS,True,0.0,0.0,0.0,0.0,0.0,0.0,0.0,0.0,0.0,0.3889166352618663,3.1956602646047507,0.7024325609769122,0.0,0.0,0.0,0.0,i,Back injury - Unknown return date,False,True
416,De Ligt,DEF,16,MUN,5.0,3,EVE,False,0.421,1.0963098345584723,0.0,0.0,0.4682390504486139,0.0,0.0,0.0,0.8007731195136799,0.2777485202027839,2.601222037680441,0.7024325609769122,0.0,0.0,0.0,0.0,i,Back injury - Unknown return date,False,True
416,De Ligt,DEF,16,MUN,5.0,4,MCI,True,0.421,0.9331766084308561,0.0,0.0,0.3581604548028016,0.0,0.0,0.0,0.8007731195136799,0.21245245611472408,2.214154687279481,0.7024325609769122,0.0,0.0,0.0,0.0,i,Back injury - Unknown return date,False,True
416,De Ligt,DEF,16,MUN,5.0,5,FUL,False,0.421,1.0828391944790399,0.0,0.0,0.4587533711741978,0.0,0.0,0.0,0.8007731195136799,0.2721218357580263,2.5692601554353605,0.7024325609769122,0.0,0.0,0.0,0.0,i,Back injury - Unknown return date,False,True
416,De Ligt,DEF,16,MUN,5.0,6,TOT,True,0.421,1.2973902444156173,0.0,0.0,0.6171377955553674,0.0,0.0,0.0,0.8007731195136799,0.36607179455128014,3.07832693720629,0.7024325609769122,0.0,0.0,0.0,0.0,i,Back injury - Unknown return date,False,True
417,Dalot,DEF,16,MUN,5.0,1,HUL,False,0.69,1.95178666761297,0.0,0.0,0.8801978023204187,0.0,0.0,0.0,1.3108334058037463,0.3189527778671781,2.82903582716586,0.689912318844077,0.0,0.0,0.0,2.7,a,,False,True
417,Dalot,DEF,16,MUN,5.0,2,IPS,True,0.69,2.2047253833913403,0.0,0.0,1.0732735106822013,0.0,0.0,0.0,1.3108334058037463,0.3889166352618663,3.1956602646047507,0.689912318844077,0.0,0.0,0.0,2.7,a,,False,True
417,Dalot,DEF,16,MUN,5.0,3,EVE,False,0.69,1.794615127844428,0.0,0.0,0.7664885025144544,0.0,0.0,0.0,1.3108334058037463,0.2777485202027839,2.601222037680441,0.689912318844077,0.0,0.0,0.0,2.7,a,,False,True
417,Dalot,DEF,16,MUN,5.0,4,MCI,True,0.69,1.527572594580469,0.0,0.0,0.5862942665689151,0.0,0.0,0.0,1.3108334058037463,0.21245245611472408,2.214154687279481,0.689912318844077,0.0,0.0,0.0,2.7,a,,False,True
417,Dalot,DEF,16,MUN,5.0,5,FUL,False,0.69,1.7725642315501031,0.0,0.0,0.7509608268637079,0.0,0.0,0.0,1.3108334058037463,0.2721218357580263,2.5692601554353605,0.689912318844077,0.0,0.0,0.0,2.7,a,,False,True
417,Dalot,DEF,16,MUN,5.0,6,TOT,True,0.69,2.123775675408177,0.0,0.0,1.010229762569145,0.0,0.0,0.0,1.3108334058037463,0.36607179455128014,3.07832693720629,0.689912318844077,0.0,0.0,0.0,2.7,a,,False,True
418,Maguire,DEF,16,MUN,5.0,1,HUL,False,0.656,1.8567929219862478,0.0,0.0,0.8373584451702417,0.0,0.0,0.0,1.2470349501752835,0.3189527778671781,2.82903582716586,0.6563341843027809,0.0,0.0,0.0,17.9,a,,False,True
418,Maguire,DEF,16,MUN,5.0,2,IPS,True,0.656,2.097421073078168,0.0,0.0,1.0210371302655168,0.0,0.0,0.0,1.2470349501752835,0.3889166352618663,3.1956602646047507,0.6563341843027809,0.0,0.0,0.0,17.9,a,,False,True
418,Maguire,DEF,16,MUN,5.0,3,EVE,False,0.656,1.7072709442914096,0.0,0.0,0.7291833937943946,0.0,0.0,0.0,1.2470349501752835,0.2777485202027839,2.601222037680441,0.6563341843027809,0.0,0.0,0.0,17.9,a,,False,True
418,Maguire,DEF,16,MUN,5.0,4,MCI,True,0.656,1.4532254105957572,0.0,0.0,0.5577592379487192,0.0,0.0,0.0,1.2470349501752835,0.21245245611472408,2.214154687279481,0.6563341843027809,0.0,0.0,0.0,17.9,a,,False,True
418,Maguire,DEF,16,MUN,5.0,5,FUL,False,0.656,1.686293268379303,0.0,0.0,0.714411452412878,0.0,0.0,0.0,1.2470349501752835,0.2721218357580263,2.5692601554353605,0.6563341843027809,0.0,0.0,0.0,17.9,a,,False,True
418,Maguire,DEF,16,MUN,5.0,6,TOT,True,0.656,2.020411199348568,0.0,0.0,0.9610617306922786,0.0,0.0,0.0,1.2470349501752835,0.36607179455128014,3.07832693720629,0.6563341843027809,0.0,0.0,0.0,17.9,a,,False,True
419,Martinez,DEF,16,MUN,5.0,1,HUL,False,0.583,1.6492233792062967,0.0,0.0,0.7437507479688813,0.0,0.0,0.0,1.1076298116843368,0.3189527778671781,2.82903582716586,0.5829630587812299,0.0,0.0,0.0,1.4,a,,False,True
419,Martinez,DEF,16,MUN,5.0,2,IPS,True,0.583,1.86295188267962,0.0,0.0,0.9068961252126461,0.0,0.0,0.0,1.1076298116843368,0.3889166352618663,3.1956602646047507,0.5829630587812299,0.0,0.0,0.0,1.4,a,,False,True
419,Martinez,DEF,16,MUN,5.0,3,EVE,False,0.583,1.5164163556553334,0.0,0.0,0.6476685076375005,0.0,0.0,0.0,1.1076298116843368,0.2777485202027839,2.601222037680441,0.5829630587812299,0.0,0.0,0.0,1.4,a,,False,True
419,Martinez,DEF,16,MUN,5.0,4,MCI,True,0.583,1.2907703891112439,0.0,0.0,0.4954077346488982,0.0,0.0,0.0,1.1076298116843368,0.21245245611472408,2.214154687279481,0.5829630587812299,0.0,0.0,0.0,1.4,a,,False,True
419,Martinez,DEF,16,MUN,5.0,5,FUL,False,0.583,1.4977837590173357,0.0,0.0,0.6345479109386498,0.0,0.0,0.0,1.1076298116843368,0.2721218357580263,2.5692601554353605,0.5829630587812299,0.0,0.0,0.0,1.4,a,,False,True
419,Martinez,DEF,16,MUN,5.0,6,TOT,True,0.583,1.794550887242434,0.0,0.0,0.8536253323405929,0.0,0.0,0.0,1.1076298116843368,0.36607179455128014,3.07832693720629,0.5829630587812299,0.0,0.0,0.0,1.4,a,,False,True
420,Yoro,DEF,16,MUN,5.0,1,HUL,False,0.476,1.346209670986034,0.0,0.0,0.6071005676627397,0.0,0.0,0.0,0.9041237125073378,0.3189527778671781,2.82903582716586,0.4758545855301778,0.0,0.0,0.0,0.7,a,,False,True
420,Yoro,DEF,16,MUN,5.0,2,IPS,True,0.476,1.520669590708752,0.0,0.0,0.7402710571133069,0.0,0.0,0.0,0.9041237125073378,0.3889166352618663,3.1956602646047507,0.4758545855301778,0.0,0.0,0.0,0.7,a,,False,True
420,Yoro,DEF,16,MUN,5.0,3,EVE,False,0.476,1.2378034346123907,0.0,0.0,0.5286716278508637,0.0,0.0,0.0,0.9041237125073378,0.2777485202027839,2.601222037680441,0.4758545855301778,0.0,0.0,0.0,0.7,a,,False,True
420,Yoro,DEF,16,MUN,5.0,4,MCI,True,0.476,1.053615661015078,0.0,0.0,0.4043859017973612,0.0,0.0,0.0,0.9041237125073378,0.21245245611472408,2.214154687279481,0.4758545855301778,0.0,0.0,0.0,0.7,a,,False,True
420,Yoro,DEF,16,MUN,5.0,5,FUL,False,0.476,1.2225942263838936,0.0,0.0,0.5179616934733868,0.0,0.0,0.0,0.9041237125073378,0.2721218357580263,2.5692601554353605,0.4758545855301778,0.0,0.0,0.0,0.7,a,,False,True
420,Yoro,DEF,16,MUN,5.0,6,TOT,True,0.476,1.4648359888306808,0.0,0.0,0.6967877682819512,0.0,0.0,0.0,0.9041237125073378,0.36607179455128014,3.07832693720629,0.4758545855301778,0.0,0.0,0.0,0.7,a,,False,True
421,Heaven,DEF,16,MUN,4.5,1,HUL,False,0.284,0.803056243257325,0.0,0.0,0.3621545080637643,0.0,0.0,0.0,0.5393381192056084,0.3189527778671781,2.82903582716586,0.2838621680029518,0.0,0.0,0.0,0.4,a,,False,True
421,Heaven,DEF,16,MUN,4.5,2,IPS,True,0.284,0.9071270509115911,0.0,0.0,0.44159487703138645,0.0,0.0,0.0,0.5393381192056084,0.3889166352618663,3.1956602646047507,0.2838621680029518,0.0,0.0,0.0,0.4,a,,False,True
421,Heaven,DEF,16,MUN,4.5,3,EVE,False,0.284,0.7383885270730258,0.0,0.0,0.31536918841749556,0.0,0.0,0.0,0.5393381192056084,0.2777485202027839,2.601222037680441,0.2838621680029518,0.0,0.0,0.0,0.4,a,,False,True
421,Heaven,DEF,16,MUN,4.5,4,MCI,True,0.284,0.6285147498250513,0.0,0.0,0.24122885916111017,0.0,0.0,0.0,0.5393381192056084,0.21245245611472408,2.214154687279481,0.2838621680029518,0.0,0.0,0.0,0.4,a,,False,True
421,Heaven,DEF,16,MUN,4.5,5,FUL,False,0.284,0.7293157578854823,0.0,0.0,0.30898037703686604,0.0,0.0,0.0,0.5393381192056084,0.2721218357580263,2.5692601554353605,0.2838621680029518,0.0,0.0,0.0,0.4,a,,False,True
421,Heaven,DEF,16,MUN,4.5,6,TOT,True,0.284,0.873820558217264,0.0,0.0,0.41565573298423014,0.0,0.0,0.0,0.5393381192056084,0.36607179455128014,3.07832693720629,0.2838621680029518,0.0,0.0,0.0,0.4,a,,False,True
422,Mazraoui,DEF,16,MUN,4.5,1,HUL,False,0.236,0.6686160467457811,0.0,0.0,0.3015259734618202,0.0,0.0,0.0,0.44904715472961915,0.3189527778671781,2.82903582716586,0.23634060775243115,0.0,0.0,0.0,0.7,a,,False,True
422,Mazraoui,DEF,16,MUN,4.5,2,IPS,True,0.236,0.7552642891069817,0.0,0.0,0.36766717577128033,0.0,0.0,0.0,0.44904715472961915,0.3889166352618663,3.1956602646047507,0.23634060775243115,0.0,0.0,0.0,0.7,a,,False,True
422,Mazraoui,DEF,16,MUN,4.5,3,EVE,False,0.236,0.6147743972844126,0.0,0.0,0.2625730162682574,0.0,0.0,0.0,0.44904715472961915,0.2777485202027839,2.601222037680441,0.23634060775243115,0.0,0.0,0.0,0.7,a,,False,True
422,Mazraoui,DEF,16,MUN,4.5,4,MCI,True,0.236,0.5232946644495267,0.0,0.0,0.2008445703866024,0.0,0.0,0.0,0.44904715472961915,0.21245245611472408,2.214154687279481,0.23634060775243115,0.0,0.0,0.0,0.7,a,,False,True
422,Mazraoui,DEF,16,MUN,4.5,5,FUL,False,0.236,0.6072205066096987,0.0,0.0,0.25725376018303675,0.0,0.0,0.0,0.44904715472961915,0.2721218357580263,2.5692601554353605,0.23634060775243115,0.0,0.0,0.0,0.7,a,,False,True
422,Mazraoui,DEF,16,MUN,4.5,6,TOT,True,0.236,0.7275336592000146,0.0,0.0,0.34607052162109064,0.0,0.0,0.0,0.44904715472961915,0.36607179455128014,3.07832693720629,0.23634060775243115,0.0,0.0,0.0,0.7,a,,False,True
423,Shaw,DEF,16,MUN,4.5,1,HUL,False,0.217,0.6152833836112136,0.0,0.0,0.2774745268247996,0.0,0.0,0.0,0.41322856983131717,0.3189527778671781,2.82903582716586,0.21748872096385116,0.0,0.0,0.0,20.8,a,,False,True
423,Shaw,DEF,16,MUN,4.5,2,IPS,True,0.217,0.6950200635838895,0.0,0.0,0.3383399262586717,0.0,0.0,0.0,0.41322856983131717,0.3889166352618663,3.1956602646047507,0.21748872096385116,0.0,0.0,0.0,20.8,a,,False,True
423,Shaw,DEF,16,MUN,4.5,3,EVE,False,0.217,0.5657364539181017,0.0,0.0,0.24162868163402337,0.0,0.0,0.0,0.41322856983131717,0.2777485202027839,2.601222037680441,0.21748872096385116,0.0,0.0,0.0,20.8,a,,False,True
423,Shaw,DEF,16,MUN,4.5,4,MCI,True,0.217,0.4815536709525302,0.0,0.0,0.18482405178408023,0.0,0.0,0.0,0.41322856983131717,0.21245245611472408,2.214154687279481,0.21748872096385116,0.0,0.0,0.0,20.8,a,,False,True
423,Shaw,DEF,16,MUN,4.5,5,FUL,False,0.217,0.5587851050290219,0.0,0.0,0.23673372002139326,0.0,0.0,0.0,0.41322856983131717,0.2721218357580263,2.5692601554353605,0.21748872096385116,0.0,0.0,0.0,20.8,a,,False,True
423,Shaw,DEF,16,MUN,4.5,6,TOT,True,0.217,0.6695013882815655,0.0,0.0,0.31846594551159846,0.0,0.0,0.0,0.41322856983131717,0.36607179455128014,3.07832693720629,0.21748872096385116,0.0,0.0,0.0,20.8,a,,False,True
424,Amass,DEF,16,MUN,4.0,1,HUL,False,0.084,0.2365508018956095,0.0,0.0,0.10667738407102163,0.0,0.0,0.0,0.15886915226942017,0.3189527778671781,2.82903582716586,0.08361534329969483,0.0,0.0,0.0,0.2,a,,False,True
424,Amass,DEF,16,MUN,4.0,2,IPS,True,0.084,0.26720623009411987,0.0,0.0,0.1300775918895326,0.0,0.0,0.0,0.15886915226942017,0.3889166352618663,3.1956602646047507,0.08361534329969483,0.0,0.0,0.0,0.2,a,,False,True
424,Amass,DEF,16,MUN,4.0,3,EVE,False,0.084,0.21750207367938176,0.0,0.0,0.09289615147095201,0.0,0.0,0.0,0.15886915226942017,0.2777485202027839,2.601222037680441,0.08361534329969483,0.0,0.0,0.0,0.2,a,,False,True
424,Amass,DEF,16,MUN,4.0,4,MCI,True,0.084,0.18513730429550226,0.0,0.0,0.07105714021158402,0.0,0.0,0.0,0.15886915226942017,0.21245245611472408,2.214154687279481,0.08361534329969483,0.0,0.0,0.0,0.2,a,,False,True
424,Amass,DEF,16,MUN,4.0,5,FUL,False,0.084,0.21482956992295493,0.0,0.0,0.09101424286500216,0.0,0.0,0.0,0.15886915226942017,0.2721218357580263,2.5692601554353605,0.08361534329969483,0.0,0.0,0.0,0.2,a,,False,True
424,Amass,DEF,16,MUN,4.0,6,TOT,True,0.084,0.2573953636432021,0.0,0.0,0.12243687509496258,0.0,0.0,0.0,0.15886915226942017,0.36607179455128014,3.07832693720629,0.08361534329969483,0.0,0.0,0.0,0.2,a,,False,True
425,Fredricson,DEF,16,MUN,4.0,1,HUL,False,0.0,0.0,0.0,0.0,0.0,0.0,0.0,0.0,0.0,0.3189527778671781,2.82903582716586,0.08138251901623299,0.0,0.0,0.0,0.0,u,Has joined Lausanne-Sport permanently,False,True
425,Fredricson,DEF,16,MUN,4.0,2,IPS,True,0.0,0.0,0.0,0.0,0.0,0.0,0.0,0.0,0.0,0.3889166352618663,3.1956602646047507,0.08138251901623299,0.0,0.0,0.0,0.0,u,Has joined Lausanne-Sport permanently,False,True
425,Fredricson,DEF,16,MUN,4.0,3,EVE,False,0.049,0.12701640116818366,0.0,0.0,0.054249298145120715,0.0,0.0,0.0,0.0927760716785056,0.2777485202027839,2.601222037680441,0.08138251901623299,0.0,0.0,0.0,0.0,u,Has joined Lausanne-Sport permanently,False,True
425,Fredricson,DEF,16,MUN,4.0,4,MCI,True,0.049,0.10811609156544227,0.0,0.0,0.041495798519524646,0.0,0.0,0.0,0.0927760716785056,0.21245245611472408,2.214154687279481,0.08138251901623299,0.0,0.0,0.0,0.0,u,Has joined Lausanne-Sport permanently,False,True
425,Fredricson,DEF,16,MUN,4.0,5,FUL,False,0.049,0.12545571807442074,0.0,0.0,0.05315030513594353,0.0,0.0,0.0,0.0927760716785056,0.2721218357580263,2.5692601554353605,0.08138251901623299,0.0,0.0,0.0,0.0,u,Has joined Lausanne-Sport permanently,False,True
425,Fredricson,DEF,16,MUN,4.0,6,TOT,True,0.049,0.1503132003032239,0.0,0.0,0.07150042747530261,0.0,0.0,0.0,0.0927760716785056,0.36607179455128014,3.07832693720629,0.08138251901623299,0.0,0.0,0.0,0.0,u,Has joined Lausanne-Sport permanently,False,True
426,B.Fernandes,MID,16,MUN,12.0,1,HUL,False,0.794,1.9953076620329004,0.2344579228909889,0.0,0.2531049427044754,0.0,0.0,0.0,1.5077447964374362,0.3189527778671781,2.5144073233217235,0.7935498928618085,0.0590909090909091,0.0,0.0,50.7,a,,True,True
426,B.Fernandes,MID,16,MUN,12.0,2,IPS,True,0.794,2.100063637379762,0.2836940866980966,0.0,0.3086247542442291,0.0,0.0,0.0,1.5077447964374362,0.3889166352618663,2.6464166352618665,0.7935498928618085,0.07150000000000001,0.0,0.0,50.7,a,,True,True
426,B.Fernandes,MID,16,MUN,12.0,3,EVE,False,0.794,1.9136922163656944,0.1855401114788131,0.0,0.22040730844944503,0.0,0.0,0.0,1.5077447964374362,0.2777485202027839,2.411558786132873,0.7935498928618085,0.0467620531860178,0.0,0.0,50.7,a,,True,True
426,B.Fernandes,MID,16,MUN,12.0,4,MCI,True,0.794,1.857366098605775,0.1810296783802715,0.0,0.16859162378806739,0.0,0.0,0.0,1.5077447964374362,0.21245245611472408,2.340578853722085,0.7935498928618085,0.04562527952147216,0.0,0.0,50.7,a,,True,True
426,B.Fernandes,MID,16,MUN,12.0,5,FUL,False,0.794,1.9013655963696061,0.17767854632102956,0.0,0.21594225361114042,0.0,0.0,0.0,1.5077447964374362,0.2721218357580263,2.3960252700843303,0.7935498928618085,0.04478068686526081,0.0,0.0,50.7,a,,True,True
426,B.Fernandes,MID,16,MUN,12.0,6,TOT,True,0.794,2.020205139403596,0.22196410962026128,0.0,0.29049623334589836,0.0,0.0,0.0,1.5077447964374362,0.36607179455128014,2.5457821336451256,0.7935498928618085,0.05594206781876912,0.0,0.0,50.7,a,,True,True
427,Mbeumo,MID,16,MUN,8.0,1,HUL,False,0.775,1.7197955320052984,0.0,0.0,0.2472038016166766,0.0,0.0,0.0,1.4725917303886218,0.3189527778671781,2.218952777867178,0.7750482791519062,0.0,0.0,0.0,37.8,a,,False,True
427,Mbeumo,MID,16,MUN,8.0,2,IPS,True,0.775,1.774020899281881,0.0,0.0,0.30142916889325905,0.0,0.0,0.0,1.4725917303886218,0.3889166352618663,2.288916635261866,0.7750482791519062,0.0,0.0,0.0,37.8,a,,False,True
427,Mbeumo,MID,16,MUN,8.0,3,EVE,False,0.775,1.687860243008778,0.0,0.0,0.21526851262015612,0.0,0.0,0.0,1.4725917303886218,0.2777485202027839,2.1777485202027838,0.7750482791519062,0.0,0.0,0.0,37.8,a,,False,True
427,Mbeumo,MID,16,MUN,8.0,4,MCI,True,0.775,1.6372526409019346,0.0,0.0,0.16466091051331277,0.0,0.0,0.0,1.4725917303886218,0.21245245611472408,2.112452456114724,0.7750482791519062,0.0,0.0,0.0,37.8,a,,False,True
427,Mbeumo,MID,16,MUN,8.0,5,FUL,False,0.775,1.6834992909125377,0.0,0.0,0.21090756052391593,0.0,0.0,0.0,1.4725917303886218,0.2721218357580263,2.172121835758026,0.7750482791519062,0.0,0.0,0.0,37.8,a,,False,True
427,Mbeumo,MID,16,MUN,8.0,6,TOT,True,0.775,1.7563150448016416,0.0,0.0,0.28372331441301984,0.0,0.0,0.0,1.4725917303886218,0.36607179455128014,2.26607179455128,0.7750482791519062,0.0,0.0,0.0,37.8,a,,False,True
428,Cunha,MID,16,MUN,8.0,1,HUL,False,0.741,1.645287237089292,0.0,0.0,0.23649396232913242,0.0,0.0,0.0,1.4087932747601595,0.3189527778671781,2.218952777867178,0.7414701446106102,0.0,0.0,0.0,10.0,a,,False,True
428,Cunha,MID,16,MUN,8.0,2,IPS,True,0.741,1.6971633485492474,0.0,0.0,0.28837007378908797,0.0,0.0,0.0,1.4087932747601595,0.3889166352618663,2.288916635261866,0.7414701446106102,0.0,0.0,0.0,10.0,a,,False,True
428,Cunha,MID,16,MUN,8.0,3,EVE,False,0.741,1.6147355102003007,0.0,0.0,0.20594223544014117,0.0,0.0,0.0,1.4087932747601595,0.2777485202027839,2.1777485202027838,0.7414701446106102,0.0,0.0,0.0,10.0,a,,False,True
428,Cunha,MID,16,MUN,8.0,4,MCI,True,0.741,1.5663204281184233,0.0,0.0,0.15752715335826378,0.0,0.0,0.0,1.4087932747601595,0.21245245611472408,2.112452456114724,0.7414701446106102,0.0,0.0,0.0,10.0,a,,False,True
428,Cunha,MID,16,MUN,8.0,5,FUL,False,0.741,1.610563491671368,0.0,0.0,0.20177021691120847,0.0,0.0,0.0,1.4087932747601595,0.2721218357580263,2.172121835758026,0.7414701446106102,0.0,0.0,0.0,10.0,a,,False,True
428,Cunha,MID,16,MUN,8.0,6,TOT,True,0.741,1.6802245812039627,0.0,0.0,0.27143130644380326,0.0,0.0,0.0,1.4087932747601595,0.36607179455128014,2.26607179455128,0.7414701446106102,0.0,0.0,0.0,10.0,a,,False,True
429,Rashford,MID,16,MUN,7.0,1,HUL,False,0.655,1.4544421779045669,0.0,0.0,0.2090618500388917,0.0,0.0,0.0,1.2453803278656752,0.3189527778671781,2.218952777867178,0.6554633304556186,0.0,0.0,0.0,1.7,a,,False,True
429,Rashford,MID,16,MUN,7.0,2,IPS,True,0.655,1.5003009208840112,0.0,0.0,0.254920593018336,0.0,0.0,0.0,1.2453803278656752,0.3889166352618663,2.288916635261866,0.6554633304556186,0.0,0.0,0.0,1.7,a,,False,True
429,Rashford,MID,16,MUN,7.0,3,EVE,False,0.655,1.4274342979469117,0.0,0.0,0.1820539700812364,0.0,0.0,0.0,1.2453803278656752,0.2777485202027839,2.1777485202027838,0.6554633304556186,0.0,0.0,0.0,1.7,a,,False,True
429,Rashford,MID,16,MUN,7.0,4,MCI,True,0.655,1.3846351223141085,0.0,0.0,0.1392547944484332,0.0,0.0,0.0,1.2453803278656752,0.21245245611472408,2.112452456114724,0.6554633304556186,0.0,0.0,0.0,1.7,a,,False,True
429,Rashford,MID,16,MUN,7.0,5,FUL,False,0.655,1.423746212621328,0.0,0.0,0.17836588475565274,0.0,0.0,0.0,1.2453803278656752,0.2721218357580263,2.172121835758026,0.6554633304556186,0.0,0.0,0.0,1.7,a,,False,True
429,Rashford,MID,16,MUN,7.0,6,TOT,True,0.655,1.4853269655081223,0.0,0.0,0.23994663764244703,0.0,0.0,0.0,1.2453803278656752,0.36607179455128014,2.26607179455128,0.6554633304556186,0.0,0.0,0.0,1.7,a,,False,True
430,Mount,MID,16,MUN,5.5,1,HUL,False,0.21,0.4648990080090665,0.0,0.0,0.06682468933598146,0.0,0.0,0.0,0.398074318673085,0.3189527778671781,2.218952777867178,0.2793503990688316,0.0,0.0,0.0,0.0,d,Foot injury - 75% chance of playing,False,True
430,Mount,MID,16,MUN,5.5,2,IPS,True,0.21,0.47955733162176717,0.0,0.0,0.08148301294868218,0.0,0.0,0.0,0.398074318673085,0.3889166352618663,2.288916635261866,0.2793503990688316,0.0,0.0,0.0,0.0,d,Foot injury - 75% chance of playing,False,True
430,Mount,MID,16,MUN,5.5,3,EVE,False,0.251,0.5475194263711846,0.0,0.0,0.0698302439634826,0.0,0.0,0.0,0.4776891824077019,0.2777485202027839,2.1777485202027838,0.2793503990688316,0.0,0.0,0.0,0.0,d,Foot injury - 75% chance of playing,False,True
430,Mount,MID,16,MUN,5.5,4,MCI,True,0.251,0.5311029929666233,0.0,0.0,0.053413810558921436,0.0,0.0,0.0,0.4776891824077019,0.21245245611472408,2.112452456114724,0.2793503990688316,0.0,0.0,0.0,0.0,d,Foot injury - 75% chance of playing,False,True
430,Mount,MID,16,MUN,5.5,5,FUL,False,0.251,0.5461047914806149,0.0,0.0,0.06841560907291291,0.0,0.0,0.0,0.4776891824077019,0.2721218357580263,2.172121835758026,0.2793503990688316,0.0,0.0,0.0,0.0,d,Foot injury - 75% chance of playing,False,True
430,Mount,MID,16,MUN,5.5,6,TOT,True,0.251,0.569725254113871,0.0,0.0,0.09203607170616908,0.0,0.0,0.0,0.4776891824077019,0.36607179455128014,2.26607179455128,0.2793503990688316,0.0,0.0,0.0,0.0,d,Foot injury - 75% chance of playing,False,True
431,Amad,MID,16,MUN,6.0,1,HUL,False,0.271,0.601908529195392,0.0,0.0,0.08651846912819221,0.0,0.0,0.0,0.5153900600671998,0.3189527778671781,2.218952777867178,0.3616772351348771,0.0,0.0,0.0,1.4,d,Unspecified injury - 75% chance of playing,False,True
431,Amad,MID,16,MUN,6.0,2,IPS,True,0.271,0.6208867800718032,0.0,0.0,0.10549672000460343,0.0,0.0,0.0,0.5153900600671998,0.3889166352618663,2.288916635261866,0.3616772351348771,0.0,0.0,0.0,1.4,d,Unspecified injury - 75% chance of playing,False,True
431,Amad,MID,16,MUN,6.0,3,EVE,False,0.326,0.7088778572454115,0.0,0.0,0.09040978516477179,0.0,0.0,0.0,0.6184680720806397,0.2777485202027839,2.1777485202027838,0.3616772351348771,0.0,0.0,0.0,1.4,d,Unspecified injury - 75% chance of playing,False,True
431,Amad,MID,16,MUN,6.0,4,MCI,True,0.326,0.6876233673133082,0.0,0.0,0.06915529523266849,0.0,0.0,0.0,0.6184680720806397,0.21245245611472408,2.112452456114724,0.3616772351348771,0.0,0.0,0.0,1.4,d,Unspecified injury - 75% chance of playing,False,True
431,Amad,MID,16,MUN,6.0,5,FUL,False,0.326,0.7070463179397508,0.0,0.0,0.08857824585911106,0.0,0.0,0.0,0.6184680720806397,0.2721218357580263,2.172121835758026,0.3616772351348771,0.0,0.0,0.0,1.4,d,Unspecified injury - 75% chance of playing,False,True
431,Amad,MID,16,MUN,6.0,6,TOT,True,0.326,0.7376279231433924,0.0,0.0,0.11915985106275279,0.0,0.0,0.0,0.6184680720806397,0.36607179455128014,2.26607179455128,0.3616772351348771,0.0,0.0,0.0,1.4,d,Unspecified injury - 75% chance of playing,False,True
432,Mainoo,MID,16,MUN,5.5,1,HUL,False,0.273,0.6051492801564778,0.0,0.0,0.08698429540972649,0.0,0.0,0.0,0.5181649847467513,0.3189527778671781,2.218952777867178,0.272718413024606,0.0,0.0,0.0,1.0,a,,False,True
432,Mainoo,MID,16,MUN,5.5,2,IPS,True,0.273,0.6242297123142371,0.0,0.0,0.1060647275674857,0.0,0.0,0.0,0.5181649847467513,0.3889166352618663,2.288916635261866,0.272718413024606,0.0,0.0,0.0,1.0,a,,False,True
432,Mainoo,MID,16,MUN,5.5,3,EVE,False,0.273,0.5939121203963873,0.0,0.0,0.07574713564963594,0.0,0.0,0.0,0.5181649847467513,0.2777485202027839,2.1777485202027838,0.272718413024606,0.0,0.0,0.0,1.0,a,,False,True
432,Mainoo,MID,16,MUN,5.5,4,MCI,True,0.273,0.5761046814215386,0.0,0.0,0.057939696674787294,0.0,0.0,0.0,0.5181649847467513,0.21245245611472408,2.112452456114724,0.272718413024606,0.0,0.0,0.0,1.0,a,,False,True
432,Mainoo,MID,16,MUN,5.5,5,FUL,False,0.273,0.5923776199440227,0.0,0.0,0.0742126351972714,0.0,0.0,0.0,0.5181649847467513,0.2721218357580263,2.172121835758026,0.272718413024606,0.0,0.0,0.0,1.0,a,,False,True
432,Mainoo,MID,16,MUN,5.5,6,TOT,True,0.273,0.617999503609846,0.0,0.0,0.09983451886309472,0.0,0.0,0.0,0.5181649847467513,0.36607179455128014,2.26607179455128,0.272718413024606,0.0,0.0,0.0,1.0,a,,False,True
433,Ugarte,MID,16,MUN,5.0,1,HUL,False,0.0,0.0,0.0,0.0,0.0,0.0,0.0,0.0,0.0,0.3189527778671781,2.218952777867178,0.1531874695757965,0.0,0.0,0.0,0.0,i,Knee injury - Unknown return date,False,True
433,Ugarte,MID,16,MUN,5.0,2,IPS,True,0.0,0.0,0.0,0.0,0.0,0.0,0.0,0.0,0.0,0.3889166352618663,2.288916635261866,0.1531874695757965,0.0,0.0,0.0,0.0,i,Knee injury - Unknown return date,False,True
433,Ugarte,MID,16,MUN,5.0,3,EVE,False,0.092,0.20016227110937984,0.0,0.0,0.025528555792971874,0.0,0.0,0.0,0.17463371531640798,0.2777485202027839,2.1777485202027838,0.1531874695757965,0.0,0.0,0.0,0.0,i,Knee injury - Unknown return date,False,True
433,Ugarte,MID,16,MUN,5.0,4,MCI,True,0.092,0.1941607478108345,0.0,0.0,0.01952703249442652,0.0,0.0,0.0,0.17463371531640798,0.21245245611472408,2.112452456114724,0.1531874695757965,0.0,0.0,0.0,0.0,i,Knee injury - Unknown return date,False,True
433,Ugarte,MID,16,MUN,5.0,5,FUL,False,0.092,0.1996451085780635,0.0,0.0,0.025011393261655523,0.0,0.0,0.0,0.17463371531640798,0.2721218357580263,2.172121835758026,0.1531874695757965,0.0,0.0,0.0,0.0,i,Knee injury - Unknown return date,False,True
433,Ugarte,MID,16,MUN,5.0,6,TOT,True,0.092,0.20828028245063684,0.0,0.0,0.033646567134228866,0.0,0.0,0.0,0.17463371531640798,0.36607179455128014,2.26607179455128,0.1531874695757965,0.0,0.0,0.0,0.0,i,Knee injury - Unknown return date,False,True
434,J.Fletcher,MID,16,MUN,5.0,1,HUL,False,0.153,0.3393734880291846,0.0,0.0,0.04878162249375332,0.0,0.0,0.0,0.29059186553543126,0.3189527778671781,2.218952777867178,0.1529430871239112,0.0,0.0,0.0,0.0,a,,False,True
434,J.Fletcher,MID,16,MUN,5.0,2,IPS,True,0.153,0.3500739763662253,0.0,0.0,0.059482110830794015,0.0,0.0,0.0,0.29059186553543126,0.3889166352618663,2.288916635261866,0.1529430871239112,0.0,0.0,0.0,0.0,a,,False,True
434,J.Fletcher,MID,16,MUN,5.0,3,EVE,False,0.153,0.33307158165934303,0.0,0.0,0.042479716123911784,0.0,0.0,0.0,0.29059186553543126,0.2777485202027839,2.1777485202027838,0.1529430871239112,0.0,0.0,0.0,0.0,a,,False,True
434,J.Fletcher,MID,16,MUN,5.0,4,MCI,True,0.153,0.3230850000406744,0.0,0.0,0.03249313450524317,0.0,0.0,0.0,0.29059186553543126,0.21245245611472408,2.112452456114724,0.1529430871239112,0.0,0.0,0.0,0.0,a,,False,True
434,J.Fletcher,MID,16,MUN,5.0,5,FUL,False,0.153,0.3322110191700897,0.0,0.0,0.041619153634658464,0.0,0.0,0.0,0.29059186553543126,0.2721218357580263,2.172121835758026,0.1529430871239112,0.0,0.0,0.0,0.0,a,,False,True
434,J.Fletcher,MID,16,MUN,5.0,6,TOT,True,0.153,0.34658001590309423,0.0,0.0,0.055988150367662956,0.0,0.0,0.0,0.29059186553543126,0.36607179455128014,2.26607179455128,0.1529430871239112,0.0,0.0,0.0,0.0,a,,False,True
435,Lacey,MID,16,MUN,5.0,1,HUL,False,0.153,0.33919483039285225,0.0,0.0,0.04875594220440072,0.0,0.0,0.0,0.29043888818845154,0.3189527778671781,2.218952777867178,0.15286257273076398,0.0,0.0,0.0,0.0,a,,False,True
435,Lacey,MID,16,MUN,5.0,2,IPS,True,0.153,0.3498896856323726,0.0,0.0,0.059450797443921045,0.0,0.0,0.0,0.29043888818845154,0.3889166352618663,2.288916635261866,0.15286257273076398,0.0,0.0,0.0,0.0,a,,False,True
435,Lacey,MID,16,MUN,5.0,3,EVE,False,0.153,0.33289624155881165,0.0,0.0,0.04245735337036012,0.0,0.0,0.0,0.29043888818845154,0.2777485202027839,2.1777485202027838,0.15286257273076398,0.0,0.0,0.0,0.0,a,,False,True
435,Lacey,MID,16,MUN,5.0,4,MCI,True,0.153,0.322914917213118,0.0,0.0,0.03247602902466645,0.0,0.0,0.0,0.29043888818845154,0.21245245611472408,2.112452456114724,0.15286257273076398,0.0,0.0,0.0,0.0,a,,False,True
435,Lacey,MID,16,MUN,5.0,5,FUL,False,0.153,0.33203613209864186,0.0,0.0,0.041597243910190304,0.0,0.0,0.0,0.29043888818845154,0.2721218357580263,2.172121835758026,0.15286257273076398,0.0,0.0,0.0,0.0,a,,False,True
435,Lacey,MID,16,MUN,5.0,6,TOT,True,0.153,0.3463975645077279,0.0,0.0,0.05595867631927635,0.0,0.0,0.0,0.29043888818845154,0.36607179455128014,2.26607179455128,0.15286257273076398,0.0,0.0,0.0,0.0,a,,False,True
436,Collyer,MID,16,MUN,5.0,1,HUL,False,0.153,0.33913600181073333,0.0,0.0,0.04874748617060318,0.0,0.0,0.0,0.2903885156401302,0.3189527778671781,2.218952777867178,0.15283606086322643,0.0,0.0,0.0,0.0,a,,False,True
436,Collyer,MID,16,MUN,5.0,2,IPS,True,0.153,0.34982900217773405,0.0,0.0,0.05944048653760384,0.0,0.0,0.0,0.2903885156401302,0.3889166352618663,2.288916635261866,0.15283606086322643,0.0,0.0,0.0,0.0,a,,False,True
436,Collyer,MID,16,MUN,5.0,3,EVE,False,0.153,0.33283850537851395,0.0,0.0,0.04244998973838376,0.0,0.0,0.0,0.2903885156401302,0.2777485202027839,2.1777485202027838,0.15283606086322643,0.0,0.0,0.0,0.0,a,,False,True
436,Collyer,MID,16,MUN,5.0,4,MCI,True,0.153,0.3228589121534221,0.0,0.0,0.03247039651329191,0.0,0.0,0.0,0.2903885156401302,0.21245245611472408,2.112452456114724,0.15283606086322643,0.0,0.0,0.0,0.0,a,,False,True
436,Collyer,MID,16,MUN,5.0,5,FUL,False,0.153,0.33197854509225677,0.0,0.0,0.041590029452126615,0.0,0.0,0.0,0.2903885156401302,0.2721218357580263,2.172121835758026,0.15283606086322643,0.0,0.0,0.0,0.0,a,,False,True
436,Collyer,MID,16,MUN,5.0,6,TOT,True,0.153,0.34633748671248016,0.0,0.0,0.05594897107234997,0.0,0.0,0.0,0.2903885156401302,0.36607179455128014,2.26607179455128,0.15283606086322643,0.0,0.0,0.0,0.0,a,,False,True
437,Bendito Mantato,MID,16,MUN,4.5,1,HUL,False,0.041,0.09078436208101438,0.0,0.0,0.013049364890257476,0.0,0.0,0.0,0.07773499719075691,0.3189527778671781,2.218952777867178,0.04091315641618785,0.0,0.0,0.0,0.2,a,,False,True
437,Bendito Mantato,MID,16,MUN,4.5,2,IPS,True,0.041,0.09364680432208312,0.0,0.0,0.015911807131326214,0.0,0.0,0.0,0.07773499719075691,0.3889166352618663,2.288916635261866,0.04091315641618785,0.0,0.0,0.0,0.2,a,,False,True
437,Bendito Mantato,MID,16,MUN,4.5,3,EVE,False,0.041,0.08909856584217812,0.0,0.0,0.011363568651421208,0.0,0.0,0.0,0.07773499719075691,0.2777485202027839,2.1777485202027838,0.04091315641618785,0.0,0.0,0.0,0.2,a,,False,True
437,Bendito Mantato,MID,16,MUN,4.5,4,MCI,True,0.041,0.0864270977587819,0.0,0.0,0.008692100568024991,0.0,0.0,0.0,0.07773499719075691,0.21245245611472408,2.112452456114724,0.04091315641618785,0.0,0.0,0.0,0.2,a,,False,True
437,Bendito Mantato,MID,16,MUN,4.5,5,FUL,False,0.041,0.08886836042138521,0.0,0.0,0.011133363230628308,0.0,0.0,0.0,0.07773499719075691,0.2721218357580263,2.172121835758026,0.04091315641618785,0.0,0.0,0.0,0.2,a,,False,True
437,Bendito Mantato,MID,16,MUN,4.5,6,TOT,True,0.041,0.09271214978078801,0.0,0.0,0.014977152590031106,0.0,0.0,0.0,0.07773499719075691,0.36607179455128014,2.26607179455128,0.04091315641618785,0.0,0.0,0.0,0.2,a,,False,True
438,Fletcher,MID,16,MUN,4.5,1,HUL,False,0.041,0.09077798619722581,0.0,0.0,0.013048448419268993,0.0,0.0,0.0,0.07772953777795681,0.3189527778671781,2.218952777867178,0.0409102830410299,0.0,0.0,0.0,0.4,a,,False,True
438,Fletcher,MID,16,MUN,4.5,2,IPS,True,0.041,0.09364022740588475,0.0,0.0,0.01591068962792794,0.0,0.0,0.0,0.07772953777795681,0.3889166352618663,2.288916635261866,0.0409102830410299,0.0,0.0,0.0,0.4,a,,False,True
438,Fletcher,MID,16,MUN,4.5,3,EVE,False,0.041,0.08909230835367991,0.0,0.0,0.0113627705757231,0.0,0.0,0.0,0.07772953777795681,0.2777485202027839,2.1777485202027838,0.0409102830410299,0.0,0.0,0.0,0.4,a,,False,True
438,Fletcher,MID,16,MUN,4.5,4,MCI,True,0.041,0.08642102789037216,0.0,0.0,0.008691490112415346,0.0,0.0,0.0,0.07772953777795681,0.21245245611472408,2.112452456114724,0.0409102830410299,0.0,0.0,0.0,0.4,a,,False,True
438,Fletcher,MID,16,MUN,4.5,5,FUL,False,0.041,0.08886211910046232,0.0,0.0,0.011132581322505507,0.0,0.0,0.0,0.07772953777795681,0.2721218357580263,2.172121835758026,0.0409102830410299,0.0,0.0,0.0,0.4,a,,False,True
438,Fletcher,MID,16,MUN,4.5,6,TOT,True,0.041,0.09270563850638742,0.0,0.0,0.014976100728430617,0.0,0.0,0.0,0.07772953777795681,0.36607179455128014,2.26607179455128,0.0409102830410299,0.0,0.0,0.0,0.4,a,,False,True
439,Šeško,FWD,16,MUN,7.0,1,HUL,False,0.671,1.2754054393421306,0.0,0.0,0.0,0.0,0.0,0.0,1.2754054393421306,0.3189527778671781,1.9,0.6712660207063845,0.0,0.0,0.0,1.5,a,,False,True
439,Šeško,FWD,16,MUN,7.0,2,IPS,True,0.671,1.2754054393421306,0.0,0.0,0.0,0.0,0.0,0.0,1.2754054393421306,0.3889166352618663,1.9,0.6712660207063845,0.0,0.0,0.0,1.5,a,,False,True
439,Šeško,FWD,16,MUN,7.0,3,EVE,False,0.671,1.2754054393421306,0.0,0.0,0.0,0.0,0.0,0.0,1.2754054393421306,0.2777485202027839,1.9,0.6712660207063845,0.0,0.0,0.0,1.5,a,,False,True
439,Šeško,FWD,16,MUN,7.0,4,MCI,True,0.671,1.2754054393421306,0.0,0.0,0.0,0.0,0.0,0.0,1.2754054393421306,0.21245245611472408,1.9,0.6712660207063845,0.0,0.0,0.0,1.5,a,,False,True
439,Šeško,FWD,16,MUN,7.0,5,FUL,False,0.671,1.2754054393421306,0.0,0.0,0.0,0.0,0.0,0.0,1.2754054393421306,0.2721218357580263,1.9,0.6712660207063845,0.0,0.0,0.0,1.5,a,,False,True
439,Šeško,FWD,16,MUN,7.0,6,TOT,True,0.671,1.2754054393421306,0.0,0.0,0.0,0.0,0.0,0.0,1.2754054393421306,0.36607179455128014,1.9,0.6712660207063845,0.0,0.0,0.0,1.5,a,,False,True
440,Zirkzee,FWD,16,MUN,5.5,1,HUL,False,0.436,0.828001049170755,0.0,0.0,0.0,0.0,0.0,0.0,0.828001049170755,0.3189527778671781,1.9,0.4357900258793448,0.0,0.0,0.0,0.6,a,,False,True
440,Zirkzee,FWD,16,MUN,5.5,2,IPS,True,0.436,0.828001049170755,0.0,0.0,0.0,0.0,0.0,0.0,0.828001049170755,0.3889166352618663,1.9,0.4357900258793448,0.0,0.0,0.0,0.6,a,,False,True
440,Zirkzee,FWD,16,MUN,5.5,3,EVE,False,0.436,0.828001049170755,0.0,0.0,0.0,0.0,0.0,0.0,0.828001049170755,0.2777485202027839,1.9,0.4357900258793448,0.0,0.0,0.0,0.6,a,,False,True
440,Zirkzee,FWD,16,MUN,5.5,4,MCI,True,0.436,0.828001049170755,0.0,0.0,0.0,0.0,0.0,0.0,0.828001049170755,0.21245245611472408,1.9,0.4357900258793448,0.0,0.0,0.0,0.6,a,,False,True
440,Zirkzee,FWD,16,MUN,5.5,5,FUL,False,0.436,0.828001049170755,0.0,0.0,0.0,0.0,0.0,0.0,0.828001049170755,0.2721218357580263,1.9,0.4357900258793448,0.0,0.0,0.0,0.6,a,,False,True
440,Zirkzee,FWD,16,MUN,5.5,6,TOT,True,0.436,0.828001049170755,0.0,0.0,0.0,0.0,0.0,0.0,0.828001049170755,0.36607179455128014,1.9,0.4357900258793448,0.0,0.0,0.0,0.6,a,,False,True
441,Obi,FWD,16,MUN,4.5,1,HUL,False,0.165,0.3141660679715157,0.0,0.0,0.0,0.0,0.0,0.0,0.3141660679715157,0.3189527778671781,1.9,0.16535056209027144,0.0,0.0,0.0,1.1,a,,False,True
441,Obi,FWD,16,MUN,4.5,2,IPS,True,0.165,0.3141660679715157,0.0,0.0,0.0,0.0,0.0,0.0,0.3141660679715157,0.3889166352618663,1.9,0.16535056209027144,0.0,0.0,0.0,1.1,a,,False,True
441,Obi,FWD,16,MUN,4.5,3,EVE,False,0.165,0.3141660679715157,0.0,0.0,0.0,0.0,0.0,0.0,0.3141660679715157,0.2777485202027839,1.9,0.16535056209027144,0.0,0.0,0.0,1.1,a,,False,True
441,Obi,FWD,16,MUN,4.5,4,MCI,True,0.165,0.3141660679715157,0.0,0.0,0.0,0.0,0.0,0.0,0.3141660679715157,0.21245245611472408,1.9,0.16535056209027144,0.0,0.0,0.0,1.1,a,,False,True
441,Obi,FWD,16,MUN,4.5,5,FUL,False,0.165,0.3141660679715157,0.0,0.0,0.0,0.0,0.0,0.0,0.3141660679715157,0.2721218357580263,1.9,0.16535056209027144,0.0,0.0,0.0,1.1,a,,False,True
441,Obi,FWD,16,MUN,4.5,6,TOT,True,0.165,0.3141660679715157,0.0,0.0,0.0,0.0,0.0,0.0,0.3141660679715157,0.36607179455128014,1.9,0.16535056209027144,0.0,0.0,0.0,1.1,a,,False,True
442,Pope,GK,17,NEW,5.0,1,LIV,True,0.596,1.4291646398625935,0.0,0.0,0.5786567210673988,0.0,0.0,0.0,1.131920716880361,0.2428279104781736,2.3989425895682532,0.5957477457265059,0.0,0.0,0.0,1.4,a,,False,True
442,Pope,GK,17,NEW,5.0,2,TOT,False,0.596,1.538489953757359,0.0,0.0,0.6539865635211645,0.0,0.0,0.0,1.131920716880361,0.2744393781648461,2.5824519938068624,0.5957477457265059,0.0,0.0,0.0,1.4,a,,False,True
442,Pope,GK,17,NEW,5.0,3,BOU,True,0.596,1.396488755635263,0.0,0.0,0.556792649041568,0.0,0.0,0.0,1.131920716880361,0.23365285602657515,2.34409406607534,0.5957477457265059,0.0,0.0,0.0,1.4,a,,False,True
442,Pope,GK,17,NEW,5.0,4,LEE,False,0.596,1.3473355806555678,0.0,0.0,0.5245007963748798,0.0,0.0,0.0,1.131920716880361,0.22010188042560636,2.2615873753957914,0.5957477457265059,0.0,0.0,0.0,1.4,a,,False,True
442,Pope,GK,17,NEW,5.0,5,HUL,True,0.596,1.8346777473745468,0.0,0.0,0.8729412210992769,0.0,0.0,0.0,1.131920716880361,0.366321663556921,3.0796218039183403,0.5957477457265059,0.0,0.0,0.0,1.4,a,,False,True
442,Pope,GK,17,NEW,5.0,6,COV,False,0.596,1.6127677000847662,0.0,0.0,0.7069621265465289,0.0,0.0,0.0,1.131920716880361,0.29667008042321613,2.7071318551411707,0.5957477457265059,0.0,0.0,0.0,1.4,a,,False,True
443,Gillespie,GK,17,NEW,4.5,1,LIV,True,0.293,0.7035794260200412,0.0,0.0,0.2848733814953489,0.0,0.0,0.0,0.5572458946083688,0.2428279104781736,2.3989425895682532,0.29328731295177307,0.0,0.0,0.0,0.0,a,,False,True
443,Gillespie,GK,17,NEW,4.5,2,TOT,False,0.293,0.7574004060905637,0.0,0.0,0.3219583511604929,0.0,0.0,0.0,0.5572458946083688,0.2744393781648461,2.5824519938068624,0.29328731295177307,0.0,0.0,0.0,0.0,a,,False,True
443,Gillespie,GK,17,NEW,4.5,3,BOU,True,0.293,0.6874930499454325,0.0,0.0,0.2741096732301669,0.0,0.0,0.0,0.5572458946083688,0.23365285602657515,2.34409406607534,0.29328731295177307,0.0,0.0,0.0,0.0,a,,False,True
443,Gillespie,GK,17,NEW,4.5,4,LEE,False,0.293,0.6632948843354847,0.0,0.0,0.2582123563426342,0.0,0.0,0.0,0.5572458946083688,0.22010188042560636,2.2615873753957914,0.29328731295177307,0.0,0.0,0.0,0.0,a,,False,True
443,Gillespie,GK,17,NEW,4.5,5,HUL,True,0.293,0.9032140037789023,0.0,0.0,0.42974998552253124,0.0,0.0,0.0,0.5572458946083688,0.366321663556921,3.0796218039183403,0.29328731295177307,0.0,0.0,0.0,0.0,a,,False,True
443,Gillespie,GK,17,NEW,4.5,6,COV,False,0.293,0.7939674276005024,0.0,0.0,0.3480382828820459,0.0,0.0,0.0,0.5572458946083688,0.29667008042321613,2.7071318551411707,0.29328731295177307,0.0,0.0,0.0,0.0,a,,False,True
444,Jaouen,GK,17,NEW,4.5,1,LIV,True,0.253,0.6073029490205725,0.0,0.0,0.24589184714827067,0.0,0.0,0.0,0.4809934210833928,0.2428279104781736,2.3989425895682532,0.2531544321491541,0.0,0.0,0.0,0.0,a,,False,True
444,Jaouen,GK,17,NEW,4.5,2,TOT,False,0.253,0.6537591680446272,0.0,0.0,0.27790217975475434,0.0,0.0,0.0,0.4809934210833928,0.2744393781648461,2.5824519938068624,0.2531544321491541,0.0,0.0,0.0,0.0,a,,False,True
444,Jaouen,GK,17,NEW,4.5,3,BOU,True,0.253,0.5934178022015044,0.0,0.0,0.23660102434974278,0.0,0.0,0.0,0.4809934210833928,0.23365285602657515,2.34409406607534,0.2531544321491541,0.0,0.0,0.0,0.0,a,,False,True
444,Jaouen,GK,17,NEW,4.5,4,LEE,False,0.253,0.5725308677740175,0.0,0.0,0.2228790662164216,0.0,0.0,0.0,0.4809934210833928,0.22010188042560636,2.2615873753957914,0.2531544321491541,0.0,0.0,0.0,0.0,a,,False,True
444,Jaouen,GK,17,NEW,4.5,5,HUL,True,0.253,0.7796199090051011,0.0,0.0,0.3709438108867433,0.0,0.0,0.0,0.4809934210833928,0.366321663556921,3.0796218039183403,0.2531544321491541,0.0,0.0,0.0,0.0,a,,False,True
444,Jaouen,GK,17,NEW,4.5,6,COV,False,0.253,0.6853224275411491,0.0,0.0,0.30041338298073267,0.0,0.0,0.0,0.4809934210833928,0.29667008042321613,2.7071318551411707,0.2531544321491541,0.0,0.0,0.0,0.0,a,,False,True
445,Thiaw,DEF,17,NEW,5.0,1,LIV,True,0.702,1.6850953868270138,0.0,0.0,0.6822809241354234,0.0,0.0,0.0,1.334621865856133,0.2428279104781736,2.3989425895682532,0.7024325609769122,0.0,0.0,0.0,1.7,a,,False,True
445,Thiaw,DEF,17,NEW,5.0,2,TOT,False,0.702,1.8139983676096874,0.0,0.0,0.7711006209489765,0.0,0.0,0.0,1.334621865856133,0.2744393781648461,2.5824519938068624,0.7024325609769122,0.0,0.0,0.0,1.7,a,,False,True
445,Thiaw,DEF,17,NEW,5.0,3,BOU,True,0.702,1.6465679980040842,0.0,0.0,0.6565014961532677,0.0,0.0,0.0,1.334621865856133,0.23365285602657515,2.34409406607534,0.7024325609769122,0.0,0.0,0.0,1.7,a,,False,True
445,Thiaw,DEF,17,NEW,5.0,4,LEE,False,0.702,1.5886126119723192,0.0,0.0,0.6184269101727711,0.0,0.0,0.0,1.334621865856133,0.22010188042560636,2.2615873753957914,0.7024325609769122,0.0,0.0,0.0,1.7,a,,False,True
445,Thiaw,DEF,17,NEW,5.0,5,HUL,True,0.702,2.1632266305666983,0.0,0.0,1.0292650570944433,0.0,0.0,0.0,1.334621865856133,0.366321663556921,3.0796218039183403,0.7024325609769122,0.0,0.0,0.0,1.7,a,,False,True
445,Thiaw,DEF,17,NEW,5.0,6,COV,False,0.702,1.9015775619089916,0.0,0.0,0.8335628974276248,0.0,0.0,0.0,1.334621865856133,0.29667008042321613,2.7071318551411707,0.7024325609769122,0.0,0.0,0.0,1.7,a,,False,True
446,Schär,DEF,17,NEW,5.0,1,LIV,True,0.69,1.6550600447428487,0.0,0.0,0.6701198671922347,0.0,0.0,0.0,1.3108334058037463,0.2428279104781736,2.3989425895682532,0.689912318844077,0.0,0.0,0.0,0.3,a,,False,True
446,Schär,DEF,17,NEW,5.0,2,TOT,False,0.69,1.7816654433508026,0.0,0.0,0.7573564310873421,0.0,0.0,0.0,1.3108334058037463,0.2744393781648461,2.5824519938068624,0.689912318844077,0.0,0.0,0.0,0.3,a,,False,True
446,Schär,DEF,17,NEW,5.0,3,BOU,True,0.69,1.6172193727146789,0.0,0.0,0.644799934823343,0.0,0.0,0.0,1.3108334058037463,0.23365285602657515,2.34409406607534,0.689912318844077,0.0,0.0,0.0,0.3,a,,False,True
446,Schär,DEF,17,NEW,5.0,4,LEE,False,0.69,1.5602969904278008,0.0,0.0,0.6074039948254873,0.0,0.0,0.0,1.3108334058037463,0.22010188042560636,2.2615873753957914,0.689912318844077,0.0,0.0,0.0,0.3,a,,False,True
446,Schär,DEF,17,NEW,5.0,5,HUL,True,0.69,2.124669019904082,0.0,0.0,1.0109193133895007,0.0,0.0,0.0,1.3108334058037463,0.366321663556921,3.0796218039183403,0.689912318844077,0.0,0.0,0.0,0.3,a,,False,True
446,Schär,DEF,17,NEW,5.0,6,COV,False,0.69,1.8676836155971128,0.0,0.0,0.8187053724657594,0.0,0.0,0.0,1.3108334058037463,0.29667008042321613,2.7071318551411707,0.689912318844077,0.0,0.0,0.0,0.3,a,,False,True
447,Botman,DEF,17,NEW,5.0,1,LIV,True,0.656,1.5745080277134804,0.0,0.0,0.6375050341985631,0.0,0.0,0.0,1.2470349501752835,0.2428279104781736,2.3989425895682532,0.6563341843027809,0.0,0.0,0.0,0.5,a,,False,True
447,Botman,DEF,17,NEW,5.0,2,TOT,False,0.656,1.6949515228563172,0.0,0.0,0.7204957816335468,0.0,0.0,0.0,1.2470349501752835,0.2744393781648461,2.5824519938068624,0.6563341843027809,0.0,0.0,0.0,0.5,a,,False,True
447,Botman,DEF,17,NEW,5.0,3,BOU,True,0.656,1.538509066786547,0.0,0.0,0.6134174266808692,0.0,0.0,0.0,1.2470349501752835,0.23365285602657515,2.34409406607534,0.6563341843027809,0.0,0.0,0.0,0.5,a,,False,True
447,Botman,DEF,17,NEW,5.0,4,LEE,False,0.656,1.4843571052598639,0.0,0.0,0.5778415526105942,0.0,0.0,0.0,1.2470349501752835,0.22010188042560636,2.2615873753957914,0.6563341843027809,0.0,0.0,0.0,0.5,a,,False,True
447,Botman,DEF,17,NEW,5.0,5,HUL,True,0.656,2.0212610646358025,0.0,0.0,0.9617177209722779,0.0,0.0,0.0,1.2470349501752835,0.366321663556921,3.0796218039183403,0.6563341843027809,0.0,0.0,0.0,0.5,a,,False,True
447,Botman,DEF,17,NEW,5.0,6,COV,False,0.656,1.776783177944154,0.0,0.0,0.7788588609664479,0.0,0.0,0.0,1.2470349501752835,0.29667008042321613,2.7071318551411707,0.6563341843027809,0.0,0.0,0.0,0.5,a,,False,True
448,Burn,DEF,17,NEW,5.0,1,LIV,True,0.0,0.0,0.0,0.0,0.0,0.0,0.0,0.0,0.0,0.2428279104781736,2.3989425895682532,0.5829630587812299,0.0,0.0,0.0,2.4,i,Ankle injury - Expected back 14 Sep,False,True
448,Burn,DEF,17,NEW,5.0,2,TOT,False,0.0,0.0,0.0,0.0,0.0,0.0,0.0,0.0,0.0,0.2744393781648461,2.5824519938068624,0.5829630587812299,0.0,0.0,0.0,2.4,i,Ankle injury - Expected back 14 Sep,False,True
448,Burn,DEF,17,NEW,5.0,3,BOU,True,0.35,0.8199121480981262,0.0,0.0,0.32690636074133417,0.0,0.0,0.0,0.6645778870106019,0.23365285602657515,2.34409406607534,0.5829630587812299,0.0,0.0,0.0,2.4,i,Ankle injury - Expected back 14 Sep,False,True
448,Burn,DEF,17,NEW,5.0,4,LEE,False,0.35,0.7910531364370464,0.0,0.0,0.30794703709538873,0.0,0.0,0.0,0.6645778870106019,0.22010188042560636,2.2615873753957914,0.5829630587812299,0.0,0.0,0.0,2.4,i,Ankle injury - Expected back 14 Sep,False,True
448,Burn,DEF,17,NEW,5.0,5,HUL,True,0.35,1.0771834480209628,0.0,0.0,0.5125247939639309,0.0,0.0,0.0,0.6645778870106019,0.366321663556921,3.0796218039183403,0.5829630587812299,0.0,0.0,0.0,2.4,i,Ankle injury - Expected back 14 Sep,False,True
448,Burn,DEF,17,NEW,5.0,6,COV,False,0.35,0.9468947200783211,0.0,0.0,0.4150744740777397,0.0,0.0,0.0,0.6645778870106019,0.29667008042321613,2.7071318551411707,0.5829630587812299,0.0,0.0,0.0,2.4,i,Ankle injury - Expected back 14 Sep,False,True
449,Hall,DEF,17,NEW,5.0,1,LIV,True,0.476,1.1415478316696928,0.0,0.0,0.46220309878300164,0.0,0.0,0.0,0.9041237125073378,0.2428279104781736,2.3989425895682532,0.4758545855301778,0.0,0.0,0.0,3.7,a,,False,True
449,Hall,DEF,17,NEW,5.0,2,TOT,False,0.476,1.228871623164546,0.0,0.0,0.5223729461991703,0.0,0.0,0.0,0.9041237125073378,0.2744393781648461,2.5824519938068624,0.4758545855301778,0.0,0.0,0.0,3.7,a,,False,True
449,Hall,DEF,17,NEW,5.0,3,BOU,True,0.476,1.1154479102560302,0.0,0.0,0.4447391318498729,0.0,0.0,0.0,0.9041237125073378,0.23365285602657515,2.34409406607534,0.4758545855301778,0.0,0.0,0.0,3.7,a,,False,True
449,Hall,DEF,17,NEW,5.0,4,LEE,False,0.476,1.076186723159247,0.0,0.0,0.41894595633735865,0.0,0.0,0.0,0.9041237125073378,0.22010188042560636,2.2615873753957914,0.4758545855301778,0.0,0.0,0.0,3.7,a,,False,True
449,Hall,DEF,17,NEW,5.0,5,HUL,True,0.476,1.4654521570932604,0.0,0.0,0.6972633735304155,0.0,0.0,0.0,0.9041237125073378,0.366321663556921,3.0796218039183403,0.4758545855301778,0.0,0.0,0.0,3.7,a,,False,True
449,Hall,DEF,17,NEW,5.0,6,COV,False,0.476,1.2882011069037431,0.0,0.0,0.5646872726359761,0.0,0.0,0.0,0.9041237125073378,0.29667008042321613,2.7071318551411707,0.4758545855301778,0.0,0.0,0.0,3.7,a,,False,True
450,Livramento,DEF,17,NEW,5.0,1,LIV,True,0.0,0.0,0.0,0.0,0.0,0.0,0.0,0.0,0.0,0.2428279104781736,2.3989425895682532,0.3852258858130498,0.0,0.0,0.0,0.0,i,Calf injury - Unknown return date,False,True
450,Livramento,DEF,17,NEW,5.0,2,TOT,False,0.0,0.0,0.0,0.0,0.0,0.0,0.0,0.0,0.0,0.2744393781648461,2.5824519938068624,0.3852258858130498,0.0,0.0,0.0,0.0,i,Calf injury - Unknown return date,False,True
450,Livramento,DEF,17,NEW,5.0,3,BOU,True,0.231,0.5418034278197918,0.0,0.0,0.21602190824540735,0.0,0.0,0.0,0.43915750982687674,0.23365285602657515,2.34409406607534,0.3852258858130498,0.0,0.0,0.0,0.0,i,Calf injury - Unknown return date,False,True
450,Livramento,DEF,17,NEW,5.0,4,LEE,False,0.231,0.5227332000182725,0.0,0.0,0.2034934604545732,0.0,0.0,0.0,0.43915750982687674,0.22010188042560636,2.2615873753957914,0.3852258858130498,0.0,0.0,0.0,0.0,i,Calf injury - Unknown return date,False,True
450,Livramento,DEF,17,NEW,5.0,5,HUL,True,0.231,0.711810022430175,0.0,0.0,0.3386798096069397,0.0,0.0,0.0,0.43915750982687674,0.366321663556921,3.0796218039183403,0.3852258858130498,0.0,0.0,0.0,0.0,i,Calf injury - Unknown return date,False,True
450,Livramento,DEF,17,NEW,5.0,6,COV,False,0.231,0.6257143601456893,0.0,0.0,0.27428398686062916,0.0,0.0,0.0,0.43915750982687674,0.29667008042321613,2.7071318551411707,0.3852258858130498,0.0,0.0,0.0,0.0,i,Calf injury - Unknown return date,False,True
451,A.Murphy,DEF,17,NEW,4.0,1,LIV,True,0.0,0.0,0.0,0.0,0.0,0.0,0.0,0.0,0.0,0.2428279104781736,2.3989425895682532,0.09024732934392043,0.0,0.0,0.0,0.1,u,Has joined FC Kaiserslautern on loan for the rest of the season,False,True
451,A.Murphy,DEF,17,NEW,4.0,2,TOT,False,0.0,0.0,0.0,0.0,0.0,0.0,0.0,0.0,0.0,0.2744393781648461,2.5824519938068624,0.09024732934392043,0.0,0.0,0.0,0.1,u,Has joined FC Kaiserslautern on loan for the rest of the season,False,True
451,A.Murphy,DEF,17,NEW,4.0,3,BOU,True,0.054,0.12692893751653847,0.0,0.0,0.050607710999947084,0.0,0.0,0.0,0.1028819554520693,0.23365285602657515,2.34409406607534,0.09024732934392043,0.0,0.0,0.0,0.1,u,Has joined FC Kaiserslautern on loan for the rest of the season,False,True
451,A.Murphy,DEF,17,NEW,4.0,4,LEE,False,0.054,0.12246133242443798,0.0,0.0,0.04767265654076614,0.0,0.0,0.0,0.1028819554520693,0.22010188042560636,2.2615873753957914,0.09024732934392043,0.0,0.0,0.0,0.1,u,Has joined FC Kaiserslautern on loan for the rest of the season,False,True
451,A.Murphy,DEF,17,NEW,4.0,5,HUL,True,0.054,0.1667565859157621,0.0,0.0,0.07934292436040223,0.0,0.0,0.0,0.1028819554520693,0.366321663556921,3.0796218039183403,0.09024732934392043,0.0,0.0,0.0,0.1,u,Has joined FC Kaiserslautern on loan for the rest of the season,False,True
451,A.Murphy,DEF,17,NEW,4.0,6,COV,False,0.054,0.1465868520650061,0.0,0.0,0.06425683789065924,0.0,0.0,0.0,0.1028819554520693,0.29667008042321613,2.7071318551411707,0.09024732934392043,0.0,0.0,0.0,0.1,u,Has joined FC Kaiserslautern on loan for the rest of the season,False,True
453,Barnes,MID,17,NEW,6.0,1,LIV,True,0.726,1.5565619166169853,0.0,0.0,0.1763915225733913,0.0,0.0,0.0,1.380170394043594,0.2428279104781736,2.1428279104781733,0.7264054705492601,0.0,0.0,0.0,1.1,a,,False,True
453,Barnes,MID,17,NEW,6.0,2,TOT,False,0.726,1.5795246596766754,0.0,0.0,0.19935426563308137,0.0,0.0,0.0,1.380170394043594,0.2744393781648461,2.174439378164846,0.7264054705492601,0.0,0.0,0.0,1.1,a,,False,True
453,Barnes,MID,17,NEW,6.0,3,BOU,True,0.726,1.549897106870757,0.0,0.0,0.16972671282716284,0.0,0.0,0.0,1.380170394043594,0.23365285602657515,2.133652856026575,0.7264054705492601,0.0,0.0,0.0,1.1,a,,False,True
453,Barnes,MID,17,NEW,6.0,4,LEE,False,0.726,1.5400536040629336,0.0,0.0,0.15988321001933956,0.0,0.0,0.0,1.380170394043594,0.22010188042560636,2.120101880425606,0.7264054705492601,0.0,0.0,0.0,1.1,a,,False,True
453,Barnes,MID,17,NEW,6.0,5,HUL,True,0.726,1.646268454432047,0.0,0.0,0.2660980603884529,0.0,0.0,0.0,1.380170394043594,0.366321663556921,2.266321663556921,0.7264054705492601,0.0,0.0,0.0,1.1,a,,False,True
453,Barnes,MID,17,NEW,6.0,6,COV,False,0.726,1.5956731634113073,0.0,0.0,0.21550276936771315,0.0,0.0,0.0,1.380170394043594,0.29667008042321613,2.196670080423216,0.7264054705492601,0.0,0.0,0.0,1.1,a,,False,True
454,Elanga,MID,17,NEW,6.0,1,LIV,True,0.714,1.5297331923288011,0.0,0.0,0.1733512583375941,0.0,0.0,0.0,1.356381933991207,0.2428279104781736,2.1428279104781733,0.7138852284164248,0.0,0.0,0.0,1.0,a,,False,True
454,Elanga,MID,17,NEW,6.0,2,TOT,False,0.714,1.55230015215888,0.0,0.0,0.19591821816767274,0.0,0.0,0.0,1.356381933991207,0.2744393781648461,2.174439378164846,0.7138852284164248,0.0,0.0,0.0,1.0,a,,False,True
454,Elanga,MID,17,NEW,6.0,3,BOU,True,0.714,1.5231832564858887,0.0,0.0,0.1668013224946816,0.0,0.0,0.0,1.356381933991207,0.23365285602657515,2.133652856026575,0.7138852284164248,0.0,0.0,0.0,1.0,a,,False,True
454,Elanga,MID,17,NEW,6.0,4,LEE,False,0.714,1.5135094151737256,0.0,0.0,0.1571274811825186,0.0,0.0,0.0,1.356381933991207,0.22010188042560636,2.120101880425606,0.7138852284164248,0.0,0.0,0.0,1.0,a,,False,True
454,Elanga,MID,17,NEW,6.0,5,HUL,True,0.714,1.6178935584534244,0.0,0.0,0.2615116244622172,0.0,0.0,0.0,1.356381933991207,0.366321663556921,2.266321663556921,0.7138852284164248,0.0,0.0,0.0,1.0,a,,False,True
454,Elanga,MID,17,NEW,6.0,6,COV,False,0.714,1.568170322118454,0.0,0.0,0.21178838812724676,0.0,0.0,0.0,1.356381933991207,0.29667008042321613,2.196670080423216,0.7138852284164248,0.0,0.0,0.0,1.0,a,,False,True
456,J.Ramsey,MID,17,NEW,5.0,1,LIV,True,0.182,0.389233346976233,0.0,0.0,0.04410840453985552,0.0,0.0,0.0,0.3451249424363775,0.2428279104781736,2.1428279104781733,0.18164470654546183,0.0,0.0,0.0,0.4,a,,False,True
456,J.Ramsey,MID,17,NEW,5.0,2,TOT,False,0.182,0.39497540274765,0.0,0.0,0.04985046031127249,0.0,0.0,0.0,0.3451249424363775,0.2744393781648461,2.174439378164846,0.18164470654546183,0.0,0.0,0.0,0.4,a,,False,True
456,J.Ramsey,MID,17,NEW,5.0,3,BOU,True,0.182,0.38756674690283377,0.0,0.0,0.04244180446645628,0.0,0.0,0.0,0.3451249424363775,0.23365285602657515,2.133652856026575,0.18164470654546183,0.0,0.0,0.0,0.4,a,,False,True
456,J.Ramsey,MID,17,NEW,5.0,4,LEE,False,0.182,0.3851052839163911,0.0,0.0,0.039980341480013594,0.0,0.0,0.0,0.3451249424363775,0.22010188042560636,2.120101880425606,0.18164470654546183,0.0,0.0,0.0,0.4,a,,False,True
456,J.Ramsey,MID,17,NEW,5.0,5,HUL,True,0.182,0.4116653335144198,0.0,0.0,0.06654039107804231,0.0,0.0,0.0,0.3451249424363775,0.366321663556921,2.266321663556921,0.18164470654546183,0.0,0.0,0.0,0.4,a,,False,True
456,J.Ramsey,MID,17,NEW,5.0,6,COV,False,0.182,0.39901349213567117,0.0,0.0,0.05388854969929366,0.0,0.0,0.0,0.3451249424363775,0.29667008042321613,2.196670080423216,0.18164470654546183,0.0,0.0,0.0,0.4,a,,False,True
457,J.Murphy,MID,17,NEW,6.0,1,LIV,True,0.68,1.457781028451921,0.0,0.0,0.16519755008917625,0.0,0.0,0.0,1.2925834783627448,0.2428279104781736,2.1428279104781733,0.6803070938751289,0.0,0.0,0.0,0.2,a,,False,True
457,J.Murphy,MID,17,NEW,6.0,2,TOT,False,0.68,1.4792865341669688,0.0,0.0,0.18670305580422394,0.0,0.0,0.0,1.2925834783627448,0.2744393781648461,2.174439378164846,0.6803070938751289,0.0,0.0,0.0,0.2,a,,False,True
457,J.Murphy,MID,17,NEW,6.0,3,BOU,True,0.68,1.451539173821808,0.0,0.0,0.15895569545906324,0.0,0.0,0.0,1.2925834783627448,0.23365285602657515,2.133652856026575,0.6803070938751289,0.0,0.0,0.0,0.2,a,,False,True
457,J.Murphy,MID,17,NEW,6.0,4,LEE,False,0.68,1.4423203489915402,0.0,0.0,0.14973687062879537,0.0,0.0,0.0,1.2925834783627448,0.22010188042560636,2.120101880425606,0.6803070938751289,0.0,0.0,0.0,0.2,a,,False,True
457,J.Murphy,MID,17,NEW,6.0,5,HUL,True,0.68,1.5417947047206564,0.0,0.0,0.24921122635791162,0.0,0.0,0.0,1.2925834783627448,0.366321663556921,2.266321663556921,0.6803070938751289,0.0,0.0,0.0,0.2,a,,False,True
457,J.Murphy,MID,17,NEW,6.0,6,COV,False,0.68,1.4944102386151636,0.0,0.0,0.20182676025241894,0.0,0.0,0.0,1.2925834783627448,0.29667008042321613,2.196670080423216,0.6803070938751289,0.0,0.0,0.0,0.2,a,,False,True
458,Joelinton,MID,17,NEW,5.5,1,LIV,True,0.0,0.0,0.0,0.0,0.0,0.0,0.0,0.0,0.0,0.2428279104781736,2.1428279104781733,0.4363525458250601,0.0,0.0,0.0,0.0,i,Unspecified injury - Unknown return date,False,True
458,Joelinton,MID,17,NEW,5.5,2,TOT,False,0.0,0.0,0.0,0.0,0.0,0.0,0.0,0.0,0.0,0.2744393781648461,2.174439378164846,0.4363525458250601,0.0,0.0,0.0,0.0,i,Unspecified injury - Unknown return date,False,True
458,Joelinton,MID,17,NEW,5.5,3,BOU,True,0.262,0.5586149133804639,0.0,0.0,0.06117301113989538,0.0,0.0,0.0,0.4974419022405685,0.23365285602657515,2.133652856026575,0.4363525458250601,0.0,0.0,0.0,0.0,i,Unspecified injury - Unknown return date,False,True
458,Joelinton,MID,17,NEW,5.5,4,LEE,False,0.262,0.5550671117593263,0.0,0.0,0.057625209518757776,0.0,0.0,0.0,0.4974419022405685,0.22010188042560636,2.120101880425606,0.4363525458250601,0.0,0.0,0.0,0.0,i,Unspecified injury - Unknown return date,False,True
458,Joelinton,MID,17,NEW,5.5,5,HUL,True,0.262,0.5933491365309287,0.0,0.0,0.09590723429036016,0.0,0.0,0.0,0.4974419022405685,0.366321663556921,2.266321663556921,0.4363525458250601,0.0,0.0,0.0,0.0,i,Unspecified injury - Unknown return date,False,True
458,Joelinton,MID,17,NEW,5.5,6,COV,False,0.262,0.5751135491582459,0.0,0.0,0.0776716469176774,0.0,0.0,0.0,0.4974419022405685,0.29667008042321613,2.196670080423216,0.4363525458250601,0.0,0.0,0.0,0.0,i,Unspecified injury - Unknown return date,False,True
459,L.Miley,MID,17,NEW,5.5,1,LIV,True,0.346,0.7408267067579379,0.0,0.0,0.08395139915286681,0.0,0.0,0.0,0.6568753076050711,0.2428279104781736,2.1428279104781733,0.34572384610793216,0.0,0.0,0.0,0.1,a,,False,True
459,L.Miley,MID,17,NEW,5.5,2,TOT,False,0.346,0.7517555449476909,0.0,0.0,0.09488023734261986,0.0,0.0,0.0,0.6568753076050711,0.2744393781648461,2.174439378164846,0.34572384610793216,0.0,0.0,0.0,0.1,a,,False,True
459,L.Miley,MID,17,NEW,5.5,3,BOU,True,0.346,0.7376546716446816,0.0,0.0,0.0807793640396105,0.0,0.0,0.0,0.6568753076050711,0.23365285602657515,2.133652856026575,0.34572384610793216,0.0,0.0,0.0,0.1,a,,False,True
459,L.Miley,MID,17,NEW,5.5,4,LEE,False,0.346,0.7329697762413999,0.0,0.0,0.07609446863632882,0.0,0.0,0.0,0.6568753076050711,0.22010188042560636,2.120101880425606,0.34572384610793216,0.0,0.0,0.0,0.1,a,,False,True
459,L.Miley,MID,17,NEW,5.5,5,HUL,True,0.346,0.7835214420426257,0.0,0.0,0.12664613443755465,0.0,0.0,0.0,0.6568753076050711,0.366321663556921,2.266321663556921,0.34572384610793216,0.0,0.0,0.0,0.1,a,,False,True
459,L.Miley,MID,17,NEW,5.5,6,COV,False,0.346,0.7594412288341349,0.0,0.0,0.10256592122906383,0.0,0.0,0.0,0.6568753076050711,0.29667008042321613,2.196670080423216,0.34572384610793216,0.0,0.0,0.0,0.1,a,,False,True
460,Willock,MID,17,NEW,5.0,1,LIV,True,0.163,0.34883699780048905,0.0,0.0,0.039530640262413555,0.0,0.0,0.0,0.3093063575380755,0.2428279104781736,2.1428279104781733,0.16279281975688184,0.0,0.0,0.0,0.1,a,,False,True
460,Willock,MID,17,NEW,5.0,2,TOT,False,0.163,0.35398311776185604,0.0,0.0,0.044676760223780525,0.0,0.0,0.0,0.3093063575380755,0.2744393781648461,2.174439378164846,0.16279281975688184,0.0,0.0,0.0,0.1,a,,False,True
460,Willock,MID,17,NEW,5.0,3,BOU,True,0.163,0.3473433648148904,0.0,0.0,0.03803700727681491,0.0,0.0,0.0,0.3093063575380755,0.23365285602657515,2.133652856026575,0.16279281975688184,0.0,0.0,0.0,0.1,a,,False,True
460,Willock,MID,17,NEW,5.0,4,LEE,False,0.163,0.34513736328635203,0.0,0.0,0.035831005748276495,0.0,0.0,0.0,0.3093063575380755,0.22010188042560636,2.120101880425606,0.16279281975688184,0.0,0.0,0.0,0.1,a,,False,True
460,Willock,MID,17,NEW,5.0,5,HUL,True,0.163,0.36894089408653846,0.0,0.0,0.059634536548462944,0.0,0.0,0.0,0.3093063575380755,0.366321663556921,2.266321663556921,0.16279281975688184,0.0,0.0,0.0,0.1,a,,False,True
460,Willock,MID,17,NEW,5.0,6,COV,False,0.163,0.35760211646767176,0.0,0.0,0.04829575892959626,0.0,0.0,0.0,0.3093063575380755,0.29667008042321613,2.196670080423216,0.16279281975688184,0.0,0.0,0.0,0.1,a,,False,True
461,Touré,MID,17,NEW,6.0,1,LIV,True,0.607,1.3005593328611438,0.0,0.0,0.14738099298934618,0.0,0.0,0.0,1.1531783398717976,0.2428279104781736,2.1428279104781733,0.6069359683535778,0.0,0.0,0.0,0.3,a,,False,True
461,Touré,MID,17,NEW,6.0,2,TOT,False,0.607,1.3197454696126323,0.0,0.0,0.1665671297408346,0.0,0.0,0.0,1.1531783398717976,0.2744393781648461,2.174439378164846,0.6069359683535778,0.0,0.0,0.0,0.3,a,,False,True
461,Touré,MID,17,NEW,6.0,3,BOU,True,0.607,1.2949906623028662,0.0,0.0,0.14181232243106848,0.0,0.0,0.0,1.1531783398717976,0.23365285602657515,2.133652856026575,0.6069359683535778,0.0,0.0,0.0,0.3,a,,False,True
461,Touré,MID,17,NEW,6.0,4,LEE,False,0.607,1.2867660878043563,0.0,0.0,0.1335877479325588,0.0,0.0,0.0,1.1531783398717976,0.22010188042560636,2.120101880425606,0.6069359683535778,0.0,0.0,0.0,0.3,a,,False,True
461,Touré,MID,17,NEW,6.0,5,HUL,True,0.607,1.375512133471611,0.0,0.0,0.22233379359981334,0.0,0.0,0.0,1.1531783398717976,0.366321663556921,2.266321663556921,0.6069359683535778,0.0,0.0,0.0,0.3,a,,False,True
461,Touré,MID,17,NEW,6.0,6,COV,False,0.607,1.333238082414996,0.0,0.0,0.18005974254319848,0.0,0.0,0.0,1.1531783398717976,0.29667008042321613,2.196670080423216,0.6069359683535778,0.0,0.0,0.0,0.3,a,,False,True
462,Steur,MID,17,NEW,5.0,1,LIV,True,0.156,0.3346257930030207,0.0,0.0,0.03792020894897384,0.0,0.0,0.0,0.29670558405404684,0.2428279104781736,2.1428279104781733,0.15616083371265624,0.0,0.0,0.0,0.1,a,,False,True
462,Steur,MID,17,NEW,5.0,2,TOT,False,0.156,0.33956226615185214,0.0,0.0,0.04285668209780531,0.0,0.0,0.0,0.29670558405404684,0.2744393781648461,2.174439378164846,0.15616083371265624,0.0,0.0,0.0,0.1,a,,False,True
462,Steur,MID,17,NEW,5.0,3,BOU,True,0.156,0.33319300885050007,0.0,0.0,0.03648742479645321,0.0,0.0,0.0,0.29670558405404684,0.23365285602657515,2.133652856026575,0.15616083371265624,0.0,0.0,0.0,0.1,a,,False,True
462,Steur,MID,17,NEW,5.0,4,LEE,False,0.156,0.3310768772030329,0.0,0.0,0.034371293148986064,0.0,0.0,0.0,0.29670558405404684,0.22010188042560636,2.120101880425606,0.15616083371265624,0.0,0.0,0.0,0.1,a,,False,True
462,Steur,MID,17,NEW,5.0,5,HUL,True,0.156,0.3539106804421028,0.0,0.0,0.05720509638805594,0.0,0.0,0.0,0.29670558405404684,0.366321663556921,2.266321663556921,0.15616083371265624,0.0,0.0,0.0,0.1,a,,False,True
462,Steur,MID,17,NEW,5.0,6,COV,False,0.156,0.34303383115053704,0.0,0.0,0.04632824709649021,0.0,0.0,0.0,0.29670558405404684,0.29667008042321613,2.196670080423216,0.15616083371265624,0.0,0.0,0.0,0.1,a,,False,True
463,Woltemade,FWD,17,NEW,6.0,1,LIV,True,0.621,1.3098789430770164,0.13010896850493459,0.0,0.0,0.0,0.0,0.0,1.1797699745720818,0.2428279104781736,2.1095383383943473,0.6209315655642536,0.05238458459858689,0.0,0.0,1.8,a,,True,True
463,Woltemade,FWD,17,NEW,6.0,2,TOT,False,0.621,1.2946003737509577,0.11483039917887586,0.0,0.0,0.0,0.0,0.0,1.1797699745720818,0.2744393781648461,2.084932455599237,0.6209315655642536,0.04623311389980918,0.0,0.0,1.8,a,,True,True
463,Woltemade,FWD,17,NEW,6.0,3,BOU,True,0.621,1.3223259728917742,0.1425559983196925,0.0,0.0,0.0,0.0,0.0,1.1797699745720818,0.23365285602657515,2.1295840737137413,0.6209315655642536,0.057396018428435384,0.0,0.0,1.8,a,,True,True
463,Woltemade,FWD,17,NEW,6.0,4,LEE,False,0.621,1.298163180586564,0.11839320601448244,0.0,0.0,0.0,0.0,0.0,1.1797699745720818,0.22010188042560636,2.0906702969865867,0.6209315655642536,0.04766757424664667,0.0,0.0,1.8,a,,True,True
463,Woltemade,FWD,17,NEW,6.0,5,HUL,True,0.621,1.3573564023234583,0.17758642775137654,0.0,0.0,0.0,0.0,0.0,1.1797699745720818,0.366321663556921,2.186,0.6209315655642536,0.07150000000000001,0.0,0.0,1.8,a,,True,True
463,Woltemade,FWD,17,NEW,6.0,6,COV,False,0.621,1.3265356173418144,0.14676564276973267,0.0,0.0,0.0,0.0,0.0,1.1797699745720818,0.29667008042321613,2.1363636363636362,0.6209315655642536,0.0590909090909091,0.0,0.0,1.8,a,,True,True
464,Wissa,FWD,17,NEW,6.0,1,LIV,True,0.523,0.993794062280052,0.0,0.0,0.0,0.0,0.0,0.0,0.993794062280052,0.2428279104781736,1.9,0.5230495064631853,0.0,0.0,0.0,2.0,a,,False,True
464,Wissa,FWD,17,NEW,6.0,2,TOT,False,0.523,0.993794062280052,0.0,0.0,0.0,0.0,0.0,0.0,0.993794062280052,0.2744393781648461,1.9,0.5230495064631853,0.0,0.0,0.0,2.0,a,,False,True
464,Wissa,FWD,17,NEW,6.0,3,BOU,True,0.523,0.993794062280052,0.0,0.0,0.0,0.0,0.0,0.0,0.993794062280052,0.23365285602657515,1.9,0.5230495064631853,0.0,0.0,0.0,2.0,a,,False,True
464,Wissa,FWD,17,NEW,6.0,4,LEE,False,0.523,0.993794062280052,0.0,0.0,0.0,0.0,0.0,0.0,0.993794062280052,0.22010188042560636,1.9,0.5230495064631853,0.0,0.0,0.0,2.0,a,,False,True
464,Wissa,FWD,17,NEW,6.0,5,HUL,True,0.523,0.993794062280052,0.0,0.0,0.0,0.0,0.0,0.0,0.993794062280052,0.366321663556921,1.9,0.5230495064631853,0.0,0.0,0.0,2.0,a,,False,True
464,Wissa,FWD,17,NEW,6.0,6,COV,False,0.523,0.993794062280052,0.0,0.0,0.0,0.0,0.0,0.0,0.993794062280052,0.29667008042321613,1.9,0.5230495064631853,0.0,0.0,0.0,2.0,a,,False,True
465,Osula,FWD,17,NEW,6.0,1,LIV,True,0.42,0.7971001238798181,0.0,0.0,0.0,0.0,0.0,0.0,0.7971001238798181,0.2428279104781736,1.9,0.41952638098937794,0.0,0.0,0.0,1.1,a,,False,True
465,Osula,FWD,17,NEW,6.0,2,TOT,False,0.42,0.7971001238798181,0.0,0.0,0.0,0.0,0.0,0.0,0.7971001238798181,0.2744393781648461,1.9,0.41952638098937794,0.0,0.0,0.0,1.1,a,,False,True
465,Osula,FWD,17,NEW,6.0,3,BOU,True,0.42,0.7971001238798181,0.0,0.0,0.0,0.0,0.0,0.0,0.7971001238798181,0.23365285602657515,1.9,0.41952638098937794,0.0,0.0,0.0,1.1,a,,False,True
465,Osula,FWD,17,NEW,6.0,4,LEE,False,0.42,0.7971001238798181,0.0,0.0,0.0,0.0,0.0,0.0,0.7971001238798181,0.22010188042560636,1.9,0.41952638098937794,0.0,0.0,0.0,1.1,a,,False,True
465,Osula,FWD,17,NEW,6.0,5,HUL,True,0.42,0.7971001238798181,0.0,0.0,0.0,0.0,0.0,0.0,0.7971001238798181,0.366321663556921,1.9,0.41952638098937794,0.0,0.0,0.0,1.1,a,,False,True
465,Osula,FWD,17,NEW,6.0,6,COV,False,0.42,0.7971001238798181,0.0,0.0,0.0,0.0,0.0,0.0,0.7971001238798181,0.29667008042321613,1.9,0.41952638098937794,0.0,0.0,0.0,1.1,a,,False,True
466,Neave,FWD,17,NEW,4.5,1,LIV,True,0.101,0.19186697435131803,0.0,0.0,0.0,0.0,0.0,0.0,0.19186697435131803,0.2428279104781736,1.9,0.10098261807964107,0.0,0.0,0.0,0.8,a,,False,True
466,Neave,FWD,17,NEW,4.5,2,TOT,False,0.101,0.19186697435131803,0.0,0.0,0.0,0.0,0.0,0.0,0.19186697435131803,0.2744393781648461,1.9,0.10098261807964107,0.0,0.0,0.0,0.8,a,,False,True
466,Neave,FWD,17,NEW,4.5,3,BOU,True,0.101,0.19186697435131803,0.0,0.0,0.0,0.0,0.0,0.0,0.19186697435131803,0.23365285602657515,1.9,0.10098261807964107,0.0,0.0,0.0,0.8,a,,False,True
466,Neave,FWD,17,NEW,4.5,4,LEE,False,0.101,0.19186697435131803,0.0,0.0,0.0,0.0,0.0,0.0,0.19186697435131803,0.22010188042560636,1.9,0.10098261807964107,0.0,0.0,0.0,0.8,a,,False,True
466,Neave,FWD,17,NEW,4.5,5,HUL,True,0.101,0.19186697435131803,0.0,0.0,0.0,0.0,0.0,0.0,0.19186697435131803,0.366321663556921,1.9,0.10098261807964107,0.0,0.0,0.0,0.8,a,,False,True
466,Neave,FWD,17,NEW,4.5,6,COV,False,0.101,0.19186697435131803,0.0,0.0,0.0,0.0,0.0,0.0,0.19186697435131803,0.29667008042321613,1.9,0.10098261807964107,0.0,0.0,0.0,0.8,a,,False,True
559,Bamba,MID,17,NEW,5.0,1,LIV,True,0.154,0.32984123480922517,0.0,0.0,0.037378016893755875,0.0,0.0,0.0,0.2924632179154693,0.2428279104781736,2.1428279104781733,0.15392800942919438,0.0,0.0,0.0,0.1,a,,False,True
559,Bamba,MID,17,NEW,5.0,2,TOT,False,0.154,0.33470712510537,0.0,0.0,0.04224390718990067,0.0,0.0,0.0,0.2924632179154693,0.2744393781648461,2.174439378164846,0.15392800942919438,0.0,0.0,0.0,0.1,a,,False,True
559,Bamba,MID,17,NEW,5.0,3,BOU,True,0.154,0.32842893694108616,0.0,0.0,0.035965719025616856,0.0,0.0,0.0,0.2924632179154693,0.23365285602657515,2.133652856026575,0.15392800942919438,0.0,0.0,0.0,0.1,a,,False,True
559,Bamba,MID,17,NEW,5.0,4,LEE,False,0.154,0.32634306224100545,0.0,0.0,0.033879844325536146,0.0,0.0,0.0,0.2924632179154693,0.22010188042560636,2.120101880425606,0.15392800942919438,0.0,0.0,0.0,0.1,a,,False,True
559,Bamba,MID,17,NEW,5.0,5,HUL,True,0.154,0.3488503823975772,0.0,0.0,0.056387164482107906,0.0,0.0,0.0,0.2924632179154693,0.366321663556921,2.266321663556921,0.15392800942919438,0.0,0.0,0.0,0.1,a,,False,True
559,Bamba,MID,17,NEW,5.0,6,COV,False,0.154,0.33812905285221395,0.0,0.0,0.04566583493674467,0.0,0.0,0.0,0.2924632179154693,0.29667008042321613,2.196670080423216,0.15392800942919438,0.0,0.0,0.0,0.1,a,,False,True
567,Horníček,GK,17,NEW,5.0,1,LIV,True,0.487,1.1692659647139523,0.0,0.0,0.47342593730987936,0.0,0.0,0.0,0.9260769068076531,0.2428279104781736,2.3989425895682532,0.48740889831981743,0.0,0.0,0.0,0.7,a,,False,True
567,Horníček,GK,17,NEW,5.0,2,TOT,False,0.487,1.258710081265219,0.0,0.0,0.5350567798676136,0.0,0.0,0.0,0.9260769068076531,0.2744393781648461,2.5824519938068624,0.48740889831981743,0.0,0.0,0.0,0.7,a,,False,True
567,Horníček,GK,17,NEW,5.0,3,BOU,True,0.487,1.1425323063038029,0.0,0.0,0.45553792458076764,0.0,0.0,0.0,0.9260769068076531,0.23365285602657515,2.34409406607534,0.48740889831981743,0.0,0.0,0.0,0.7,a,,False,True
567,Horníček,GK,17,NEW,5.0,4,LEE,False,0.487,1.1023178110956702,0.0,0.0,0.4291184602254599,0.0,0.0,0.0,0.9260769068076531,0.22010188042560636,2.2615873753957914,0.48740889831981743,0.0,0.0,0.0,0.7,a,,False,True
567,Horníček,GK,17,NEW,5.0,5,HUL,True,0.487,1.501035070689527,0.0,0.0,0.7141937538598466,0.0,0.0,0.0,0.9260769068076531,0.366321663556921,3.0796218039183403,0.48740889831981743,0.0,0.0,0.0,0.7,a,,False,True
567,Horníček,GK,17,NEW,5.0,6,COV,False,0.487,1.3194801551208415,0.0,0.0,0.5783985482541256,0.0,0.0,0.0,0.9260769068076531,0.29667008042321613,2.7071318551411707,0.48740889831981743,0.0,0.0,0.0,0.7,a,,False,True
593,Dedić,DEF,17,NEW,4.5,1,LIV,True,0.236,0.566967549581752,0.0,0.0,0.22956038376665797,0.0,0.0,0.0,0.44904715472961915,0.2428279104781736,2.3989425895682532,0.23634060775243115,0.0,0.0,0.0,0.3,a,,False,True
593,Dedić,DEF,17,NEW,4.5,2,TOT,False,0.236,0.6103382737077915,0.0,0.0,0.25944467770671603,0.0,0.0,0.0,0.44904715472961915,0.2744393781648461,2.5824519938068624,0.23634060775243115,0.0,0.0,0.0,0.3,a,,False,True
593,Dedić,DEF,17,NEW,4.5,3,BOU,True,0.236,0.5540046162051133,0.0,0.0,0.22088663198564826,0.0,0.0,0.0,0.44904715472961915,0.23365285602657515,2.34409406607534,0.23634060775243115,0.0,0.0,0.0,0.3,a,,False,True
593,Dedić,DEF,17,NEW,4.5,4,LEE,False,0.236,0.534504934786267,0.0,0.0,0.20807604874896293,0.0,0.0,0.0,0.44904715472961915,0.22010188042560636,2.2615873753957914,0.23634060775243115,0.0,0.0,0.0,0.3,a,,False,True
593,Dedić,DEF,17,NEW,4.5,5,HUL,True,0.236,0.7278396887856989,0.0,0.0,0.34630673839169723,0.0,0.0,0.0,0.44904715472961915,0.366321663556921,3.0796218039183403,0.23634060775243115,0.0,0.0,0.0,0.3,a,,False,True
593,Dedić,DEF,17,NEW,4.5,6,COV,False,0.236,0.6398051879100306,0.0,0.0,0.2804607484367421,0.0,0.0,0.0,0.44904715472961915,0.29667008042321613,2.7071318551411707,0.23634060775243115,0.0,0.0,0.0,0.3,a,,False,True
609,Shahar,DEF,17,NEW,4.0,1,LIV,True,0.084,0.2005884081830084,0.0,0.0,0.08121655638952019,0.0,0.0,0.0,0.15886915226942017,0.2428279104781736,2.3989425895682532,0.08361534329969483,0.0,0.0,0.0,0.0,a,,False,True
609,Shahar,DEF,17,NEW,4.0,2,TOT,False,0.084,0.2159326100171422,0.0,0.0,0.09178937128083352,0.0,0.0,0.0,0.15886915226942017,0.2744393781648461,2.5824519938068624,0.08361534329969483,0.0,0.0,0.0,0.0,a,,False,True
609,Shahar,DEF,17,NEW,4.0,3,BOU,True,0.084,0.1960022300616671,0.0,0.0,0.07814785507846501,0.0,0.0,0.0,0.15886915226942017,0.23365285602657515,2.34409406607534,0.08361534329969483,0.0,0.0,0.0,0.0,a,,False,True
609,Shahar,DEF,17,NEW,4.0,4,LEE,False,0.084,0.18910340479597493,0.0,0.0,0.07361557717078183,0.0,0.0,0.0,0.15886915226942017,0.22010188042560636,2.2615873753957914,0.08361534329969483,0.0,0.0,0.0,0.0,a,,False,True
609,Shahar,DEF,17,NEW,4.0,5,HUL,True,0.084,0.2575036343678575,0.0,0.0,0.12252044662570903,0.0,0.0,0.0,0.15886915226942017,0.366321663556921,3.0796218039183403,0.08361534329969483,0.0,0.0,0.0,0.0,a,,False,True
609,Shahar,DEF,17,NEW,4.0,6,COV,False,0.084,0.22635775942516873,0.0,0.0,0.09922468248534116,0.0,0.0,0.0,0.15886915226942017,0.29667008042321613,2.7071318551411707,0.08361534329969483,0.0,0.0,0.0,0.0,a,,False,True
467,Sels,GK,18,NFO,5.0,1,LEE,True,0.596,1.5430807499438308,0.0,0.0,0.6572200556068001,0.0,0.0,0.0,1.131920716880361,0.2757962830414614,2.5901579334757967,0.5957477457265059,0.0,0.0,0.0,1.6,a,,False,True
467,Sels,GK,18,NFO,5.0,2,LIV,False,0.596,1.1599837586916597,0.0,0.0,0.40856117784806684,0.0,0.0,0.0,1.131920716880361,0.1714488979516961,1.9471055778433135,0.5957477457265059,0.0,0.0,0.0,1.6,a,,False,True
467,Sels,GK,18,NFO,5.0,3,TOT,True,0.596,1.7295756186466003,0.0,0.0,0.7929642899337827,0.0,0.0,0.0,1.131920716880361,0.3327600883184098,2.903201281168773,0.5957477457265059,0.0,0.0,0.0,1.6,a,,False,True
467,Sels,GK,18,NFO,5.0,4,AVL,False,0.596,1.3407555212449112,0.0,0.0,0.5202338828658088,0.0,0.0,0.0,1.131920716880361,0.21831130986126981,2.2505423324932248,0.5957477457265059,0.0,0.0,0.0,1.6,a,,False,True
467,Sels,GK,18,NFO,5.0,5,COV,True,0.596,1.8013203440127623,0.0,0.0,0.8473052142846632,0.0,0.0,0.0,1.131920716880361,0.35556375175678867,3.0236293077636036,0.5957477457265059,0.0,0.0,0.0,1.6,a,,False,True
467,Sels,GK,18,NFO,5.0,6,CRY,False,0.596,1.3060002896188978,0.0,0.0,0.49792168430081085,0.0,0.0,0.0,1.131920716880361,0.20894820327586908,2.1922034938231265,0.5957477457265059,0.0,0.0,0.0,1.6,a,,False,True
468,John,GK,18,NFO,4.5,1,LEE,True,0.376,0.9727862556113637,0.0,0.0,0.4143235129008663,0.0,0.0,0.0,0.7135834698625191,0.2757962830414614,2.5901579334757967,0.3755702472960627,0.0,0.0,0.0,0.1,a,,False,True
468,John,GK,18,NFO,4.5,2,LIV,False,0.376,0.7312749233821563,0.0,0.0,0.2575644200094237,0.0,0.0,0.0,0.7135834698625191,0.1714488979516961,1.9471055778433135,0.3755702472960627,0.0,0.0,0.0,0.1,a,,False,True
468,John,GK,18,NFO,4.5,3,TOT,True,0.376,1.090356023118802,0.0,0.0,0.4998991546400193,0.0,0.0,0.0,0.7135834698625191,0.3327600883184098,2.903201281168773,0.3755702472960627,0.0,0.0,0.0,0.1,a,,False,True
468,John,GK,18,NFO,4.5,4,AVL,False,0.376,0.8452367403647382,0.0,0.0,0.3279649305284979,0.0,0.0,0.0,0.7135834698625191,0.21831130986126981,2.2505423324932248,0.3755702472960627,0.0,0.0,0.0,0.1,a,,False,True
468,John,GK,18,NFO,4.5,5,COV,True,0.376,1.1355852068483996,0.0,0.0,0.5341566647072519,0.0,0.0,0.0,0.7135834698625191,0.35556375175678867,3.0236293077636036,0.3755702472960627,0.0,0.0,0.0,0.1,a,,False,True
468,John,GK,18,NFO,4.5,6,CRY,False,0.376,0.8233264082984443,0.0,0.0,0.3138989135055445,0.0,0.0,0.0,0.7135834698625191,0.20894820327586908,2.1922034938231265,0.3755702472960627,0.0,0.0,0.0,0.1,a,,False,True
469,N.Williams,DEF,18,NFO,5.0,1,LEE,True,0.583,1.50996639162552,0.0,0.0,0.6431161790493768,0.0,0.0,0.0,1.1076298116843368,0.2757962830414614,2.5901579334757967,0.5829630587812299,0.0,0.0,0.0,9.9,a,,False,True
469,N.Williams,DEF,18,NFO,5.0,2,LIV,False,0.583,1.1350906234295322,0.0,0.0,0.39979349589836677,0.0,0.0,0.0,1.1076298116843368,0.1714488979516961,1.9471055778433135,0.5829630587812299,0.0,0.0,0.0,9.9,a,,False,True
469,N.Williams,DEF,18,NFO,5.0,3,TOT,True,0.583,1.6924590991277333,0.0,0.0,0.7759473557056495,0.0,0.0,0.0,1.1076298116843368,0.3327600883184098,2.903201281168773,0.5829630587812299,0.0,0.0,0.0,9.9,a,,False,True
469,N.Williams,DEF,18,NFO,5.0,4,AVL,False,0.583,1.311983042066894,0.0,0.0,0.5090697158530509,0.0,0.0,0.0,1.1076298116843368,0.21831130986126981,2.2505423324932248,0.5829630587812299,0.0,0.0,0.0,9.9,a,,False,True
469,N.Williams,DEF,18,NFO,5.0,5,COV,True,0.583,1.7626641898744433,0.0,0.0,0.8291221292634697,0.0,0.0,0.0,1.1076298116843368,0.35556375175678867,3.0236293077636036,0.5829630587812299,0.0,0.0,0.0,9.9,a,,False,True
469,N.Williams,DEF,18,NFO,5.0,6,CRY,False,0.583,1.277973654230029,0.0,0.0,0.48723633483417134,0.0,0.0,0.0,1.1076298116843368,0.20894820327586908,2.1922034938231265,0.5829630587812299,0.0,0.0,0.0,9.9,a,,False,True
470,Morato,DEF,18,NFO,5.0,1,LEE,True,0.476,1.2325385298918272,0.0,0.0,0.5249557038298329,0.0,0.0,0.0,0.9041237125073378,0.2757962830414614,2.5901579334757967,0.4758545855301778,0.0,0.0,0.0,0.1,a,,False,True
470,Morato,DEF,18,NFO,5.0,2,LIV,False,0.476,0.9265391177281274,0.0,0.0,0.32633897709764037,0.0,0.0,0.0,0.9041237125073378,0.1714488979516961,1.9471055778433135,0.4758545855301778,0.0,0.0,0.0,0.1,a,,False,True
470,Morato,DEF,18,NFO,5.0,3,TOT,True,0.476,1.3815016423612476,0.0,0.0,0.633381655630969,0.0,0.0,0.0,0.9041237125073378,0.3327600883184098,2.903201281168773,0.4758545855301778,0.0,0.0,0.0,0.1,a,,False,True
470,Morato,DEF,18,NFO,5.0,4,AVL,False,0.476,1.070930888846683,0.0,0.0,0.41553775148233907,0.0,0.0,0.0,0.9041237125073378,0.21831130986126981,2.2505423324932248,0.4758545855301778,0.0,0.0,0.0,0.1,a,,False,True
470,Morato,DEF,18,NFO,5.0,5,COV,True,0.476,1.4388078710427479,0.0,0.0,0.6767865668871268,0.0,0.0,0.0,0.9041237125073378,0.35556375175678867,3.0236293077636036,0.4758545855301778,0.0,0.0,0.0,0.1,a,,False,True
470,Morato,DEF,18,NFO,5.0,6,CRY,False,0.476,1.0431700849510117,0.0,0.0,0.39771584266845605,0.0,0.0,0.0,0.9041237125073378,0.20894820327586908,2.1922034938231265,0.4758545855301778,0.0,0.0,0.0,0.1,a,,False,True
471,Milenković,DEF,18,NFO,5.5,1,LEE,True,0.759,1.9657699357859326,0.0,0.0,0.8372493964132687,0.0,0.0,0.0,1.4419826797901985,0.2757962830414614,2.5901579334757967,0.7589382525211571,0.0,0.0,0.0,2.0,a,,False,True
471,Milenković,DEF,18,NFO,5.5,2,LIV,False,0.759,1.4777329047226022,0.0,0.0,0.5204765080325537,0.0,0.0,0.0,1.4419826797901985,0.1714488979516961,1.9471055778433135,0.7589382525211571,0.0,0.0,0.0,2.0,a,,False,True
471,Milenković,DEF,18,NFO,5.5,3,TOT,True,0.759,2.203350507047413,0.0,0.0,1.0101774397486394,0.0,0.0,0.0,1.4419826797901985,0.3327600883184098,2.903201281168773,0.7589382525211571,0.0,0.0,0.0,2.0,a,,False,True
471,Milenković,DEF,18,NFO,5.5,4,AVL,False,0.759,1.708022665047297,0.0,0.0,0.6627392160468678,0.0,0.0,0.0,1.4419826797901985,0.21831130986126981,2.2505423324932248,0.7589382525211571,0.0,0.0,0.0,2.0,a,,False,True
471,Milenković,DEF,18,NFO,5.5,5,COV,True,0.759,2.2947479431058655,0.0,0.0,1.0794037296726549,0.0,0.0,0.0,1.4419826797901985,0.35556375175678867,3.0236293077636036,0.7589382525211571,0.0,0.0,0.0,2.0,a,,False,True
471,Milenković,DEF,18,NFO,5.5,6,CRY,False,0.759,1.663747088772899,0.0,0.0,0.6343151370464943,0.0,0.0,0.0,1.4419826797901985,0.20894820327586908,2.1922034938231265,0.7589382525211571,0.0,0.0,0.0,2.0,a,,False,True
472,Murillo,DEF,18,NFO,5.5,1,LEE,True,0.746,1.9333405312965315,0.0,0.0,0.8234372514412085,0.0,0.0,0.0,1.4181942197378115,0.2757962830414614,2.5901579334757967,0.7464180103883219,0.0,0.0,0.0,1.7,a,,False,True
472,Murillo,DEF,18,NFO,5.5,2,LIV,False,0.746,1.4533546714298098,0.0,0.0,0.5118901811695018,0.0,0.0,0.0,1.4181942197378115,0.1714488979516961,1.9471055778433135,0.7464180103883219,0.0,0.0,0.0,1.7,a,,False,True
472,Murillo,DEF,18,NFO,5.5,3,TOT,True,0.746,2.1670017240468225,0.0,0.0,0.9935124922370789,0.0,0.0,0.0,1.4181942197378115,0.3327600883184098,2.903201281168773,0.7464180103883219,0.0,0.0,0.0,1.7,a,,False,True
472,Murillo,DEF,18,NFO,5.5,4,AVL,False,0.746,1.679845330114286,0.0,0.0,0.6518059742076698,0.0,0.0,0.0,1.4181942197378115,0.21831130986126981,2.2505423324932248,0.7464180103883219,0.0,0.0,0.0,1.7,a,,False,True
472,Murillo,DEF,18,NFO,5.5,5,COV,True,0.746,2.2568913720527277,0.0,0.0,1.0615967526100376,0.0,0.0,0.0,1.4181942197378115,0.35556375175678867,3.0236293077636036,0.7464180103883219,0.0,0.0,0.0,1.7,a,,False,True
472,Murillo,DEF,18,NFO,5.5,6,CRY,False,0.746,1.636300170225786,0.0,0.0,0.6238508086535554,0.0,0.0,0.0,1.4181942197378115,0.20894820327586908,2.1922034938231265,0.7464180103883219,0.0,0.0,0.0,1.7,a,,False,True
473,Aina,DEF,18,NFO,4.5,1,LEE,True,0.284,0.735247846466485,0.0,0.0,0.31315252332521987,0.0,0.0,0.0,0.5393381192056084,0.2757962830414614,2.5901579334757967,0.2838621680029518,0.0,0.0,0.0,3.6,a,,False,True
473,Aina,DEF,18,NFO,4.5,2,LIV,False,0.284,0.5527096106572432,0.0,0.0,0.19467142349714117,0.0,0.0,0.0,0.5393381192056084,0.1714488979516961,1.9471055778433135,0.2838621680029518,0.0,0.0,0.0,3.6,a,,False,True
473,Aina,DEF,18,NFO,4.5,3,TOT,True,0.284,0.8241090098215151,0.0,0.0,0.3778320003796701,0.0,0.0,0.0,0.5393381192056084,0.3327600883184098,2.903201281168773,0.2838621680029518,0.0,0.0,0.0,3.6,a,,False,True
473,Aina,DEF,18,NFO,4.5,4,AVL,False,0.284,0.6388438256839467,0.0,0.0,0.24788128686713695,0.0,0.0,0.0,0.5393381192056084,0.21831130986126981,2.2505423324932248,0.2838621680029518,0.0,0.0,0.0,3.6,a,,False,True
473,Aina,DEF,18,NFO,4.5,5,COV,True,0.284,0.8582939705390409,0.0,0.0,0.4037243897477815,0.0,0.0,0.0,0.5393381192056084,0.35556375175678867,3.0236293077636036,0.2838621680029518,0.0,0.0,0.0,3.6,a,,False,True
473,Aina,DEF,18,NFO,4.5,6,CRY,False,0.284,0.6222836364602783,0.0,0.0,0.23724995992883866,0.0,0.0,0.0,0.5393381192056084,0.20894820327586908,2.1922034938231265,0.2838621680029518,0.0,0.0,0.0,3.6,a,,False,True
474,Jair Cunha,DEF,18,NFO,4.5,1,LEE,True,0.236,0.6121595001724509,0.0,0.0,0.2607274445995221,0.0,0.0,0.0,0.44904715472961915,0.2757962830414614,2.5901579334757967,0.23634060775243115,0.0,0.0,0.0,0.2,a,,False,True
474,Jair Cunha,DEF,18,NFO,4.5,2,LIV,False,0.236,0.4601801156256373,0.0,0.0,0.16208134696155363,0.0,0.0,0.0,0.44904715472961915,0.1714488979516961,1.9471055778433135,0.23634060775243115,0.0,0.0,0.0,0.2,a,,False,True
474,Jair Cunha,DEF,18,NFO,4.5,3,TOT,True,0.236,0.6861443552190645,0.0,0.0,0.31457888603570255,0.0,0.0,0.0,0.44904715472961915,0.3327600883184098,2.903201281168773,0.23634060775243115,0.0,0.0,0.0,0.2,a,,False,True
474,Jair Cunha,DEF,18,NFO,4.5,4,AVL,False,0.236,0.5318945426340227,0.0,0.0,0.2063833106073673,0.0,0.0,0.0,0.44904715472961915,0.21831130986126981,2.2505423324932248,0.23634060775243115,0.0,0.0,0.0,0.2,a,,False,True
474,Jair Cunha,DEF,18,NFO,4.5,5,COV,True,0.236,0.7146063882149127,0.0,0.0,0.336136612739736,0.0,0.0,0.0,0.44904715472961915,0.35556375175678867,3.0236293077636036,0.23634060775243115,0.0,0.0,0.0,0.2,a,,False,True
474,Jair Cunha,DEF,18,NFO,4.5,6,CRY,False,0.236,0.5181067060471607,0.0,0.0,0.1975317814039897,0.0,0.0,0.0,0.44904715472961915,0.20894820327586908,2.1922034938231265,0.23634060775243115,0.0,0.0,0.0,0.2,a,,False,True
475,Savona,DEF,18,NFO,4.5,1,LEE,True,0.0,0.0,0.0,0.0,0.0,0.0,0.0,0.0,0.0,0.2757962830414614,2.5901579334757967,0.21748872096385116,0.0,0.0,0.0,0.0,i,Knee injury - Unknown return date,False,True
475,Savona,DEF,18,NFO,4.5,2,LIV,False,0.0,0.0,0.0,0.0,0.0,0.0,0.0,0.0,0.0,0.1714488979516961,1.9471055778433135,0.21748872096385116,0.0,0.0,0.0,0.0,i,Knee injury - Unknown return date,False,True
475,Savona,DEF,18,NFO,4.5,3,TOT,True,0.13,0.37884812000520623,0.0,0.0,0.17369175839085382,0.0,0.0,0.0,0.2479371418987903,0.3327600883184098,2.903201281168773,0.21748872096385116,0.0,0.0,0.0,0.0,i,Knee injury - Unknown return date,False,True
475,Savona,DEF,18,NFO,4.5,4,AVL,False,0.13,0.2936805440213722,0.0,0.0,0.11395259412880934,0.0,0.0,0.0,0.2479371418987903,0.21831130986126981,2.2505423324932248,0.21748872096385116,0.0,0.0,0.0,0.0,i,Knee injury - Unknown return date,False,True
475,Savona,DEF,18,NFO,4.5,5,COV,True,0.13,0.39456316248859247,0.0,0.0,0.1855946534176614,0.0,0.0,0.0,0.2479371418987903,0.35556375175678867,3.0236293077636036,0.21748872096385116,0.0,0.0,0.0,0.0,i,Knee injury - Unknown return date,False,True
475,Savona,DEF,18,NFO,4.5,6,CRY,False,0.13,0.2860677203784465,0.0,0.0,0.10906530594759249,0.0,0.0,0.0,0.2479371418987903,0.20894820327586908,2.1922034938231265,0.21748872096385116,0.0,0.0,0.0,0.0,i,Knee injury - Unknown return date,False,True
476,O.Richards,DEF,18,NFO,4.0,1,LEE,True,0.081,0.21079357727614076,0.0,0.0,0.08977998499691243,0.0,0.0,0.0,0.15462678613084266,0.2757962830414614,2.5901579334757967,0.08138251901623299,0.0,0.0,0.0,0.3,a,,False,True
476,O.Richards,DEF,18,NFO,4.0,2,LIV,False,0.081,0.15846035671544678,0.0,0.0,0.05581177279146439,0.0,0.0,0.0,0.15462678613084266,0.1714488979516961,1.9471055778433135,0.08138251901623299,0.0,0.0,0.0,0.3,a,,False,True
476,O.Richards,DEF,18,NFO,4.0,3,TOT,True,0.081,0.2362698334726696,0.0,0.0,0.10832341686166543,0.0,0.0,0.0,0.15462678613084266,0.3327600883184098,2.903201281168773,0.08138251901623299,0.0,0.0,0.0,0.3,a,,False,True
476,O.Richards,DEF,18,NFO,4.0,4,AVL,False,0.081,0.1831548041709672,0.0,0.0,0.07106689730497409,0.0,0.0,0.0,0.15462678613084266,0.21831130986126981,2.2505423324932248,0.08138251901623299,0.0,0.0,0.0,0.3,a,,False,True
476,O.Richards,DEF,18,NFO,4.0,5,COV,True,0.081,0.24607056963711083,0.0,0.0,0.11574669515532,0.0,0.0,0.0,0.15462678613084266,0.35556375175678867,3.0236293077636036,0.08138251901623299,0.0,0.0,0.0,0.3,a,,False,True
476,O.Richards,DEF,18,NFO,4.0,6,CRY,False,0.081,0.17840704252351297,0.0,0.0,0.06801892450602452,0.0,0.0,0.0,0.15462678613084266,0.20894820327586908,2.1922034938231265,0.08138251901623299,0.0,0.0,0.0,0.3,a,,False,True
477,Abbott,DEF,18,NFO,4.0,1,LEE,True,0.081,0.20887546209980717,0.0,0.0,0.08896303244086759,0.0,0.0,0.0,0.15321976040938665,0.2757962830414614,2.5901579334757967,0.08064197916283508,0.0,0.0,0.0,0.3,a,,False,True
477,Abbott,DEF,18,NFO,4.0,2,LIV,False,0.081,0.15701844743628043,0.0,0.0,0.05530391382444686,0.0,0.0,0.0,0.15321976040938665,0.1714488979516961,1.9471055778433135,0.08064197916283508,0.0,0.0,0.0,0.3,a,,False,True
477,Abbott,DEF,18,NFO,4.0,3,TOT,True,0.081,0.2341198972215283,0.0,0.0,0.10733772843358547,0.0,0.0,0.0,0.15321976040938665,0.3327600883184098,2.903201281168773,0.08064197916283508,0.0,0.0,0.0,0.3,a,,False,True
477,Abbott,DEF,18,NFO,4.0,4,AVL,False,0.081,0.1814881878819969,0.0,0.0,0.07042022440337502,0.0,0.0,0.0,0.15321976040938665,0.21831130986126981,2.2505423324932248,0.08064197916283508,0.0,0.0,0.0,0.3,a,,False,True
477,Abbott,DEF,18,NFO,4.0,5,COV,True,0.081,0.24383145163280998,0.0,0.0,0.11469345864092167,0.0,0.0,0.0,0.15321976040938665,0.35556375175678867,3.0236293077636036,0.08064197916283508,0.0,0.0,0.0,0.3,a,,False,True
477,Abbott,DEF,18,NFO,4.0,6,CRY,False,0.081,0.17678362846957885,0.0,0.0,0.06739998661873785,0.0,0.0,0.0,0.15321976040938665,0.20894820327586908,2.1922034938231265,0.08064197916283508,0.0,0.0,0.0,0.3,a,,False,True
478,Netz,DEF,18,NFO,4.5,1,LEE,True,0.211,0.5461522447788714,0.0,0.0,0.23261401498036585,0.0,0.0,0.0,0.4006277963472886,0.2757962830414614,2.5901579334757967,0.2108567349196256,0.0,0.0,0.0,0.0,a,,False,True
478,Netz,DEF,18,NFO,4.5,2,LIV,False,0.211,0.410560324687832,0.0,0.0,0.14460461931065088,0.0,0.0,0.0,0.4006277963472886,0.1714488979516961,1.9471055778433135,0.2108567349196256,0.0,0.0,0.0,0.0,a,,False,True
478,Netz,DEF,18,NFO,4.5,3,TOT,True,0.211,0.6121595429617214,0.0,0.0,0.28065882293754457,0.0,0.0,0.0,0.4006277963472886,0.3327600883184098,2.903201281168773,0.2108567349196256,0.0,0.0,0.0,0.0,a,,False,True
478,Netz,DEF,18,NFO,4.5,4,AVL,False,0.211,0.4745420080279198,0.0,0.0,0.18412963997349605,0.0,0.0,0.0,0.4006277963472886,0.21831130986126981,2.2505423324932248,0.2108567349196256,0.0,0.0,0.0,0.0,a,,False,True
478,Netz,DEF,18,NFO,4.5,5,COV,True,0.211,0.6375526034423212,0.0,0.0,0.29989204700483496,0.0,0.0,0.0,0.4006277963472886,0.35556375175678867,3.0236293077636036,0.2108567349196256,0.0,0.0,0.0,0.0,a,,False,True
478,Netz,DEF,18,NFO,4.5,6,CRY,False,0.211,0.4622408709869401,0.0,0.0,0.17623254364028787,0.0,0.0,0.0,0.4006277963472886,0.20894820327586908,2.1922034938231265,0.2108567349196256,0.0,0.0,0.0,0.0,a,,False,True
479,Bindon,DEF,18,NFO,4.0,1,LEE,True,0.08,0.20824247295325415,0.0,0.0,0.08869343335338549,0.0,0.0,0.0,0.15275543375080455,0.2757962830414614,2.5901579334757967,0.08039759671094977,0.0,0.0,0.0,0.2,a,,False,True
479,Bindon,DEF,18,NFO,4.0,2,LIV,False,0.08,0.15654260900108752,0.0,0.0,0.055136317416228986,0.0,0.0,0.0,0.15275543375080455,0.1714488979516961,1.9471055778433135,0.08039759671094977,0.0,0.0,0.0,0.2,a,,False,True
479,Bindon,DEF,18,NFO,4.0,3,TOT,True,0.08,0.2334104057741197,0.0,0.0,0.10701244552849416,0.0,0.0,0.0,0.15275543375080455,0.3327600883184098,2.903201281168773,0.08039759671094977,0.0,0.0,0.0,0.2,a,,False,True
479,Bindon,DEF,18,NFO,4.0,4,AVL,False,0.08,0.1809381948287105,0.0,0.0,0.07020681859066225,0.0,0.0,0.0,0.15275543375080455,0.21831130986126981,2.2505423324932248,0.08039759671094977,0.0,0.0,0.0,0.2,a,,False,True
479,Bindon,DEF,18,NFO,4.0,5,COV,True,0.08,0.24309252968898643,0.0,0.0,0.11434588447509822,0.0,0.0,0.0,0.15275543375080455,0.35556375175678867,3.0236293077636036,0.08039759671094977,0.0,0.0,0.0,0.2,a,,False,True
479,Bindon,DEF,18,NFO,4.0,6,CRY,False,0.08,0.1762478924047268,0.0,0.0,0.06719573352180351,0.0,0.0,0.0,0.15275543375080455,0.20894820327586908,2.1922034938231265,0.08039759671094977,0.0,0.0,0.0,0.2,a,,False,True
480,Gibbs-White,MID,18,NFO,8.0,1,LEE,True,0.788,1.7135886612518003,0.0,0.0,0.21720847081079178,0.0,0.0,0.0,1.4963801904410086,0.2757962830414614,2.1757962830414614,0.7875685212847414,0.0,0.0,0.0,11.3,a,,False,True
480,Gibbs-White,MID,18,NFO,8.0,2,LIV,False,0.788,1.6314079454767243,0.0,0.0,0.13502775503571582,0.0,0.0,0.0,1.4963801904410086,0.1714488979516961,2.071448897951696,0.7875685212847414,0.0,0.0,0.0,11.3,a,,False,True
480,Gibbs-White,MID,18,NFO,8.0,3,TOT,True,0.788,1.7584515611405185,0.0,0.0,0.26207137069951,0.0,0.0,0.0,1.4963801904410086,0.3327600883184098,2.2327600883184098,0.7875685212847414,0.0,0.0,0.0,11.3,a,,False,True
480,Gibbs-White,MID,18,NFO,8.0,4,AVL,False,0.788,1.668315305928184,0.0,0.0,0.17193511548717524,0.0,0.0,0.0,1.4963801904410086,0.21831130986126981,2.11831130986127,0.7875685212847414,0.0,0.0,0.0,11.3,a,,False,True
480,Gibbs-White,MID,18,NFO,8.0,5,COV,True,0.788,1.7764110086345575,0.0,0.0,0.2800308181935489,0.0,0.0,0.0,1.4963801904410086,0.35556375175678867,2.255563751756789,0.7875685212847414,0.0,0.0,0.0,11.3,a,,False,True
480,Gibbs-White,MID,18,NFO,8.0,6,CRY,False,0.788,1.6609412179200884,0.0,0.0,0.16456102747907977,0.0,0.0,0.0,1.4963801904410086,0.20894820327586908,2.108948203275869,0.7875685212847414,0.0,0.0,0.0,11.3,a,,False,True
482,Hudson-Odoi,MID,18,NFO,6.0,1,LEE,True,0.714,1.5532688265066616,0.0,0.0,0.19688689251545463,0.0,0.0,0.0,1.356381933991207,0.2757962830414614,2.1757962830414614,0.7138852284164248,0.0,0.0,0.0,0.3,a,,False,True
482,Hudson-Odoi,MID,18,NFO,6.0,2,LIV,False,0.714,1.478776769667198,0.0,0.0,0.12239483567599087,0.0,0.0,0.0,1.356381933991207,0.1714488979516961,2.071448897951696,0.7138852284164248,0.0,0.0,0.0,0.3,a,,False,True
482,Hudson-Odoi,MID,18,NFO,6.0,3,TOT,True,0.714,1.5939344456482647,0.0,0.0,0.23755251165705765,0.0,0.0,0.0,1.356381933991207,0.3327600883184098,2.2327600883184098,0.7138852284164248,0.0,0.0,0.0,0.3,a,,False,True
482,Hudson-Odoi,MID,18,NFO,6.0,4,AVL,False,0.714,1.5122311532974086,0.0,0.0,0.1558492193062015,0.0,0.0,0.0,1.356381933991207,0.21831130986126981,2.11831130986127,0.7138852284164248,0.0,0.0,0.0,0.3,a,,False,True
482,Hudson-Odoi,MID,18,NFO,6.0,5,COV,True,0.714,1.6102136441307031,0.0,0.0,0.253831710139496,0.0,0.0,0.0,1.356381933991207,0.35556375175678867,2.255563751756789,0.7138852284164248,0.0,0.0,0.0,0.3,a,,False,True
482,Hudson-Odoi,MID,18,NFO,6.0,6,CRY,False,0.714,1.5055469698140025,0.0,0.0,0.14916503582279536,0.0,0.0,0.0,1.356381933991207,0.20894820327586908,2.108948203275869,0.7138852284164248,0.0,0.0,0.0,0.3,a,,False,True
483,Ndoye,MID,18,NFO,5.5,1,LEE,True,0.617,1.342101087476089,0.0,0.0,0.1701200127405288,0.0,0.0,0.0,1.1719810747355601,0.2757962830414614,2.1757962830414614,0.6168321445976632,0.0,0.0,0.0,0.4,a,,False,True
483,Ndoye,MID,18,NFO,5.5,2,LIV,False,0.617,1.2777362661480107,0.0,0.0,0.10575519141245061,0.0,0.0,0.0,1.1719810747355601,0.1714488979516961,2.071448897951696,0.6168321445976632,0.0,0.0,0.0,0.4,a,,False,True
483,Ndoye,MID,18,NFO,5.5,3,TOT,True,0.617,1.3772381936495126,0.0,0.0,0.20525711891395254,0.0,0.0,0.0,1.1719810747355601,0.3327600883184098,2.2327600883184098,0.6168321445976632,0.0,0.0,0.0,0.4,a,,False,True
483,Ndoye,MID,18,NFO,5.5,4,AVL,False,0.617,1.3066425081872122,0.0,0.0,0.13466143345165205,0.0,0.0,0.0,1.1719810747355601,0.21831130986126981,2.11831130986127,0.6168321445976632,0.0,0.0,0.0,0.4,a,,False,True
483,Ndoye,MID,18,NFO,5.5,5,COV,True,0.617,1.3913042262728912,0.0,0.0,0.2193231515373311,0.0,0.0,0.0,1.1719810747355601,0.35556375175678867,2.255563751756789,0.6168321445976632,0.0,0.0,0.0,0.4,a,,False,True
483,Ndoye,MID,18,NFO,5.5,6,CRY,False,0.617,1.300867043072043,0.0,0.0,0.1288859683364828,0.0,0.0,0.0,1.1719810747355601,0.20894820327586908,2.108948203275869,0.6168321445976632,0.0,0.0,0.0,0.4,a,,False,True
484,Hutchinson,MID,18,NFO,5.5,1,LEE,True,0.543,1.1824604652837296,0.0,0.0,0.1498845290391165,0.0,0.0,0.0,1.0325759362446132,0.2757962830414614,2.1757962830414614,0.5434610190761122,0.0,0.0,0.0,0.2,a,,False,True
484,Hutchinson,MID,18,NFO,5.5,2,LIV,False,0.543,1.1257517290449184,0.0,0.0,0.09317579280030513,0.0,0.0,0.0,1.0325759362446132,0.1714488979516961,2.071448897951696,0.5434610190761122,0.0,0.0,0.0,0.2,a,,False,True
484,Hutchinson,MID,18,NFO,5.5,3,TOT,True,0.543,1.2134180729499933,0.0,0.0,0.1808421367053801,0.0,0.0,0.0,1.0325759362446132,0.3327600883184098,2.2327600883184098,0.5434610190761122,0.0,0.0,0.0,0.2,a,,False,True
484,Hutchinson,MID,18,NFO,5.5,4,AVL,False,0.543,1.1512196231776597,0.0,0.0,0.1186436869330466,0.0,0.0,0.0,1.0325759362446132,0.21831130986126981,2.11831130986127,0.5434610190761122,0.0,0.0,0.0,0.2,a,,False,True
484,Hutchinson,MID,18,NFO,5.5,5,COV,True,0.543,1.2258109751208834,0.0,0.0,0.19323503887627017,0.0,0.0,0.0,1.0325759362446132,0.35556375175678867,2.255563751756789,0.5434610190761122,0.0,0.0,0.0,0.2,a,,False,True
484,Hutchinson,MID,18,NFO,5.5,6,CRY,False,0.543,1.1461311397310396,0.0,0.0,0.11355520348642646,0.0,0.0,0.0,1.0325759362446132,0.20894820327586908,2.108948203275869,0.5434610190761122,0.0,0.0,0.0,0.2,a,,False,True
485,Bakwa,MID,18,NFO,5.5,1,LEE,True,0.436,0.9494142473018448,0.0,0.0,0.12034441023423055,0.0,0.0,0.0,0.8290698370676142,0.2757962830414614,2.1757962830414614,0.4363525458250601,0.0,0.0,0.0,0.0,a,,False,True
485,Bakwa,MID,18,NFO,5.5,2,LIV,False,0.436,0.9038820001677377,0.0,0.0,0.07481216310012352,0.0,0.0,0.0,0.8290698370676142,0.1714488979516961,2.071448897951696,0.4363525458250601,0.0,0.0,0.0,0.0,a,,False,True
485,Bakwa,MID,18,NFO,5.5,3,TOT,True,0.436,0.9742705487543242,0.0,0.0,0.14520071168670998,0.0,0.0,0.0,0.8290698370676142,0.3327600883184098,2.2327600883184098,0.4363525458250601,0.0,0.0,0.0,0.0,a,,False,True
485,Bakwa,MID,18,NFO,5.5,4,AVL,False,0.436,0.9243305329079828,0.0,0.0,0.09526069584036863,0.0,0.0,0.0,0.8290698370676142,0.21831130986126981,2.11831130986127,0.4363525458250601,0.0,0.0,0.0,0.0,a,,False,True
485,Bakwa,MID,18,NFO,5.5,5,COV,True,0.436,0.9842209853497986,0.0,0.0,0.15515114828218443,0.0,0.0,0.0,0.8290698370676142,0.35556375175678867,2.255563751756789,0.4363525458250601,0.0,0.0,0.0,0.0,a,,False,True
485,Bakwa,MID,18,NFO,5.5,6,CRY,False,0.436,0.9202449175126118,0.0,0.0,0.09117508044499764,0.0,0.0,0.0,0.8290698370676142,0.20894820327586908,2.108948203275869,0.4363525458250601,0.0,0.0,0.0,0.0,a,,False,True
486,McAtee,MID,18,NFO,5.5,1,LEE,True,0.346,0.7522246593204369,0.0,0.0,0.0953493517153659,0.0,0.0,0.0,0.6568753076050711,0.2757962830414614,2.1757962830414614,0.34572384610793216,0.0,0.0,0.0,0.0,a,,False,True
486,McAtee,MID,18,NFO,5.5,2,LIV,False,0.346,0.7161492800158978,0.0,0.0,0.05927397241082675,0.0,0.0,0.0,0.6568753076050711,0.1714488979516961,2.071448897951696,0.34572384610793216,0.0,0.0,0.0,0.0,a,,False,True
486,McAtee,MID,18,NFO,5.5,3,TOT,True,0.346,0.7719184051697269,0.0,0.0,0.11504309756465583,0.0,0.0,0.0,0.6568753076050711,0.3327600883184098,2.2327600883184098,0.34572384610793216,0.0,0.0,0.0,0.0,a,,False,True
486,McAtee,MID,18,NFO,5.5,4,AVL,False,0.346,0.7323507332991698,0.0,0.0,0.07547542569409874,0.0,0.0,0.0,0.6568753076050711,0.21831130986126981,2.11831130986127,0.34572384610793216,0.0,0.0,0.0,0.0,a,,False,True
486,McAtee,MID,18,NFO,5.5,5,COV,True,0.346,0.7798021753989941,0.0,0.0,0.122926867793923,0.0,0.0,0.0,0.6568753076050711,0.35556375175678867,2.255563751756789,0.34572384610793216,0.0,0.0,0.0,0.0,a,,False,True
486,McAtee,MID,18,NFO,5.5,6,CRY,False,0.346,0.7291136840789465,0.0,0.0,0.07223837647387549,0.0,0.0,0.0,0.6568753076050711,0.20894820327586908,2.108948203275869,0.34572384610793216,0.0,0.0,0.0,0.0,a,,False,True
487,Dominguez,MID,18,NFO,5.0,1,LEE,True,0.182,0.39522187733577285,0.0,0.0,0.050096934899395394,0.0,0.0,0.0,0.3451249424363775,0.2757962830414614,2.1757962830414614,0.18164470654546183,0.0,0.0,0.0,0.1,a,,False,True
487,Dominguez,MID,18,NFO,5.0,2,LIV,False,0.182,0.3762677271923561,0.0,0.0,0.031142784755978672,0.0,0.0,0.0,0.3451249424363775,0.1714488979516961,2.071448897951696,0.18164470654546183,0.0,0.0,0.0,0.1,a,,False,True
487,Dominguez,MID,18,NFO,5.0,3,TOT,True,0.182,0.40556905102901697,0.0,0.0,0.06044410859263951,0.0,0.0,0.0,0.3451249424363775,0.3327600883184098,2.2327600883184098,0.18164470654546183,0.0,0.0,0.0,0.1,a,,False,True
487,Dominguez,MID,18,NFO,5.0,4,AVL,False,0.182,0.3847800362516832,0.0,0.0,0.03965509381530574,0.0,0.0,0.0,0.3451249424363775,0.21831130986126981,2.11831130986127,0.18164470654546183,0.0,0.0,0.0,0.1,a,,False,True
487,Dominguez,MID,18,NFO,5.0,5,COV,True,0.182,0.4097112157824428,0.0,0.0,0.06458627334606531,0.0,0.0,0.0,0.3451249424363775,0.35556375175678867,2.255563751756789,0.18164470654546183,0.0,0.0,0.0,0.1,a,,False,True
487,Dominguez,MID,18,NFO,5.0,6,CRY,False,0.182,0.38307927750362425,0.0,0.0,0.03795433506724674,0.0,0.0,0.0,0.3451249424363775,0.20894820327586908,2.108948203275869,0.18164470654546183,0.0,0.0,0.0,0.1,a,,False,True
488,I.Sangaré,MID,18,NFO,5.0,1,LEE,True,0.163,0.3542040121328621,0.0,0.0,0.0448976545947866,0.0,0.0,0.0,0.3093063575380755,0.2757962830414614,2.1757962830414614,0.16279281975688184,0.0,0.0,0.0,1.1,a,,False,True
488,I.Sangaré,MID,18,NFO,5.0,2,LIV,False,0.163,0.337217007079842,0.0,0.0,0.027910649541766492,0.0,0.0,0.0,0.3093063575380755,0.1714488979516961,2.071448897951696,0.16279281975688184,0.0,0.0,0.0,1.1,a,,False,True
488,I.Sangaré,MID,18,NFO,5.0,3,TOT,True,0.163,0.3634773106179785,0.0,0.0,0.05417095307990297,0.0,0.0,0.0,0.3093063575380755,0.3327600883184098,2.2327600883184098,0.16279281975688184,0.0,0.0,0.0,1.1,a,,False,True
488,I.Sangaré,MID,18,NFO,5.0,4,AVL,False,0.163,0.34484587125521,0.0,0.0,0.03553951371713448,0.0,0.0,0.0,0.3093063575380755,0.21831130986126981,2.11831130986127,0.16279281975688184,0.0,0.0,0.0,1.1,a,,False,True
488,I.Sangaré,MID,18,NFO,5.0,5,COV,True,0.163,0.3671895832898991,0.0,0.0,0.05788322575182358,0.0,0.0,0.0,0.3093063575380755,0.35556375175678867,2.255563751756789,0.16279281975688184,0.0,0.0,0.0,1.1,a,,False,True
488,I.Sangaré,MID,18,NFO,5.0,6,CRY,False,0.163,0.3433216247324884,0.0,0.0,0.03401526719441286,0.0,0.0,0.0,0.3093063575380755,0.20894820327586908,2.108948203275869,0.16279281975688184,0.0,0.0,0.0,1.1,a,,False,True
489,Yates,MID,18,NFO,4.5,1,LEE,True,0.0,0.0,0.0,0.0,0.0,0.0,0.0,0.0,0.0,0.2757962830414614,2.1757962830414614,0.042013833272016854,0.0,0.0,0.0,1.7,i,Unspecified injury - Unknown return date,False,True
489,Yates,MID,18,NFO,4.5,2,LIV,False,0.0,0.0,0.0,0.0,0.0,0.0,0.0,0.0,0.0,0.1714488979516961,2.071448897951696,0.042013833272016854,0.0,0.0,0.0,1.7,i,Unspecified injury - Unknown return date,False,True
489,Yates,MID,18,NFO,4.5,3,TOT,True,0.025,0.05628408605221397,0.0,0.0,0.008388316122114764,0.0,0.0,0.0,0.04789576993009921,0.3327600883184098,2.2327600883184098,0.042013833272016854,0.0,0.0,0.0,1.7,i,Unspecified injury - Unknown return date,False,True
489,Yates,MID,18,NFO,4.5,4,AVL,False,0.025,0.05339902691444341,0.0,0.0,0.0055032569843442,0.0,0.0,0.0,0.04789576993009921,0.21831130986126981,2.11831130986127,0.042013833272016854,0.0,0.0,0.0,1.7,i,Unspecified injury - Unknown return date,False,True
489,Yates,MID,18,NFO,4.5,5,COV,True,0.025,0.056858927640428714,0.0,0.0,0.008963157710329505,0.0,0.0,0.0,0.04789576993009921,0.35556375175678867,2.255563751756789,0.042013833272016854,0.0,0.0,0.0,1.7,i,Unspecified injury - Unknown return date,False,True
489,Yates,MID,18,NFO,4.5,6,CRY,False,0.025,0.05316299891505112,0.0,0.0,0.00526722898495191,0.0,0.0,0.0,0.04789576993009921,0.20894820327586908,2.108948203275869,0.042013833272016854,0.0,0.0,0.0,1.7,i,Unspecified injury - Unknown return date,False,True
490,Wood,FWD,18,NFO,6.0,1,LEE,True,0.621,1.3230257538496055,0.14325577927752378,0.0,0.0,0.0,0.0,0.0,1.1797699745720818,0.2757962830414614,2.1307110593537697,0.6209315655642536,0.05767776483844248,0.0,0.0,1.8,a,,True,True
490,Wood,FWD,18,NFO,6.0,2,LIV,False,0.621,1.2872980477166558,0.10752807314457404,0.0,0.0,0.0,0.0,0.0,1.1797699745720818,0.1714488979516961,2.0731721804911962,0.6209315655642536,0.043293045122799086,0.0,0.0,1.8,a,,True,True
490,Wood,FWD,18,NFO,6.0,3,TOT,True,0.621,1.3187147575785216,0.13894478300643984,0.0,0.0,0.0,0.0,0.0,1.1797699745720818,0.3327600883184098,2.1237682712750763,0.6209315655642536,0.05594206781876912,0.0,0.0,1.8,a,,True,True
490,Wood,FWD,18,NFO,6.0,4,AVL,False,0.621,1.2925048150209966,0.1127348404489149,0.0,0.0,0.0,0.0,0.0,1.1797699745720818,0.21831130986126981,2.081557592979623,0.6209315655642536,0.045389398244905774,0.0,0.0,1.8,a,,True,True
490,Wood,FWD,18,NFO,6.0,5,COV,True,0.621,1.3573564023234583,0.17758642775137654,0.0,0.0,0.0,0.0,0.0,1.1797699745720818,0.35556375175678867,2.186,0.6209315655642536,0.07150000000000001,0.0,0.0,1.8,a,,True,True
490,Wood,FWD,18,NFO,6.0,6,CRY,False,0.621,1.2923370275247306,0.11256705295264888,0.0,0.0,0.0,0.0,0.0,1.1797699745720818,0.20894820327586908,2.0812873739964513,0.6209315655642536,0.045321843499112835,0.0,0.0,1.8,a,,True,True
491,Igor Jesus,FWD,18,NFO,6.0,1,LEE,True,0.523,0.993794062280052,0.0,0.0,0.0,0.0,0.0,0.0,0.993794062280052,0.2757962830414614,1.9,0.5230495064631853,0.0,0.0,0.0,4.2,a,,False,True
491,Igor Jesus,FWD,18,NFO,6.0,2,LIV,False,0.523,0.993794062280052,0.0,0.0,0.0,0.0,0.0,0.0,0.993794062280052,0.1714488979516961,1.9,0.5230495064631853,0.0,0.0,0.0,4.2,a,,False,True
491,Igor Jesus,FWD,18,NFO,6.0,3,TOT,True,0.523,0.993794062280052,0.0,0.0,0.0,0.0,0.0,0.0,0.993794062280052,0.3327600883184098,1.9,0.5230495064631853,0.0,0.0,0.0,4.2,a,,False,True
491,Igor Jesus,FWD,18,NFO,6.0,4,AVL,False,0.523,0.993794062280052,0.0,0.0,0.0,0.0,0.0,0.0,0.993794062280052,0.21831130986126981,1.9,0.5230495064631853,0.0,0.0,0.0,4.2,a,,False,True
491,Igor Jesus,FWD,18,NFO,6.0,5,COV,True,0.523,0.993794062280052,0.0,0.0,0.0,0.0,0.0,0.0,0.993794062280052,0.35556375175678867,1.9,0.5230495064631853,0.0,0.0,0.0,4.2,a,,False,True
491,Igor Jesus,FWD,18,NFO,6.0,6,CRY,False,0.523,0.993794062280052,0.0,0.0,0.0,0.0,0.0,0.0,0.993794062280052,0.20894820327586908,1.9,0.5230495064631853,0.0,0.0,0.0,4.2,a,,False,True
493,Kalimuendo,FWD,18,NFO,5.5,1,LEE,True,0.332,0.6313071107705213,0.0,0.0,0.0,0.0,0.0,0.0,0.6313071107705213,0.2757962830414614,1.9,0.3322669004055375,0.0,0.0,0.0,0.1,a,,False,True
493,Kalimuendo,FWD,18,NFO,5.5,2,LIV,False,0.332,0.6313071107705213,0.0,0.0,0.0,0.0,0.0,0.0,0.6313071107705213,0.1714488979516961,1.9,0.3322669004055375,0.0,0.0,0.0,0.1,a,,False,True
493,Kalimuendo,FWD,18,NFO,5.5,3,TOT,True,0.332,0.6313071107705213,0.0,0.0,0.0,0.0,0.0,0.0,0.6313071107705213,0.3327600883184098,1.9,0.3322669004055375,0.0,0.0,0.0,0.1,a,,False,True
493,Kalimuendo,FWD,18,NFO,5.5,4,AVL,False,0.332,0.6313071107705213,0.0,0.0,0.0,0.0,0.0,0.0,0.6313071107705213,0.21831130986126981,1.9,0.3322669004055375,0.0,0.0,0.0,0.1,a,,False,True
493,Kalimuendo,FWD,18,NFO,5.5,5,COV,True,0.332,0.6313071107705213,0.0,0.0,0.0,0.0,0.0,0.0,0.6313071107705213,0.35556375175678867,1.9,0.3322669004055375,0.0,0.0,0.0,0.1,a,,False,True
493,Kalimuendo,FWD,18,NFO,5.5,6,CRY,False,0.332,0.6313071107705213,0.0,0.0,0.0,0.0,0.0,0.0,0.6313071107705213,0.20894820327586908,1.9,0.3322669004055375,0.0,0.0,0.0,0.1,a,,False,True
558,Schlager,MID,18,NFO,5.0,1,LEE,True,0.156,0.3397741615486532,0.0,0.0,0.04306857749460633,0.0,0.0,0.0,0.29670558405404684,0.2757962830414614,2.1757962830414614,0.15616083371265624,0.0,0.0,0.0,0.1,a,,False,True
558,Schlager,MID,18,NFO,5.0,2,LIV,False,0.156,0.3234791868972998,0.0,0.0,0.026773602843252982,0.0,0.0,0.0,0.29670558405404684,0.1714488979516961,2.071448897951696,0.15616083371265624,0.0,0.0,0.0,0.1,a,,False,True
558,Schlager,MID,18,NFO,5.0,3,TOT,True,0.156,0.34866967687214684,0.0,0.0,0.0519640928181,0.0,0.0,0.0,0.29670558405404684,0.3327600883184098,2.2327600883184098,0.15616083371265624,0.0,0.0,0.0,0.1,a,,False,True
558,Schlager,MID,18,NFO,5.0,4,AVL,False,0.156,0.3307972602108848,0.0,0.0,0.034091676156837926,0.0,0.0,0.0,0.29670558405404684,0.21831130986126981,2.11831130986127,0.15616083371265624,0.0,0.0,0.0,0.1,a,,False,True
558,Schlager,MID,18,NFO,5.0,5,COV,True,0.156,0.3522307159663869,0.0,0.0,0.055525131912340056,0.0,0.0,0.0,0.29670558405404684,0.35556375175678867,2.255563751756789,0.15616083371265624,0.0,0.0,0.0,0.1,a,,False,True
558,Schlager,MID,18,NFO,5.0,6,CRY,False,0.156,0.3293351096803681,0.0,0.0,0.032629525626321286,0.0,0.0,0.0,0.29670558405404684,0.20894820327586908,2.108948203275869,0.15616083371265624,0.0,0.0,0.0,0.1,a,,False,True
581,Diomande,DEF,18,NFO,5.5,1,LEE,True,0.713,1.8463678597230757,0.0,0.0,0.7863943526493862,0.0,0.0,0.0,1.354395764109349,0.2757962830414614,2.5901579334757967,0.7128398758470258,0.0,0.0,0.0,0.8,a,,False,True
581,Diomande,DEF,18,NFO,5.5,2,LIV,False,0.713,1.387974498370879,0.0,0.0,0.4888624445199858,0.0,0.0,0.0,1.354395764109349,0.1714488979516961,1.9471055778433135,0.7128398758470258,0.0,0.0,0.0,0.8,a,,False,True
581,Diomande,DEF,18,NFO,5.5,3,TOT,True,0.713,2.069517640827274,0.0,0.0,0.9488186401749623,0.0,0.0,0.0,1.354395764109349,0.3327600883184098,2.903201281168773,0.7128398758470258,0.0,0.0,0.0,0.8,a,,False,True
581,Diomande,DEF,18,NFO,5.5,4,AVL,False,0.713,1.6042763168829461,0.0,0.0,0.6224840280700366,0.0,0.0,0.0,1.354395764109349,0.21831130986126981,2.2505423324932248,0.7128398758470258,0.0,0.0,0.0,0.8,a,,False,True
581,Diomande,DEF,18,NFO,5.5,5,COV,True,0.713,2.155363540353636,0.0,0.0,1.0138400826320477,0.0,0.0,0.0,1.354395764109349,0.35556375175678867,3.0236293077636036,0.7128398758470258,0.0,0.0,0.0,0.8,a,,False,True
581,Diomande,DEF,18,NFO,5.5,6,CRY,False,0.713,1.5626900663682937,0.0,0.0,0.5957864451265185,0.0,0.0,0.0,1.354395764109349,0.20894820327586908,2.1922034938231265,0.7128398758470258,0.0,0.0,0.0,0.8,a,,False,True
590,Benda,GK,18,NFO,4.5,1,LEE,True,0.293,0.7596604604298338,0.0,0.0,0.32355020310126753,0.0,0.0,0.0,0.5572458946083688,0.2757962830414614,2.5901579334757967,0.29328731295177307,0.0,0.0,0.0,0.1,a,,False,True
590,Benda,GK,18,NFO,4.5,2,LIV,False,0.293,0.5710613629590748,0.0,0.0,0.2011351463551828,0.0,0.0,0.0,0.5572458946083688,0.1714488979516961,1.9471055778433135,0.29328731295177307,0.0,0.0,0.0,0.1,a,,False,True
590,Benda,GK,18,NFO,4.5,3,TOT,True,0.293,0.8514721027121344,0.0,0.0,0.3903772486420044,0.0,0.0,0.0,0.5572458946083688,0.3327600883184098,2.903201281168773,0.29328731295177307,0.0,0.0,0.0,0.1,a,,False,True
590,Benda,GK,18,NFO,4.5,4,AVL,False,0.293,0.6600555133811538,0.0,0.0,0.25611174982477497,0.0,0.0,0.0,0.5572458946083688,0.21831130986126981,2.2505423324932248,0.29328731295177307,0.0,0.0,0.0,0.1,a,,False,True
590,Benda,GK,18,NFO,4.5,5,COV,True,0.293,0.886792115036217,0.0,0.0,0.41712934934319934,0.0,0.0,0.0,0.5572458946083688,0.35556375175678867,3.0236293077636036,0.29328731295177307,0.0,0.0,0.0,0.1,a,,False,True
590,Benda,GK,18,NFO,4.5,6,CRY,False,0.293,0.6429454721468737,0.0,0.0,0.24512742833952203,0.0,0.0,0.0,0.5572458946083688,0.20894820327586908,2.1922034938231265,0.29328731295177307,0.0,0.0,0.0,0.1,a,,False,True
112,Van Hecke,DEF,19,TOT,5.0,1,BRE,False,0.656,1.3370736152892186,0.0,0.0,0.48535240505815747,0.0,0.0,0.0,1.2470349501752835,0.18487243871570694,2.0371841773098907,0.6563341843027809,0.0,0.0,0.0,10.5,a,,False,True
112,Van Hecke,DEF,19,TOT,5.0,2,NEW,True,0.656,1.6309647536989438,0.0,0.0,0.6759575454990554,0.0,0.0,0.0,1.2470349501752835,0.25747460732108607,2.48496085181287,0.6563341843027809,0.0,0.0,0.0,10.5,a,,False,True
112,Van Hecke,DEF,19,TOT,5.0,3,NFO,False,0.656,1.589707824847922,0.0,0.0,0.6477774620680868,0.0,0.0,0.0,1.2470349501752835,0.2467407143954479,2.4221012143937886,0.6563341843027809,0.0,0.0,0.0,10.5,a,,False,True
112,Van Hecke,DEF,19,TOT,5.0,4,EVE,True,0.656,1.8511369242088254,0.0,0.0,0.8331782418854212,0.0,0.0,0.0,1.2470349501752835,0.3173605237286629,2.8204182693535533,0.6563341843027809,0.0,0.0,0.0,10.5,a,,False,True
112,Van Hecke,DEF,19,TOT,5.0,5,AVL,True,0.656,1.7446642544618924,0.0,0.0,0.7557691041216379,0.0,0.0,0.0,1.2470349501752835,0.28787511080368533,2.658195011303939,0.6563341843027809,0.0,0.0,0.0,10.5,a,,False,True
112,Van Hecke,DEF,19,TOT,5.0,6,MUN,False,0.656,1.2077317861012733,0.0,0.0,0.40976305158548665,0.0,0.0,0.0,1.2470349501752835,0.15608018802981252,1.8401171460911154,0.6563341843027809,0.0,0.0,0.0,10.5,a,,False,True
455,Tonali,MID,19,TOT,5.5,1,BRE,False,0.298,0.6217137269461399,0.0,0.0,0.055129383817058036,0.0,0.0,0.0,0.5665843431290819,0.18487243871570694,2.0848724387157067,0.29820228585741154,0.0,0.0,0.0,4.1,a,,False,True
455,Tonali,MID,19,TOT,5.5,2,NEW,True,0.298,0.6433638595824692,0.0,0.0,0.07677951645338729,0.0,0.0,0.0,0.5665843431290819,0.25747460732108607,2.157474607321086,0.29820228585741154,0.0,0.0,0.0,4.1,a,,False,True
455,Tonali,MID,19,TOT,5.5,3,NFO,False,0.298,0.6401629881758952,0.0,0.0,0.07357864504681329,0.0,0.0,0.0,0.5665843431290819,0.2467407143954479,2.146740714395448,0.29820228585741154,0.0,0.0,0.0,4.1,a,,False,True
455,Tonali,MID,19,TOT,5.5,4,EVE,True,0.298,0.6612219767458745,0.0,0.0,0.09463763361679257,0.0,0.0,0.0,0.5665843431290819,0.3173605237286629,2.217360523728663,0.29820228585741154,0.0,0.0,0.0,4.1,a,,False,True
455,Tonali,MID,19,TOT,5.5,5,AVL,True,0.298,0.6524293592121965,0.0,0.0,0.0858450160831146,0.0,0.0,0.0,0.5665843431290819,0.28787511080368533,2.1878751108036854,0.29820228585741154,0.0,0.0,0.0,4.1,a,,False,True
455,Tonali,MID,19,TOT,5.5,6,MUN,False,0.298,0.6131278119766266,0.0,0.0,0.0465434688475447,0.0,0.0,0.0,0.5665843431290819,0.15608018802981252,2.0560801880298123,0.29820228585741154,0.0,0.0,0.0,4.1,a,,False,True
494,Vicario,GK,19,TOT,4.5,1,BRE,False,0.0,0.0,0.0,0.0,0.0,0.0,0.0,0.0,0.0,0.18487243871570694,2.0371841773098907,0.48390909470275134,0.0,0.0,0.0,0.3,u,Has joined Juventus on loan for the rest of the season,False,True
494,Vicario,GK,19,TOT,4.5,2,NEW,True,0.0,0.0,0.0,0.0,0.0,0.0,0.0,0.0,0.0,0.25747460732108607,2.48496085181287,0.48390909470275134,0.0,0.0,0.0,0.3,u,Has joined Juventus on loan for the rest of the season,False,True
494,Vicario,GK,19,TOT,4.5,3,NFO,False,0.29,0.7032460835614396,0.0,0.0,0.2865601817505872,0.0,0.0,0.0,0.5516563679611365,0.2467407143954479,2.4221012143937886,0.48390909470275134,0.0,0.0,0.0,0.3,u,Has joined Juventus on loan for the rest of the season,False,True
494,Vicario,GK,19,TOT,4.5,4,EVE,True,0.29,0.8188956308435872,0.0,0.0,0.36857674495662796,0.0,0.0,0.0,0.5516563679611365,0.3173605237286629,2.8204182693535533,0.48390909470275134,0.0,0.0,0.0,0.3,u,Has joined Juventus on loan for the rest of the season,False,True
494,Vicario,GK,19,TOT,4.5,5,AVL,True,0.29,0.7717948448780755,0.0,0.0,0.3343329222155174,0.0,0.0,0.0,0.5516563679611365,0.28787511080368533,2.658195011303939,0.48390909470275134,0.0,0.0,0.0,0.3,u,Has joined Juventus on loan for the rest of the season,False,True
494,Vicario,GK,19,TOT,4.5,6,MUN,False,0.29,0.5342696533871772,0.0,0.0,0.18126869397730028,0.0,0.0,0.0,0.5516563679611365,0.15608018802981252,1.8401171460911154,0.48390909470275134,0.0,0.0,0.0,0.3,u,Has joined Juventus on loan for the rest of the season,False,True
495,Austin,GK,19,TOT,4.0,1,BRE,False,0.154,0.3144625762937621,0.0,0.0,0.11414866463575217,0.0,0.0,0.0,0.29328663633502255,0.18487243871570694,2.0371841773098907,0.1543613875447487,0.0,0.0,0.0,0.9,a,,False,True
495,Austin,GK,19,TOT,4.0,2,NEW,True,0.154,0.38358200508021534,0.0,0.0,0.15897655057448865,0.0,0.0,0.0,0.29328663633502255,0.25747460732108607,2.48496085181287,0.1543613875447487,0.0,0.0,0.0,0.9,a,,False,True
495,Austin,GK,19,TOT,4.0,3,NFO,False,0.154,0.3738789042276461,0.0,0.0,0.15234895615145555,0.0,0.0,0.0,0.29328663633502255,0.2467407143954479,2.4221012143937886,0.1543613875447487,0.0,0.0,0.0,0.9,a,,False,True
495,Austin,GK,19,TOT,4.0,4,EVE,True,0.154,0.4353636775139733,0.0,0.0,0.1959528431787382,0.0,0.0,0.0,0.29328663633502255,0.3173605237286629,2.8204182693535533,0.1543613875447487,0.0,0.0,0.0,0.9,a,,False,True
495,Austin,GK,19,TOT,4.0,5,AVL,True,0.154,0.41032267030940506,0.0,0.0,0.1777472061730206,0.0,0.0,0.0,0.29328663633502255,0.28787511080368533,2.658195011303939,0.1543613875447487,0.0,0.0,0.0,0.9,a,,False,True
495,Austin,GK,19,TOT,4.0,6,MUN,False,0.154,0.28404303591550767,0.0,0.0,0.09637101757010856,0.0,0.0,0.0,0.29328663633502255,0.15608018802981252,1.8401171460911154,0.1543613875447487,0.0,0.0,0.0,0.9,a,,False,True
496,Kinsky,GK,19,TOT,4.5,1,BRE,False,0.376,0.7651057652599017,0.0,0.0,0.277730350106737,0.0,0.0,0.0,0.7135834698625191,0.18487243871570694,2.0371841773098907,0.3755702472960627,0.0,0.0,0.0,23.8,a,,False,True
496,Kinsky,GK,19,TOT,4.5,2,NEW,True,0.376,0.9332773616363943,0.0,0.0,0.38679920777614774,0.0,0.0,0.0,0.7135834698625191,0.25747460732108607,2.48496085181287,0.3755702472960627,0.0,0.0,0.0,23.8,a,,False,True
496,Kinsky,GK,19,TOT,4.5,3,NFO,False,0.376,0.9096691520659689,0.0,0.0,0.37067388449402217,0.0,0.0,0.0,0.7135834698625191,0.2467407143954479,2.4221012143937886,0.3755702472960627,0.0,0.0,0.0,23.8,a,,False,True
496,Kinsky,GK,19,TOT,4.5,4,EVE,True,0.376,1.0592651868994472,0.0,0.0,0.47676468151512763,0.0,0.0,0.0,0.7135834698625191,0.3173605237286629,2.8204182693535533,0.3755702472960627,0.0,0.0,0.0,23.8,a,,False,True
496,Kinsky,GK,19,TOT,4.5,5,AVL,True,0.376,0.9983389577565807,0.0,0.0,0.4324693062196862,0.0,0.0,0.0,0.7135834698625191,0.28787511080368533,2.658195011303939,0.3755702472960627,0.0,0.0,0.0,23.8,a,,False,True
496,Kinsky,GK,19,TOT,4.5,6,MUN,False,0.376,0.6910932516111654,0.0,0.0,0.23447629926549063,0.0,0.0,0.0,0.7135834698625191,0.15608018802981252,1.8401171460911154,0.3755702472960627,0.0,0.0,0.0,23.8,a,,False,True
497,Dubravka,GK,19,TOT,4.0,1,BRE,False,0.114,0.232704506532803,0.0,0.0,0.08447081044908444,0.0,0.0,0.0,0.21703416281004662,0.18487243871570694,2.0371841773098907,0.11422850674212981,0.0,0.0,0.0,19.3,a,,False,True
497,Dubravka,GK,19,TOT,4.0,2,NEW,True,0.114,0.2838533674152351,0.0,0.0,0.11764375967321562,0.0,0.0,0.0,0.21703416281004662,0.25747460732108607,2.48496085181287,0.11422850674212981,0.0,0.0,0.0,19.3,a,,False,True
497,Dubravka,GK,19,TOT,4.0,3,NFO,False,0.114,0.27667300489850166,0.0,0.0,0.11273929343151338,0.0,0.0,0.0,0.21703416281004662,0.2467407143954479,2.4221012143937886,0.11422850674212981,0.0,0.0,0.0,19.3,a,,False,True
497,Dubravka,GK,19,TOT,4.0,4,EVE,True,0.114,0.32217216729647846,0.0,0.0,0.1450064748977017,0.0,0.0,0.0,0.21703416281004662,0.3173605237286629,2.8204182693535533,0.11422850674212981,0.0,0.0,0.0,19.3,a,,False,True
497,Dubravka,GK,19,TOT,4.0,5,AVL,True,0.114,0.3036416467706279,0.0,0.0,0.13153417614132054,0.0,0.0,0.0,0.21703416281004662,0.28787511080368533,2.658195011303939,0.11422850674212981,0.0,0.0,0.0,19.3,a,,False,True
497,Dubravka,GK,19,TOT,4.0,6,MUN,False,0.114,0.21019383382857765,0.0,0.0,0.07131522724270531,0.0,0.0,0.0,0.21703416281004662,0.15608018802981252,1.8401171460911154,0.11422850674212981,0.0,0.0,0.0,19.3,a,,False,True
498,Senesi,DEF,19,TOT,6.0,1,BRE,False,0.783,1.5954569054960166,0.0,0.0,0.5791445118611794,0.0,0.0,0.0,1.4880186849111328,0.18487243871570694,2.0371841773098907,0.7831677289005963,0.0,0.0,0.0,8.1,a,,False,True
498,Senesi,DEF,19,TOT,6.0,2,NEW,True,0.783,1.9461411467211767,0.0,0.0,0.8065832138609113,0.0,0.0,0.0,1.4880186849111328,0.25747460732108607,2.48496085181287,0.7831677289005963,0.0,0.0,0.0,8.1,a,,False,True
498,Senesi,DEF,19,TOT,6.0,3,NFO,False,0.783,1.8969115072441594,0.0,0.0,0.7729574596815744,0.0,0.0,0.0,1.4880186849111328,0.2467407143954479,2.4221012143937886,0.7831677289005963,0.0,0.0,0.0,8.1,a,,False,True
498,Senesi,DEF,19,TOT,6.0,4,EVE,True,0.783,2.2088605705593727,0.0,0.0,0.9941860824451229,0.0,0.0,0.0,1.4880186849111328,0.3173605237286629,2.8204182693535533,0.7831677289005963,0.0,0.0,0.0,8.1,a,,False,True
498,Senesi,DEF,19,TOT,6.0,5,AVL,True,0.783,2.081812549977801,0.0,0.0,0.901817986940519,0.0,0.0,0.0,1.4880186849111328,0.28787511080368533,2.658195011303939,0.7831677289005963,0.0,0.0,0.0,8.1,a,,False,True
498,Senesi,DEF,19,TOT,6.0,6,MUN,False,0.783,1.4411203662152257,0.0,0.0,0.4889478655427452,0.0,0.0,0.0,1.4880186849111328,0.15608018802981252,1.8401171460911154,0.7831677289005963,0.0,0.0,0.0,8.1,a,,False,True
499,Pedro Porro,DEF,19,TOT,5.5,1,BRE,False,0.56,1.1404432203166641,0.0,0.0,0.41397635364544483,0.0,0.0,0.0,1.0636456648033585,0.18487243871570694,2.0371841773098907,0.7464180103883219,0.0,0.0,0.0,15.2,d,Lack of match fitness - 75% chance of playing,False,True
499,Pedro Porro,DEF,19,TOT,5.5,2,NEW,True,0.56,1.391114651177274,0.0,0.0,0.5765510523663585,0.0,0.0,0.0,1.0636456648033585,0.25747460732108607,2.48496085181287,0.7464180103883219,0.0,0.0,0.0,15.2,d,Lack of match fitness - 75% chance of playing,False,True
499,Pedro Porro,DEF,19,TOT,5.5,3,NFO,False,0.672,1.6271099724662548,0.0,0.0,0.6630181672350361,0.0,0.0,0.0,1.2763747977640303,0.2467407143954479,2.4221012143937886,0.7464180103883219,0.0,0.0,0.0,15.2,d,Lack of match fitness - 75% chance of playing,False,True
499,Pedro Porro,DEF,19,TOT,5.5,4,EVE,True,0.672,1.8946898937663779,0.0,0.0,0.8527809985104398,0.0,0.0,0.0,1.2763747977640303,0.3173605237286629,2.8204182693535533,0.7464180103883219,0.0,0.0,0.0,15.2,d,Lack of match fitness - 75% chance of playing,False,True
499,Pedro Porro,DEF,19,TOT,5.5,5,AVL,True,0.672,1.7857121684054844,0.0,0.0,0.7735506028070562,0.0,0.0,0.0,1.2763747977640303,0.28787511080368533,2.658195011303939,0.7464180103883219,0.0,0.0,0.0,15.2,d,Lack of match fitness - 75% chance of playing,False,True
499,Pedro Porro,DEF,19,TOT,5.5,6,MUN,False,0.672,1.2361469211600906,0.0,0.0,0.4194038282768922,0.0,0.0,0.0,1.2763747977640303,0.15608018802981252,1.8401171460911154,0.7464180103883219,0.0,0.0,0.0,15.2,d,Lack of match fitness - 75% chance of playing,False,True
500,Romero,DEF,19,TOT,5.0,1,BRE,False,0.0,0.0,0.0,0.0,0.0,0.0,0.0,0.0,0.0,0.18487243871570694,2.0371841773098907,0.5829630587812299,0.0,0.0,0.0,0.2,u,Has joined Atletico Madrid permanently,False,True
500,Romero,DEF,19,TOT,5.0,2,NEW,True,0.0,0.0,0.0,0.0,0.0,0.0,0.0,0.0,0.0,0.25747460732108607,2.48496085181287,0.5829630587812299,0.0,0.0,0.0,0.2,u,Has joined Atletico Madrid permanently,False,True
500,Romero,DEF,19,TOT,5.0,3,NFO,False,0.35,0.8471973195724405,0.0,0.0,0.3452177318156067,0.0,0.0,0.0,0.6645778870106019,0.2467407143954479,2.4221012143937886,0.5829630587812299,0.0,0.0,0.0,0.2,u,Has joined Atletico Madrid permanently,False,True
500,Romero,DEF,19,TOT,5.0,4,EVE,True,0.35,0.986519796806886,0.0,0.0,0.44402270795825854,0.0,0.0,0.0,0.6645778870106019,0.3173605237286629,2.8204182693535533,0.5829630587812299,0.0,0.0,0.0,0.2,u,Has joined Atletico Madrid permanently,False,True
500,Romero,DEF,19,TOT,5.0,5,AVL,True,0.35,0.9297776967760502,0.0,0.0,0.4027693323386445,0.0,0.0,0.0,0.6645778870106019,0.28787511080368533,2.658195011303939,0.5829630587812299,0.0,0.0,0.0,0.2,u,Has joined Atletico Madrid permanently,False,True
500,Romero,DEF,19,TOT,5.0,6,MUN,False,0.35,0.6436321920006383,0.0,0.0,0.21837356118962162,0.0,0.0,0.0,0.6645778870106019,0.15608018802981252,1.8401171460911154,0.5829630587812299,0.0,0.0,0.0,0.2,u,Has joined Atletico Madrid permanently,False,True
501,Danso,DEF,19,TOT,5.0,1,BRE,False,0.476,0.9694034323424343,0.0,0.0,0.3518895908040637,0.0,0.0,0.0,0.9041237125073378,0.18487243871570694,2.0371841773098907,0.4758545855301778,0.0,0.0,0.0,0.2,a,,False,True
501,Danso,DEF,19,TOT,5.0,2,NEW,True,0.476,1.182480016198131,0.0,0.0,0.49008189020528276,0.0,0.0,0.0,0.9041237125073378,0.25747460732108607,2.48496085181287,0.4758545855301778,0.0,0.0,0.0,0.2,a,,False,True
501,Danso,DEF,19,TOT,5.0,3,NFO,False,0.476,1.1525679694874964,0.0,0.0,0.46965080152826333,0.0,0.0,0.0,0.9041237125073378,0.2467407143954479,2.4221012143937886,0.4758545855301778,0.0,0.0,0.0,0.2,a,,False,True
501,Danso,DEF,19,TOT,5.0,4,EVE,True,0.476,1.3421089665849766,0.0,0.0,0.6040698419301722,0.0,0.0,0.0,0.9041237125073378,0.3173605237286629,2.8204182693535533,0.4758545855301778,0.0,0.0,0.0,0.2,a,,False,True
501,Danso,DEF,19,TOT,5.0,5,AVL,True,0.476,1.2649142853624225,0.0,0.0,0.5479467661437668,0.0,0.0,0.0,0.9041237125073378,0.28787511080368533,2.658195011303939,0.4758545855301778,0.0,0.0,0.0,0.2,a,,False,True
501,Danso,DEF,19,TOT,5.0,6,MUN,False,0.476,0.8756281818801614,0.0,0.0,0.2970858927375946,0.0,0.0,0.0,0.9041237125073378,0.15608018802981252,1.8401171460911154,0.4758545855301778,0.0,0.0,0.0,0.2,a,,False,True
502,Robertson,DEF,19,TOT,4.5,1,BRE,False,0.236,0.481469346569056,0.0,0.0,0.17477145809097705,0.0,0.0,0.0,0.44904715472961915,0.18487243871570694,2.0371841773098907,0.23634060775243115,0.0,0.0,0.0,3.9,a,,False,True
502,Robertson,DEF,19,TOT,4.5,2,NEW,True,0.236,0.5872971579584527,0.0,0.0,0.24340682070033617,0.0,0.0,0.0,0.44904715472961915,0.25747460732108607,2.48496085181287,0.23634060775243115,0.0,0.0,0.0,3.9,a,,False,True
502,Robertson,DEF,19,TOT,4.5,3,NFO,False,0.236,0.5724408730477295,0.0,0.0,0.23325940158995678,0.0,0.0,0.0,0.44904715472961915,0.2467407143954479,2.4221012143937886,0.23634060775243115,0.0,0.0,0.0,3.9,a,,False,True
502,Robertson,DEF,19,TOT,4.5,4,EVE,True,0.236,0.6665793678950789,0.0,0.0,0.3000207162186482,0.0,0.0,0.0,0.44904715472961915,0.3173605237286629,2.8204182693535533,0.23634060775243115,0.0,0.0,0.0,3.9,a,,False,True
502,Robertson,DEF,19,TOT,4.5,5,AVL,True,0.236,0.6282394244960536,0.0,0.0,0.2721463145765658,0.0,0.0,0.0,0.44904715472961915,0.28787511080368533,2.658195011303939,0.23634060775243115,0.0,0.0,0.0,3.9,a,,False,True
502,Robertson,DEF,19,TOT,4.5,6,MUN,False,0.236,0.43489440464284335,0.0,0.0,0.14755234598831848,0.0,0.0,0.0,0.44904715472961915,0.15608018802981252,1.8401171460911154,0.23634060775243115,0.0,0.0,0.0,3.9,a,,False,True
503,Van de Ven,DEF,19,TOT,5.0,1,BRE,False,0.193,0.3923880396342659,0.0,0.0,0.14243529793335394,0.0,0.0,0.0,0.3659645915223973,0.18487243871570694,2.0371841773098907,0.3852258858130498,0.0,0.0,0.0,4.9,d,Unspecified injury - 50% chance of playing,False,True
503,Van de Ven,DEF,19,TOT,5.0,2,NEW,True,0.193,0.4786356226751819,0.0,0.0,0.19837176735926507,0.0,0.0,0.0,0.3659645915223973,0.25747460732108607,2.48496085181287,0.3852258858130498,0.0,0.0,0.0,4.9,d,Unspecified injury - 50% chance of playing,False,True
503,Van de Ven,DEF,19,TOT,5.0,3,NFO,False,0.308,0.7464448686749686,0.0,0.0,0.30416291286121966,0.0,0.0,0.0,0.5855433464358357,0.2467407143954479,2.4221012143937886,0.3852258858130498,0.0,0.0,0.0,4.9,d,Unspecified injury - 50% chance of playing,False,True
503,Van de Ven,DEF,19,TOT,5.0,4,EVE,True,0.308,0.8691985009400252,0.0,0.0,0.39121756440149624,0.0,0.0,0.0,0.5855433464358357,0.3173605237286629,2.8204182693535533,0.3852258858130498,0.0,0.0,0.0,4.9,d,Unspecified injury - 50% chance of playing,False,True
503,Van de Ven,DEF,19,TOT,5.0,5,AVL,True,0.308,0.819204422314712,0.0,0.0,0.35487022260121454,0.0,0.0,0.0,0.5855433464358357,0.28787511080368533,2.658195011303939,0.3852258858130498,0.0,0.0,0.0,4.9,d,Unspecified injury - 50% chance of playing,False,True
503,Van de Ven,DEF,19,TOT,5.0,6,MUN,False,0.308,0.5670886060821849,0.0,0.0,0.19240361181328608,0.0,0.0,0.0,0.5855433464358357,0.15608018802981252,1.8401171460911154,0.3852258858130498,0.0,0.0,0.0,4.9,d,Unspecified injury - 50% chance of playing,False,True
505,Spence,DEF,19,TOT,4.5,1,BRE,False,0.0,0.0,0.0,0.0,0.0,0.0,0.0,0.0,0.0,0.18487243871570694,2.0371841773098907,0.21748872096385116,0.0,0.0,0.0,0.7,u,Has joined Internazionale permanently,False,True
505,Spence,DEF,19,TOT,4.5,2,NEW,True,0.0,0.0,0.0,0.0,0.0,0.0,0.0,0.0,0.0,0.25747460732108607,2.48496085181287,0.21748872096385116,0.0,0.0,0.0,0.7,u,Has joined Internazionale permanently,False,True
505,Spence,DEF,19,TOT,4.5,3,NFO,False,0.13,0.3160678170980974,0.0,0.0,0.12879197372057485,0.0,0.0,0.0,0.2479371418987903,0.2467407143954479,2.4221012143937886,0.21748872096385116,0.0,0.0,0.0,0.7,u,Has joined Internazionale permanently,False,True
505,Spence,DEF,19,TOT,4.5,4,EVE,True,0.13,0.36804549719086976,0.0,0.0,0.1656536025363956,0.0,0.0,0.0,0.2479371418987903,0.3173605237286629,2.8204182693535533,0.21748872096385116,0.0,0.0,0.0,0.7,u,Has joined Internazionale permanently,False,True
505,Spence,DEF,19,TOT,4.5,5,AVL,True,0.13,0.34687645984859017,0.0,0.0,0.15026301515044907,0.0,0.0,0.0,0.2479371418987903,0.28787511080368533,2.658195011303939,0.21748872096385116,0.0,0.0,0.0,0.7,u,Has joined Internazionale permanently,False,True
505,Spence,DEF,19,TOT,4.5,6,MUN,False,0.13,0.24012283471620524,0.0,0.0,0.08146963310976316,0.0,0.0,0.0,0.2479371418987903,0.15608018802981252,1.8401171460911154,0.21748872096385116,0.0,0.0,0.0,0.7,u,Has joined Internazionale permanently,False,True
506,Udogie,DEF,19,TOT,4.5,1,BRE,False,0.211,0.42955400405748717,0.0,0.0,0.15592639521689017,0.0,0.0,0.0,0.4006277963472886,0.18487243871570694,2.0371841773098907,0.2108567349196256,0.0,0.0,0.0,0.5,a,,False,True
506,Udogie,DEF,19,TOT,4.5,2,NEW,True,0.211,0.5239707316163534,0.0,0.0,0.21716102009774774,0.0,0.0,0.0,0.4006277963472886,0.25747460732108607,2.48496085181287,0.2108567349196256,0.0,0.0,0.0,0.5,a,,False,True
506,Udogie,DEF,19,TOT,4.5,3,NFO,False,0.211,0.5107163537119342,0.0,0.0,0.20810776563664002,0.0,0.0,0.0,0.4006277963472886,0.2467407143954479,2.4221012143937886,0.2108567349196256,0.0,0.0,0.0,0.5,a,,False,True
506,Udogie,DEF,19,TOT,4.5,4,EVE,True,0.211,0.5947041873835514,0.0,0.0,0.2676704153032329,0.0,0.0,0.0,0.4006277963472886,0.3173605237286629,2.8204182693535533,0.2108567349196256,0.0,0.0,0.0,0.5,a,,False,True
506,Udogie,DEF,19,TOT,4.5,5,AVL,True,0.211,0.560498320863186,0.0,0.0,0.24280162371476208,0.0,0.0,0.0,0.4006277963472886,0.28787511080368533,2.658195011303939,0.2108567349196256,0.0,0.0,0.0,0.5,a,,False,True
506,Udogie,DEF,19,TOT,4.5,6,MUN,False,0.211,0.3880010932943923,0.0,0.0,0.13164223533442998,0.0,0.0,0.0,0.4006277963472886,0.15608018802981252,1.8401171460911154,0.2108567349196256,0.0,0.0,0.0,0.5,a,,False,True
507,Phillips,DEF,19,TOT,4.5,1,BRE,False,0.0,0.0,0.0,0.0,0.0,0.0,0.0,0.0,0.0,0.18487243871570694,2.0371841773098907,0.20862391063616373,0.0,0.0,0.0,0.0,u,Has joined Middlesbrough permanently,False,True
507,Phillips,DEF,19,TOT,4.5,2,NEW,True,0.0,0.0,0.0,0.0,0.0,0.0,0.0,0.0,0.0,0.25747460732108607,2.48496085181287,0.20862391063616373,0.0,0.0,0.0,0.0,u,Has joined Middlesbrough permanently,False,True
507,Phillips,DEF,19,TOT,4.5,3,NFO,False,0.125,0.30318493638205996,0.0,0.0,0.12354243060081387,0.0,0.0,0.0,0.2378312581252266,0.2467407143954479,2.4221012143937886,0.20862391063616373,0.0,0.0,0.0,0.0,u,Has joined Middlesbrough permanently,False,True
507,Phillips,DEF,19,TOT,4.5,4,EVE,True,0.125,0.3530440133893315,0.0,0.0,0.15890158450035524,0.0,0.0,0.0,0.2378312581252266,0.3173605237286629,2.8204182693535533,0.20862391063616373,0.0,0.0,0.0,0.0,u,Has joined Middlesbrough permanently,False,True
507,Phillips,DEF,19,TOT,4.5,5,AVL,True,0.125,0.3327378230950615,0.0,0.0,0.14413831533764104,0.0,0.0,0.0,0.2378312581252266,0.28787511080368533,2.658195011303939,0.20862391063616373,0.0,0.0,0.0,0.0,u,Has joined Middlesbrough permanently,False,True
507,Phillips,DEF,19,TOT,4.5,6,MUN,False,0.125,0.23033546102771127,0.0,0.0,0.07814894207905737,0.0,0.0,0.0,0.2378312581252266,0.15608018802981252,1.8401171460911154,0.20862391063616373,0.0,0.0,0.0,0.0,u,Has joined Middlesbrough permanently,False,True
508,Davies,DEF,19,TOT,4.0,1,BRE,False,0.081,0.16428256397748153,0.0,0.0,0.05963391740277818,0.0,0.0,0.0,0.15321976040938665,0.18487243871570694,2.0371841773098907,0.08064197916283508,0.0,0.0,0.0,1.1,a,,False,True
508,Davies,DEF,19,TOT,4.0,2,NEW,True,0.081,0.2003921612323544,0.0,0.0,0.08305304767418467,0.0,0.0,0.0,0.15321976040938665,0.25747460732108607,2.48496085181287,0.08064197916283508,0.0,0.0,0.0,1.1,a,,False,True
508,Davies,DEF,19,TOT,4.0,3,NFO,False,0.081,0.19532303566142142,0.0,0.0,0.07959063819560301,0.0,0.0,0.0,0.15321976040938665,0.2467407143954479,2.4221012143937886,0.08064197916283508,0.0,0.0,0.0,1.1,a,,False,True
508,Davies,DEF,19,TOT,4.0,4,EVE,True,0.081,0.22744411130768863,0.0,0.0,0.10237032296653305,0.0,0.0,0.0,0.15321976040938665,0.3173605237286629,2.8204182693535533,0.08064197916283508,0.0,0.0,0.0,1.1,a,,False,True
508,Davies,DEF,19,TOT,4.0,5,AVL,True,0.081,0.21436210671232445,0.0,0.0,0.09285927474771853,0.0,0.0,0.0,0.15321976040938665,0.28787511080368533,2.658195011303939,0.08064197916283508,0.0,0.0,0.0,1.1,a,,False,True
508,Davies,DEF,19,TOT,4.0,6,MUN,False,0.081,0.1483906885522553,0.0,0.0,0.05034646108332609,0.0,0.0,0.0,0.15321976040938665,0.15608018802981252,1.8401171460911154,0.08064197916283508,0.0,0.0,0.0,1.1,a,,False,True
509,Byfield,DEF,19,TOT,4.0,1,BRE,False,0.08,0.16378471191328858,0.0,0.0,0.059453199083340735,0.0,0.0,0.0,0.15275543375080455,0.18487243871570694,2.0371841773098907,0.08039759671094977,0.0,0.0,0.0,0.1,a,,False,True
509,Byfield,DEF,19,TOT,4.0,2,NEW,True,0.08,0.19978488040654935,0.0,0.0,0.08280135857084334,0.0,0.0,0.0,0.15275543375080455,0.25747460732108607,2.48496085181287,0.08039759671094977,0.0,0.0,0.0,0.1,a,,False,True
509,Byfield,DEF,19,TOT,4.0,3,NFO,False,0.08,0.19473111662793346,0.0,0.0,0.07934944179254744,0.0,0.0,0.0,0.15275543375080455,0.2467407143954479,2.4221012143937886,0.08039759671094977,0.0,0.0,0.0,0.1,a,,False,True
509,Byfield,DEF,19,TOT,4.0,4,EVE,True,0.08,0.2267548505756819,0.0,0.0,0.10206009359485138,0.0,0.0,0.0,0.15275543375080455,0.3173605237286629,2.8204182693535533,0.08039759671094977,0.0,0.0,0.0,0.1,a,,False,True
509,Byfield,DEF,19,TOT,4.0,5,AVL,True,0.08,0.2137124904978727,0.0,0.0,0.0925778682460587,0.0,0.0,0.0,0.15275543375080455,0.28787511080368533,2.658195011303939,0.08039759671094977,0.0,0.0,0.0,0.1,a,,False,True
509,Byfield,DEF,19,TOT,4.0,6,MUN,False,0.08,0.14794099621233733,0.0,0.0,0.05019388804716031,0.0,0.0,0.0,0.15275543375080455,0.15608018802981252,1.8401171460911154,0.08039759671094977,0.0,0.0,0.0,0.1,a,,False,True
510,Rowswell,DEF,19,TOT,4.0,1,BRE,False,0.08,0.1636206892655234,0.0,0.0,0.05939365951448938,0.0,0.0,0.0,0.1526024564038249,0.18487243871570694,2.0371841773098907,0.08031708231780257,0.0,0.0,0.0,0.1,a,,False,True
510,Rowswell,DEF,19,TOT,4.0,2,NEW,True,0.08,0.1995848052915711,0.0,0.0,0.08271843692380625,0.0,0.0,0.0,0.1526024564038249,0.25747460732108607,2.48496085181287,0.08031708231780257,0.0,0.0,0.0,0.1,a,,False,True
510,Rowswell,DEF,19,TOT,4.0,3,NFO,False,0.08,0.19453610261851548,0.0,0.0,0.07926997707701042,0.0,0.0,0.0,0.1526024564038249,0.2467407143954479,2.4221012143937886,0.08031708231780257,0.0,0.0,0.0,0.1,a,,False,True
510,Rowswell,DEF,19,TOT,4.0,4,EVE,True,0.08,0.22652776631030364,0.0,0.0,0.10195788523494383,0.0,0.0,0.0,0.1526024564038249,0.3173605237286629,2.8204182693535533,0.08031708231780257,0.0,0.0,0.0,0.1,a,,False,True
510,Rowswell,DEF,19,TOT,4.0,5,AVL,True,0.08,0.21349846753967067,0.0,0.0,0.09248515588666453,0.0,0.0,0.0,0.1526024564038249,0.28787511080368533,2.658195011303939,0.08031708231780257,0.0,0.0,0.0,0.1,a,,False,True
510,Rowswell,DEF,19,TOT,4.0,6,MUN,False,0.08,0.14779284029700007,0.0,0.0,0.05014362124067422,0.0,0.0,0.0,0.1526024564038249,0.15608018802981252,1.8401171460911154,0.08031708231780257,0.0,0.0,0.0,0.1,a,,False,True
511,Souza,DEF,19,TOT,4.0,1,BRE,False,0.08,0.163566679708465,0.0,0.0,0.0593740542600631,0.0,0.0,0.0,0.15255208385550356,0.18487243871570694,2.0371841773098907,0.08029057045026504,0.0,0.0,0.0,0.3,a,,False,True
511,Souza,DEF,19,TOT,4.0,2,NEW,True,0.08,0.1995189243386319,0.0,0.0,0.08269113239307195,0.0,0.0,0.0,0.15255208385550356,0.25747460732108607,2.48496085181287,0.08029057045026504,0.0,0.0,0.0,0.3,a,,False,True
511,Souza,DEF,19,TOT,4.0,3,NFO,False,0.08,0.19447188819195696,0.0,0.0,0.07924381084846574,0.0,0.0,0.0,0.15255208385550356,0.2467407143954479,2.4221012143937886,0.08029057045026504,0.0,0.0,0.0,0.3,a,,False,True
511,Souza,DEF,19,TOT,4.0,4,EVE,True,0.08,0.22645299175474606,0.0,0.0,0.10192422995427687,0.0,0.0,0.0,0.15255208385550356,0.3173605237286629,2.8204182693535533,0.08029057045026504,0.0,0.0,0.0,0.3,a,,False,True
511,Souza,DEF,19,TOT,4.0,5,AVL,True,0.08,0.213427993825642,0.0,0.0,0.0924546274594446,0.0,0.0,0.0,0.15255208385550356,0.28787511080368533,2.658195011303939,0.08029057045026504,0.0,0.0,0.0,0.3,a,,False,True
511,Souza,DEF,19,TOT,4.0,6,MUN,False,0.08,0.14774405535496934,0.0,0.0,0.0501270693315931,0.0,0.0,0.0,0.15255208385550356,0.15608018802981252,1.8401171460911154,0.08029057045026504,0.0,0.0,0.0,0.3,a,,False,True
512,Kudus,MID,19,TOT,6.5,1,BRE,False,0.38,0.7913569051594034,0.0,0.0,0.07017219770119604,0.0,0.0,0.0,0.7211847074582073,0.18487243871570694,2.0848724387157067,0.7591417973244288,0.0,0.0,0.0,0.1,d,Thigh injury - 50% chance of playing,False,True
512,Kudus,MID,19,TOT,6.5,2,NEW,True,0.38,0.8189145755417727,0.0,0.0,0.0977298680835654,0.0,0.0,0.0,0.7211847074582073,0.25747460732108607,2.157474607321086,0.7591417973244288,0.0,0.0,0.0,0.1,d,Thigh injury - 50% chance of playing,False,True
512,Kudus,MID,19,TOT,6.5,3,NFO,False,0.607,1.3037444834525507,0.0,0.0,0.1498489515194191,0.0,0.0,0.0,1.1538955319331317,0.2467407143954479,2.146740714395448,0.7591417973244288,0.0,0.0,0.0,0.1,d,Thigh injury - 50% chance of playing,False,True
512,Kudus,MID,19,TOT,6.5,4,EVE,True,0.607,1.346632842639691,0.0,0.0,0.19273731070655936,0.0,0.0,0.0,1.1538955319331317,0.3173605237286629,2.217360523728663,0.7591417973244288,0.0,0.0,0.0,0.1,d,Thigh injury - 50% chance of playing,False,True
512,Kudus,MID,19,TOT,6.5,5,AVL,True,0.607,1.3287259551495147,0.0,0.0,0.17483042321638304,0.0,0.0,0.0,1.1538955319331317,0.28787511080368533,2.1878751108036854,0.7591417973244288,0.0,0.0,0.0,0.1,d,Thigh injury - 50% chance of playing,False,True
512,Kudus,MID,19,TOT,6.5,6,MUN,False,0.607,1.248685127507281,0.0,0.0,0.09478959557414934,0.0,0.0,0.0,1.1538955319331317,0.15608018802981252,2.0560801880298123,0.7591417973244288,0.0,0.0,0.0,0.1,d,Thigh injury - 50% chance of playing,False,True
513,Xavi,MID,19,TOT,6.0,1,BRE,False,0.0,0.0,0.0,0.0,0.0,0.0,0.0,0.0,0.0,0.18487243871570694,2.0848724387157067,0.6069359683535778,0.0,0.0,0.0,0.0,i,Knee injury - Unknown return date,False,True
513,Xavi,MID,19,TOT,6.0,2,NEW,True,0.0,0.0,0.0,0.0,0.0,0.0,0.0,0.0,0.0,0.25747460732108607,2.157474607321086,0.6069359683535778,0.0,0.0,0.0,0.0,i,Knee injury - Unknown return date,False,True
513,Xavi,MID,19,TOT,6.0,3,NFO,False,0.364,0.7817604925773914,0.0,0.0,0.08985348865431284,0.0,0.0,0.0,0.6919070039230786,0.2467407143954479,2.146740714395448,0.6069359683535778,0.0,0.0,0.0,0.0,i,Knee injury - Unknown return date,False,True
513,Xavi,MID,19,TOT,6.0,4,EVE,True,0.364,0.8074775139949514,0.0,0.0,0.11557051007187276,0.0,0.0,0.0,0.6919070039230786,0.3173605237286629,2.217360523728663,0.6069359683535778,0.0,0.0,0.0,0.0,i,Knee injury - Unknown return date,False,True
513,Xavi,MID,19,TOT,6.0,5,AVL,True,0.364,0.7967400594073956,0.0,0.0,0.10483305548431694,0.0,0.0,0.0,0.6919070039230786,0.28787511080368533,2.1878751108036854,0.6069359683535778,0.0,0.0,0.0,0.0,i,Knee injury - Unknown return date,False,True
513,Xavi,MID,19,TOT,6.0,6,MUN,False,0.364,0.7487454119606882,0.0,0.0,0.05683840803760965,0.0,0.0,0.0,0.6919070039230786,0.15608018802981252,2.0560801880298123,0.6069359683535778,0.0,0.0,0.0,0.0,i,Knee injury - Unknown return date,False,True
514,Tel,MID,19,TOT,6.0,1,BRE,False,0.5,1.0420765686515656,0.0,0.0,0.09240432795676698,0.0,0.0,0.0,0.9496722406947987,0.18487243871570694,2.0848724387157067,0.49982749510252567,0.0,0.0,0.0,0.6,a,,False,True
514,Tel,MID,19,TOT,6.0,2,NEW,True,0.5,1.0783651287246037,0.0,0.0,0.12869288802980486,0.0,0.0,0.0,0.9496722406947987,0.25747460732108607,2.157474607321086,0.49982749510252567,0.0,0.0,0.0,0.6,a,,False,True
514,Tel,MID,19,TOT,6.0,3,NFO,False,0.5,1.0730000339108832,0.0,0.0,0.12332779321608442,0.0,0.0,0.0,0.9496722406947987,0.2467407143954479,2.146740714395448,0.49982749510252567,0.0,0.0,0.0,0.6,a,,False,True
514,Tel,MID,19,TOT,6.0,4,EVE,True,0.5,1.108297756314522,0.0,0.0,0.15862551561972324,0.0,0.0,0.0,0.9496722406947987,0.3173605237286629,2.217360523728663,0.49982749510252567,0.0,0.0,0.0,0.6,a,,False,True
514,Tel,MID,19,TOT,6.0,5,AVL,True,0.5,1.0935601362301668,0.0,0.0,0.14388789553536807,0.0,0.0,0.0,0.9496722406947987,0.28787511080368533,2.1878751108036854,0.49982749510252567,0.0,0.0,0.0,0.6,a,,False,True
514,Tel,MID,19,TOT,6.0,6,MUN,False,0.5,1.0276854101128712,0.0,0.0,0.0780131694180724,0.0,0.0,0.0,0.9496722406947987,0.15608018802981252,2.0560801880298123,0.49982749510252567,0.0,0.0,0.0,0.6,a,,False,True
515,Maddison,MID,19,TOT,6.5,1,BRE,False,0.747,1.5566107025700113,0.0,0.0,0.13802974770598367,0.0,0.0,0.0,1.4185809548640276,0.18487243871570694,2.0848724387157067,0.7466215551915935,0.0,0.0,0.0,1.3,a,,False,True
515,Maddison,MID,19,TOT,6.5,2,NEW,True,0.747,1.6108170466044416,0.0,0.0,0.19223609174041412,0.0,0.0,0.0,1.4185809548640276,0.25747460732108607,2.157474607321086,0.7466215551915935,0.0,0.0,0.0,1.3,a,,False,True
515,Maddison,MID,19,TOT,6.5,3,NFO,False,0.747,1.6028028907750418,0.0,0.0,0.1842219359110141,0.0,0.0,0.0,1.4185809548640276,0.2467407143954479,2.146740714395448,0.7466215551915935,0.0,0.0,0.0,1.3,a,,False,True
515,Maddison,MID,19,TOT,6.5,4,EVE,True,0.747,1.6555291626467405,0.0,0.0,0.2369482077827129,0.0,0.0,0.0,1.4185809548640276,0.3173605237286629,2.217360523728663,0.7466215551915935,0.0,0.0,0.0,1.3,a,,False,True
515,Maddison,MID,19,TOT,6.5,5,AVL,True,0.747,1.6335147177932274,0.0,0.0,0.21493376292919983,0.0,0.0,0.0,1.4185809548640276,0.28787511080368533,2.1878751108036854,0.7466215551915935,0.0,0.0,0.0,1.3,a,,False,True
515,Maddison,MID,19,TOT,6.5,6,MUN,False,0.747,1.5351137875854426,0.0,0.0,0.11653283272141496,0.0,0.0,0.0,1.4185809548640276,0.15608018802981252,2.0560801880298123,0.7466215551915935,0.0,0.0,0.0,1.3,a,,False,True
516,Bentancur,MID,19,TOT,5.5,1,BRE,False,0.279,0.5824099477628408,0.0,0.0,0.05164418953206084,0.0,0.0,0.0,0.53076575823078,0.18487243871570694,2.0848724387157067,0.2793503990688316,0.0,0.0,0.0,0.2,a,,False,True
516,Bentancur,MID,19,TOT,5.5,2,NEW,True,0.279,0.6026913925360161,0.0,0.0,0.0719256343052361,0.0,0.0,0.0,0.53076575823078,0.25747460732108607,2.157474607321086,0.2793503990688316,0.0,0.0,0.0,0.2,a,,False,True
516,Bentancur,MID,19,TOT,5.5,3,NFO,False,0.279,0.599692875263677,0.0,0.0,0.06892711703289697,0.0,0.0,0.0,0.53076575823078,0.2467407143954479,2.146740714395448,0.2793503990688316,0.0,0.0,0.0,0.2,a,,False,True
516,Bentancur,MID,19,TOT,5.5,4,EVE,True,0.279,0.6194205471830754,0.0,0.0,0.08865478895229538,0.0,0.0,0.0,0.53076575823078,0.3173605237286629,2.217360523728663,0.2793503990688316,0.0,0.0,0.0,0.2,a,,False,True
516,Bentancur,MID,19,TOT,5.5,5,AVL,True,0.279,0.6111837853157736,0.0,0.0,0.08041802708499361,0.0,0.0,0.0,0.53076575823078,0.28787511080368533,2.1878751108036854,0.2793503990688316,0.0,0.0,0.0,0.2,a,,False,True
516,Bentancur,MID,19,TOT,5.5,6,MUN,False,0.279,0.5743668210436463,0.0,0.0,0.043601062812866395,0.0,0.0,0.0,0.53076575823078,0.15608018802981252,2.0560801880298123,0.2793503990688316,0.0,0.0,0.0,0.2,a,,False,True
517,Odobert,MID,19,TOT,5.5,1,BRE,False,0.0,0.0,0.0,0.0,0.0,0.0,0.0,0.0,0.0,0.18487243871570694,2.0848724387157067,0.272718413024606,0.0,0.0,0.0,0.0,i,Knee injury - Unknown return date,False,True
517,Odobert,MID,19,TOT,5.5,2,NEW,True,0.0,0.0,0.0,0.0,0.0,0.0,0.0,0.0,0.0,0.25747460732108607,2.157474607321086,0.272718413024606,0.0,0.0,0.0,0.0,i,Knee injury - Unknown return date,False,True
517,Odobert,MID,19,TOT,5.5,3,NFO,False,0.164,0.35127343248314125,0.0,0.0,0.04037444163509046,0.0,0.0,0.0,0.3108989908480508,0.2467407143954479,2.146740714395448,0.272718413024606,0.0,0.0,0.0,0.0,i,Knee injury - Unknown return date,False,True
517,Odobert,MID,19,TOT,5.5,4,EVE,True,0.164,0.36282902588081406,0.0,0.0,0.05193003503276326,0.0,0.0,0.0,0.3108989908480508,0.3173605237286629,2.217360523728663,0.272718413024606,0.0,0.0,0.0,0.0,i,Knee injury - Unknown return date,False,True
517,Odobert,MID,19,TOT,5.5,5,AVL,True,0.164,0.358004296868649,0.0,0.0,0.0471053060205982,0.0,0.0,0.0,0.3108989908480508,0.28787511080368533,2.1878751108036854,0.272718413024606,0.0,0.0,0.0,0.0,i,Knee injury - Unknown return date,False,True
517,Odobert,MID,19,TOT,5.5,6,MUN,False,0.164,0.33643855555849433,0.0,0.0,0.025539564710443545,0.0,0.0,0.0,0.3108989908480508,0.15608018802981252,2.0560801880298123,0.272718413024606,0.0,0.0,0.0,0.0,i,Knee injury - Unknown return date,False,True
518,P.M.Sarr,MID,19,TOT,5.0,1,BRE,False,0.0,0.0,0.0,0.0,0.0,0.0,0.0,0.0,0.0,0.18487243871570694,2.0848724387157067,0.1529430871239112,0.0,0.0,0.0,0.2,i,Hamstring injury - Unknown return date,False,True
518,P.M.Sarr,MID,19,TOT,5.0,2,NEW,True,0.0,0.0,0.0,0.0,0.0,0.0,0.0,0.0,0.0,0.25747460732108607,2.157474607321086,0.1529430871239112,0.0,0.0,0.0,0.2,i,Hamstring injury - Unknown return date,False,True
518,P.M.Sarr,MID,19,TOT,5.0,3,NFO,False,0.092,0.1969974912685382,0.0,0.0,0.022642371947279444,0.0,0.0,0.0,0.17435511932125874,0.2467407143954479,2.146740714395448,0.1529430871239112,0.0,0.0,0.0,0.2,i,Hamstring injury - Unknown return date,False,True
518,P.M.Sarr,MID,19,TOT,5.0,4,EVE,True,0.092,0.20347797825945252,0.0,0.0,0.029122858938193785,0.0,0.0,0.0,0.17435511932125874,0.3173605237286629,2.217360523728663,0.1529430871239112,0.0,0.0,0.0,0.2,i,Hamstring injury - Unknown return date,False,True
518,P.M.Sarr,MID,19,TOT,5.0,5,AVL,True,0.092,0.20077222421273092,0.0,0.0,0.026417104891472178,0.0,0.0,0.0,0.17435511932125874,0.28787511080368533,2.1878751108036854,0.1529430871239112,0.0,0.0,0.0,0.2,i,Hamstring injury - Unknown return date,False,True
518,P.M.Sarr,MID,19,TOT,5.0,6,MUN,False,0.092,0.18867795079895477,0.0,0.0,0.014322831477696033,0.0,0.0,0.0,0.17435511932125874,0.15608018802981252,2.0560801880298123,0.1529430871239112,0.0,0.0,0.0,0.2,i,Hamstring injury - Unknown return date,False,True
519,Gallagher,MID,19,TOT,5.5,1,BRE,False,0.27,0.563927949036203,0.0,0.0,0.050005330428029085,0.0,0.0,0.0,0.5139226186081739,0.18487243871570694,2.0848724387157067,0.27048558874114415,0.0,0.0,0.0,0.3,a,,False,True
519,Gallagher,MID,19,TOT,5.5,2,NEW,True,0.27,0.5835657893553128,0.0,0.0,0.06964317074713887,0.0,0.0,0.0,0.5139226186081739,0.25747460732108607,2.157474607321086,0.27048558874114415,0.0,0.0,0.0,0.3,a,,False,True
519,Gallagher,MID,19,TOT,5.5,3,NFO,False,0.27,0.5806624260078371,0.0,0.0,0.06673980739966323,0.0,0.0,0.0,0.5139226186081739,0.2467407143954479,2.146740714395448,0.27048558874114415,0.0,0.0,0.0,0.3,a,,False,True
519,Gallagher,MID,19,TOT,5.5,4,EVE,True,0.27,0.5997640667121191,0.0,0.0,0.08584144810394523,0.0,0.0,0.0,0.5139226186081739,0.3173605237286629,2.217360523728663,0.27048558874114415,0.0,0.0,0.0,0.3,a,,False,True
519,Gallagher,MID,19,TOT,5.5,5,AVL,True,0.27,0.5917886874378309,0.0,0.0,0.07786606882965694,0.0,0.0,0.0,0.5139226186081739,0.28787511080368533,2.1878751108036854,0.27048558874114415,0.0,0.0,0.0,0.3,a,,False,True
519,Gallagher,MID,19,TOT,5.5,6,MUN,False,0.27,0.5561400601582462,0.0,0.0,0.04221744155007232,0.0,0.0,0.0,0.5139226186081739,0.15608018802981252,2.0560801880298123,0.27048558874114415,0.0,0.0,0.0,0.3,a,,False,True
520,Bergvall,MID,19,TOT,5.5,1,BRE,False,0.27,0.5623840179060831,0.0,0.0,0.04986842501936523,0.0,0.0,0.0,0.5125155928867178,0.18487243871570694,2.0848724387157067,0.2697450488877462,0.0,0.0,0.0,0.2,a,,False,True
520,Bergvall,MID,19,TOT,5.5,2,NEW,True,0.27,0.5819680934258974,0.0,0.0,0.06945250053917962,0.0,0.0,0.0,0.5125155928867178,0.25747460732108607,2.157474607321086,0.2697450488877462,0.0,0.0,0.0,0.2,a,,False,True
520,Bergvall,MID,19,TOT,5.5,3,NFO,False,0.27,0.5790726789539153,0.0,0.0,0.06655708606719751,0.0,0.0,0.0,0.5125155928867178,0.2467407143954479,2.146740714395448,0.2697450488877462,0.0,0.0,0.0,0.2,a,,False,True
520,Bergvall,MID,19,TOT,5.5,4,EVE,True,0.27,0.5981220228749466,0.0,0.0,0.08560642998822891,0.0,0.0,0.0,0.5125155928867178,0.3173605237286629,2.217360523728663,0.2697450488877462,0.0,0.0,0.0,0.2,a,,False,True
520,Bergvall,MID,19,TOT,5.5,5,AVL,True,0.27,0.5901684787240232,0.0,0.0,0.07765288583730545,0.0,0.0,0.0,0.5125155928867178,0.28787511080368533,2.1878751108036854,0.2697450488877462,0.0,0.0,0.0,0.2,a,,False,True
520,Bergvall,MID,19,TOT,5.5,6,MUN,False,0.27,0.5546174508372281,0.0,0.0,0.0421018579505104,0.0,0.0,0.0,0.5125155928867178,0.15608018802981252,2.0560801880298123,0.2697450488877462,0.0,0.0,0.0,0.2,a,,False,True
521,Kulusevski,MID,19,TOT,6.5,1,BRE,False,0.0,0.0,0.0,0.0,0.0,0.0,0.0,0.0,0.0,0.18487243871570694,2.0848724387157067,0.7130434206502975,0.0,0.0,0.0,0.0,i,Knee injury - Unknown return date,False,True
521,Kulusevski,MID,19,TOT,6.5,2,NEW,True,0.0,0.0,0.0,0.0,0.0,0.0,0.0,0.0,0.0,0.25747460732108607,2.157474607321086,0.7130434206502975,0.0,0.0,0.0,0.0,i,Knee injury - Unknown return date,False,True
521,Kulusevski,MID,19,TOT,6.5,3,NFO,False,0.428,0.918431605345076,0.0,0.0,0.10556210580373696,0.0,0.0,0.0,0.812869499541339,0.2467407143954479,2.146740714395448,0.7130434206502975,0.0,0.0,0.0,0.0,i,Knee injury - Unknown return date,False,True
521,Kulusevski,MID,19,TOT,6.5,4,EVE,True,0.428,0.9486445995926525,0.0,0.0,0.1357751000513134,0.0,0.0,0.0,0.812869499541339,0.3173605237286629,2.217360523728663,0.7130434206502975,0.0,0.0,0.0,0.0,i,Knee injury - Unknown return date,False,True
521,Kulusevski,MID,19,TOT,6.5,5,AVL,True,0.428,0.936029971777865,0.0,0.0,0.1231604722365259,0.0,0.0,0.0,0.812869499541339,0.28787511080368533,2.1878751108036854,0.7130434206502975,0.0,0.0,0.0,0.0,i,Knee injury - Unknown return date,False,True
521,Kulusevski,MID,19,TOT,6.5,6,MUN,False,0.428,0.8796446702424505,0.0,0.0,0.06677517070111148,0.0,0.0,0.0,0.812869499541339,0.15608018802981252,2.0560801880298123,0.7130434206502975,0.0,0.0,0.0,0.0,i,Knee injury - Unknown return date,False,True
522,Gray,MID,19,TOT,5.0,1,BRE,False,0.153,0.318698964797545,0.0,0.0,0.028260076609093458,0.0,0.0,0.0,0.29043888818845154,0.18487243871570694,2.0848724387157067,0.15286257273076398,0.0,0.0,0.0,0.2,a,,False,True
522,Gray,MID,19,TOT,5.0,2,NEW,True,0.153,0.329797119076396,0.0,0.0,0.03935823088794441,0.0,0.0,0.0,0.29043888818845154,0.25747460732108607,2.157474607321086,0.15286257273076398,0.0,0.0,0.0,0.2,a,,False,True
522,Gray,MID,19,TOT,5.0,3,NFO,False,0.153,0.32815630858836636,0.0,0.0,0.03771742039991482,0.0,0.0,0.0,0.29043888818845154,0.2467407143954479,2.146740714395448,0.15286257273076398,0.0,0.0,0.0,0.2,a,,False,True
522,Gray,MID,19,TOT,5.0,4,EVE,True,0.153,0.3389514343287976,0.0,0.0,0.048512546140346086,0.0,0.0,0.0,0.29043888818845154,0.3173605237286629,2.217360523728663,0.15286257273076398,0.0,0.0,0.0,0.2,a,,False,True
522,Gray,MID,19,TOT,5.0,5,AVL,True,0.153,0.33444421825105664,0.0,0.0,0.04400533006260509,0.0,0.0,0.0,0.29043888818845154,0.28787511080368533,2.1878751108036854,0.15286257273076398,0.0,0.0,0.0,0.2,a,,False,True
522,Gray,MID,19,TOT,5.0,6,MUN,False,0.153,0.31429770728299006,0.0,0.0,0.023858819094538533,0.0,0.0,0.0,0.29043888818845154,0.15608018802981252,2.0560801880298123,0.15286257273076398,0.0,0.0,0.0,0.2,a,,False,True
523,Moore,MID,19,TOT,5.0,1,BRE,False,0.153,0.31864369093561706,0.0,0.0,0.028255175295486885,0.0,0.0,0.0,0.2903885156401302,0.18487243871570694,2.0848724387157067,0.15283606086322643,0.0,0.0,0.0,0.2,a,,False,True
523,Moore,MID,19,TOT,5.0,2,NEW,True,0.153,0.329739920395391,0.0,0.0,0.03935140475526083,0.0,0.0,0.0,0.2903885156401302,0.25747460732108607,2.157474607321086,0.15283606086322643,0.0,0.0,0.0,0.2,a,,False,True
523,Moore,MID,19,TOT,5.0,3,NFO,False,0.153,0.3280993944829088,0.0,0.0,0.03771087884277864,0.0,0.0,0.0,0.2903885156401302,0.2467407143954479,2.146740714395448,0.15283606086322643,0.0,0.0,0.0,0.2,a,,False,True
523,Moore,MID,19,TOT,5.0,4,EVE,True,0.153,0.33889264796030955,0.0,0.0,0.04850413232017934,0.0,0.0,0.0,0.2903885156401302,0.3173605237286629,2.217360523728663,0.15283606086322643,0.0,0.0,0.0,0.2,a,,False,True
523,Moore,MID,19,TOT,5.0,5,AVL,True,0.153,0.3343862135959303,0.0,0.0,0.0439976979558001,0.0,0.0,0.0,0.2903885156401302,0.28787511080368533,2.1878751108036854,0.15283606086322643,0.0,0.0,0.0,0.2,a,,False,True
523,Moore,MID,19,TOT,5.0,6,MUN,False,0.153,0.3142431967573984,0.0,0.0,0.023854681117268253,0.0,0.0,0.0,0.2903885156401302,0.15608018802981252,2.0560801880298123,0.15283606086322643,0.0,0.0,0.0,0.2,a,,False,True
524,Olusesi,MID,19,TOT,4.5,1,BRE,False,0.041,0.08529871219297473,0.0,0.0,0.00756371500221782,0.0,0.0,0.0,0.07773499719075691,0.18487243871570694,2.0848724387157067,0.04091315641618785,0.0,0.0,0.0,0.9,a,,False,True
524,Olusesi,MID,19,TOT,4.5,2,NEW,True,0.041,0.08826909607328105,0.0,0.0,0.01053409888252414,0.0,0.0,0.0,0.07773499719075691,0.25747460732108607,2.157474607321086,0.04091315641618785,0.0,0.0,0.0,0.9,a,,False,True
524,Olusesi,MID,19,TOT,4.5,3,NFO,False,0.041,0.0878299386330598,0.0,0.0,0.010094941442302892,0.0,0.0,0.0,0.07773499719075691,0.2467407143954479,2.146740714395448,0.04091315641618785,0.0,0.0,0.0,0.9,a,,False,True
524,Olusesi,MID,19,TOT,4.5,4,EVE,True,0.041,0.090719217938391,0.0,0.0,0.01298422074763408,0.0,0.0,0.0,0.07773499719075691,0.3173605237286629,2.217360523728663,0.04091315641618785,0.0,0.0,0.0,0.9,a,,False,True
524,Olusesi,MID,19,TOT,4.5,5,AVL,True,0.041,0.0895128766273955,0.0,0.0,0.011777879436638586,0.0,0.0,0.0,0.07773499719075691,0.28787511080368533,2.1878751108036854,0.04091315641618785,0.0,0.0,0.0,0.9,a,,False,True
524,Olusesi,MID,19,TOT,4.5,6,MUN,False,0.041,0.08412073033708864,0.0,0.0,0.00638573314633173,0.0,0.0,0.0,0.07773499719075691,0.15608018802981252,2.0560801880298123,0.04091315641618785,0.0,0.0,0.0,0.9,a,,False,True
525,Fernandes,MID,19,TOT,6.0,1,BRE,False,0.409,0.8531272904546836,0.0,0.0,0.07564957922242804,0.0,0.0,0.0,0.7774777112322556,0.18487243871570694,2.0848724387157067,0.4091987953853977,0.0,0.0,0.0,1.9,a,,False,True
525,Fernandes,MID,19,TOT,6.0,2,NEW,True,0.409,0.8828360103903723,0.0,0.0,0.10535829915811672,0.0,0.0,0.0,0.7774777112322556,0.25747460732108607,2.157474607321086,0.4091987953853977,0.0,0.0,0.0,1.9,a,,False,True
525,Fernandes,MID,19,TOT,6.0,3,NFO,False,0.409,0.8784437143354054,0.0,0.0,0.10096600310314974,0.0,0.0,0.0,0.7774777112322556,0.2467407143954479,2.146740714395448,0.4091987953853977,0.0,0.0,0.0,1.9,a,,False,True
525,Fernandes,MID,19,TOT,6.0,4,EVE,True,0.409,0.9073412552449034,0.0,0.0,0.1298635440126478,0.0,0.0,0.0,0.7774777112322556,0.3173605237286629,2.217360523728663,0.4091987953853977,0.0,0.0,0.0,1.9,a,,False,True
525,Fernandes,MID,19,TOT,6.0,5,AVL,True,0.409,0.8952758597945616,0.0,0.0,0.11779814856230593,0.0,0.0,0.0,0.7774777112322556,0.28787511080368533,2.1878751108036854,0.4091987953853977,0.0,0.0,0.0,1.9,a,,False,True
525,Fernandes,MID,19,TOT,6.0,6,MUN,False,0.409,0.8413455361575812,0.0,0.0,0.06386782492532565,0.0,0.0,0.0,0.7774777112322556,0.15608018802981252,2.0560801880298123,0.4091987953853977,0.0,0.0,0.0,1.9,a,,False,True
526,Solanke,FWD,19,TOT,6.0,1,BRE,False,0.621,1.2936775425214944,0.11390756794941265,0.0,0.0,0.0,0.0,0.0,1.1797699745720818,0.18487243871570694,2.0834462511917917,0.6209315655642536,0.04586156279794797,0.0,0.0,1.4,a,,True,True
526,Solanke,FWD,19,TOT,6.0,2,NEW,True,0.621,1.3160625013556302,0.1362925267835485,0.0,0.0,0.0,0.0,0.0,1.1797699745720818,0.25747460732108607,2.1194968565653394,0.6209315655642536,0.05487421414133481,0.0,0.0,1.4,a,,True,True
526,Solanke,FWD,19,TOT,6.0,3,NFO,False,0.621,1.295751681571081,0.11598170699899923,0.0,0.0,0.0,0.0,0.0,1.1797699745720818,0.2467407143954479,2.0867866177710006,0.6209315655642536,0.04669665444275015,0.0,0.0,1.4,a,,True,True
526,Solanke,FWD,19,TOT,6.0,4,EVE,True,0.621,1.3203043834580395,0.14053440888595778,0.0,0.0,0.0,0.0,0.0,1.1797699745720818,0.3173605237286629,2.126328337420326,0.6209315655642536,0.056582084355081545,0.0,0.0,1.4,a,,True,True
526,Solanke,FWD,19,TOT,6.0,5,AVL,True,0.621,1.3161791315152689,0.13640915694318703,0.0,0.0,0.0,0.0,0.0,1.1797699745720818,0.28787511080368533,2.1196846875053437,0.6209315655642536,0.05492117187633599,0.0,0.0,1.4,a,,True,True
526,Solanke,FWD,19,TOT,6.0,6,MUN,False,0.621,1.2856951416353057,0.10592516706322397,0.0,0.0,0.0,0.0,0.0,1.1797699745720818,0.15608018802981252,2.0705907268008956,0.6209315655642536,0.0426476817002239,0.0,0.0,1.4,a,,True,True
527,Richarlison,FWD,19,TOT,6.0,1,BRE,False,0.523,0.993794062280052,0.0,0.0,0.0,0.0,0.0,0.0,0.993794062280052,0.18487243871570694,1.9,0.5230495064631853,0.0,0.0,0.0,3.1,a,,False,True
527,Richarlison,FWD,19,TOT,6.0,2,NEW,True,0.523,0.993794062280052,0.0,0.0,0.0,0.0,0.0,0.0,0.993794062280052,0.25747460732108607,1.9,0.5230495064631853,0.0,0.0,0.0,3.1,a,,False,True
527,Richarlison,FWD,19,TOT,6.0,3,NFO,False,0.523,0.993794062280052,0.0,0.0,0.0,0.0,0.0,0.0,0.993794062280052,0.2467407143954479,1.9,0.5230495064631853,0.0,0.0,0.0,3.1,a,,False,True
527,Richarlison,FWD,19,TOT,6.0,4,EVE,True,0.523,0.993794062280052,0.0,0.0,0.0,0.0,0.0,0.0,0.993794062280052,0.3173605237286629,1.9,0.5230495064631853,0.0,0.0,0.0,3.1,a,,False,True
527,Richarlison,FWD,19,TOT,6.0,5,AVL,True,0.523,0.993794062280052,0.0,0.0,0.0,0.0,0.0,0.0,0.993794062280052,0.28787511080368533,1.9,0.5230495064631853,0.0,0.0,0.0,3.1,a,,False,True
527,Richarlison,FWD,19,TOT,6.0,6,MUN,False,0.523,0.993794062280052,0.0,0.0,0.0,0.0,0.0,0.0,0.993794062280052,0.15608018802981252,1.9,0.5230495064631853,0.0,0.0,0.0,3.1,a,,False,True
528,Scarlett,FWD,19,TOT,4.5,1,BRE,False,0.165,0.3141660679715157,0.0,0.0,0.0,0.0,0.0,0.0,0.3141660679715157,0.18487243871570694,1.9,0.16535056209027144,0.0,0.0,0.0,1.8,a,,False,True
528,Scarlett,FWD,19,TOT,4.5,2,NEW,True,0.165,0.3141660679715157,0.0,0.0,0.0,0.0,0.0,0.0,0.3141660679715157,0.25747460732108607,1.9,0.16535056209027144,0.0,0.0,0.0,1.8,a,,False,True
528,Scarlett,FWD,19,TOT,4.5,3,NFO,False,0.165,0.3141660679715157,0.0,0.0,0.0,0.0,0.0,0.0,0.3141660679715157,0.2467407143954479,1.9,0.16535056209027144,0.0,0.0,0.0,1.8,a,,False,True
528,Scarlett,FWD,19,TOT,4.5,4,EVE,True,0.165,0.3141660679715157,0.0,0.0,0.0,0.0,0.0,0.0,0.3141660679715157,0.3173605237286629,1.9,0.16535056209027144,0.0,0.0,0.0,1.8,a,,False,True
528,Scarlett,FWD,19,TOT,4.5,5,AVL,True,0.165,0.3141660679715157,0.0,0.0,0.0,0.0,0.0,0.0,0.3141660679715157,0.28787511080368533,1.9,0.16535056209027144,0.0,0.0,0.0,1.8,a,,False,True
528,Scarlett,FWD,19,TOT,4.5,6,MUN,False,0.165,0.3141660679715157,0.0,0.0,0.0,0.0,0.0,0.0,0.3141660679715157,0.15608018802981252,1.9,0.16535056209027144,0.0,0.0,0.0,1.8,a,,False,True
601,Williams-Barnett,MID,19,TOT,4.5,1,BRE,False,0.041,0.08529272157230183,0.0,0.0,0.007563183794345025,0.0,0.0,0.0,0.07772953777795681,0.18487243871570694,2.0848724387157067,0.0409102830410299,0.0,0.0,0.0,0.0,a,,False,True
601,Williams-Barnett,MID,19,TOT,4.5,2,NEW,True,0.041,0.08826289683934047,0.0,0.0,0.010533359061383661,0.0,0.0,0.0,0.07772953777795681,0.25747460732108607,2.157474607321086,0.0409102830410299,0.0,0.0,0.0,0.0,a,,False,True
601,Williams-Barnett,MID,19,TOT,4.5,3,NFO,False,0.041,0.08782377024162051,0.0,0.0,0.010094232463663694,0.0,0.0,0.0,0.07772953777795681,0.2467407143954479,2.146740714395448,0.0409102830410299,0.0,0.0,0.0,0.0,a,,False,True
601,Williams-Barnett,MID,19,TOT,4.5,4,EVE,True,0.041,0.0907128466297459,0.0,0.0,0.012983308851789086,0.0,0.0,0.0,0.07772953777795681,0.3173605237286629,2.217360523728663,0.0409102830410299,0.0,0.0,0.0,0.0,a,,False,True
601,Williams-Barnett,MID,19,TOT,4.5,5,AVL,True,0.041,0.08950659004140342,0.0,0.0,0.011777052263446611,0.0,0.0,0.0,0.07772953777795681,0.28787511080368533,2.1878751108036854,0.0409102830410299,0.0,0.0,0.0,0.0,a,,False,True
601,Williams-Barnett,MID,19,TOT,4.5,6,MUN,False,0.041,0.0841148224473536,0.0,0.0,0.006385284669396797,0.0,0.0,0.0,0.07772953777795681,0.15608018802981252,2.0560801880298123,0.0409102830410299,0.0,0.0,0.0,0.0,a,,False,True
529,Roefs,GK,20,SUN,5.0,1,IPS,False,0.596,1.6203053470439128,0.0,0.0,0.7124147806978729,0.0,0.0,0.0,1.131920716880361,0.2989582360186245,2.7197842688736884,0.5957477457265059,0.0,0.0,0.0,4.3,a,,False,True
529,Roefs,GK,20,SUN,5.0,2,FUL,True,0.596,1.6917241068188877,0.0,0.0,0.7647500343498262,0.0,0.0,0.0,1.131920716880361,0.3209202384044376,2.8396651417553485,0.5957477457265059,0.0,0.0,0.0,4.3,a,,False,True
529,Roefs,GK,20,SUN,5.0,3,BRE,False,0.596,1.2450972392640351,0.0,0.0,0.4597650476373185,0.0,0.0,0.0,1.131920716880361,0.19293612562337167,2.0899738995162407,0.5957477457265059,0.0,0.0,0.0,4.3,a,,False,True
529,Roefs,GK,20,SUN,5.0,4,ARS,True,0.596,1.3371176206959647,0.0,0.0,0.5178806183019481,0.0,0.0,0.0,1.131920716880361,0.21732378427651458,2.244435887987069,0.5957477457265059,0.0,0.0,0.0,4.3,a,,False,True
529,Roefs,GK,20,SUN,5.0,5,MCI,False,0.596,1.017474288564538,0.0,0.0,0.3288456084150076,0.0,0.0,0.0,1.131920716880361,0.13799700073308085,1.707894483635423,0.5957477457265059,0.0,0.0,0.0,4.3,a,,False,True
529,Roefs,GK,20,SUN,5.0,6,BHA,True,0.596,1.522103689210771,0.0,0.0,0.6424899262843811,0.0,0.0,0.0,1.131920716880361,0.26961492128722775,2.554946619822434,0.5957477457265059,0.0,0.0,0.0,4.3,a,,False,True
530,Patterson,GK,20,SUN,4.0,1,IPS,False,0.0,0.0,0.0,0.0,0.0,0.0,0.0,0.0,0.0,0.2989582360186245,2.7197842688736884,0.1543613875447487,0.0,0.0,0.0,0.2,u,Has joined Wrexham permanently,False,True
530,Patterson,GK,20,SUN,4.0,2,FUL,True,0.0,0.0,0.0,0.0,0.0,0.0,0.0,0.0,0.0,0.3209202384044376,2.8396651417553485,0.1543613875447487,0.0,0.0,0.0,0.2,u,Has joined Wrexham permanently,False,True
530,Patterson,GK,20,SUN,4.0,3,BRE,False,0.093,0.19356676263698167,0.0,0.0,0.07147653134095583,0.0,0.0,0.0,0.17597198180101353,0.19293612562337167,2.0899738995162407,0.1543613875447487,0.0,0.0,0.0,0.2,u,Has joined Wrexham permanently,False,True
530,Patterson,GK,20,SUN,4.0,4,ARS,True,0.093,0.20787254275494849,0.0,0.0,0.08051136212975624,0.0,0.0,0.0,0.17597198180101353,0.21732378427651458,2.244435887987069,0.1543613875447487,0.0,0.0,0.0,0.2,u,Has joined Wrexham permanently,False,True
530,Patterson,GK,20,SUN,4.0,5,MCI,False,0.093,0.15817977736439162,0.0,0.0,0.05112338042441296,0.0,0.0,0.0,0.17597198180101353,0.13799700073308085,1.707894483635423,0.1543613875447487,0.0,0.0,0.0,0.2,u,Has joined Wrexham permanently,False,True
530,Patterson,GK,20,SUN,4.0,6,BHA,True,0.093,0.2366310632031339,0.0,0.0,0.09988352004639524,0.0,0.0,0.0,0.17597198180101353,0.26961492128722775,2.554946619822434,0.1543613875447487,0.0,0.0,0.0,0.2,u,Has joined Wrexham permanently,False,True
531,Ellborg,GK,20,SUN,4.5,1,IPS,False,0.376,1.0214700504528322,0.0,0.0,0.4491192745308379,0.0,0.0,0.0,0.7135834698625191,0.2989582360186245,2.7197842688736884,0.3755702472960627,0.0,0.0,0.0,0.1,a,,False,True
531,Ellborg,GK,20,SUN,4.5,2,FUL,True,0.376,1.0664937395270653,0.0,0.0,0.48211237319946415,0.0,0.0,0.0,0.7135834698625191,0.3209202384044376,2.8396651417553485,0.3755702472960627,0.0,0.0,0.0,0.1,a,,False,True
531,Ellborg,GK,20,SUN,4.5,3,BRE,False,0.376,0.7849320142836309,0.0,0.0,0.2898442736508557,0.0,0.0,0.0,0.7135834698625191,0.19293612562337167,2.0899738995162407,0.3755702472960627,0.0,0.0,0.0,0.1,a,,False,True
531,Ellborg,GK,20,SUN,4.5,4,ARS,True,0.376,0.8429433414914616,0.0,0.0,0.32648138961618706,0.0,0.0,0.0,0.7135834698625191,0.21732378427651458,2.244435887987069,0.3755702472960627,0.0,0.0,0.0,0.1,a,,False,True
531,Ellborg,GK,20,SUN,4.5,5,MCI,False,0.376,0.6414343535745372,0.0,0.0,0.20731027076575248,0.0,0.0,0.0,0.7135834698625191,0.13799700073308085,1.707894483635423,0.3755702472960627,0.0,0.0,0.0,0.1,a,,False,True
531,Ellborg,GK,20,SUN,4.5,6,BHA,True,0.376,0.959561933834951,0.0,0.0,0.4050373706502104,0.0,0.0,0.0,0.7135834698625191,0.26961492128722775,2.554946619822434,0.3755702472960627,0.0,0.0,0.0,0.1,a,,False,True
532,Ballard,DEF,20,SUN,5.0,1,IPS,False,0.69,1.8764126716942888,0.0,0.0,0.8250198793965763,0.0,0.0,0.0,1.3108334058037463,0.2989582360186245,2.7197842688736884,0.689912318844077,0.0,0.0,0.0,5.5,a,,False,True
532,Ballard,DEF,20,SUN,5.0,2,FUL,True,0.69,1.9591199626891271,0.0,0.0,0.8856273033663983,0.0,0.0,0.0,1.3108334058037463,0.3209202384044376,2.8396651417553485,0.689912318844077,0.0,0.0,0.0,5.5,a,,False,True
532,Ballard,DEF,20,SUN,5.0,3,BRE,False,0.69,1.4418987393388476,0.0,0.0,0.53243603927045,0.0,0.0,0.0,1.3108334058037463,0.19293612562337167,2.0899738995162407,0.689912318844077,0.0,0.0,0.0,5.5,a,,False,True
532,Ballard,DEF,20,SUN,5.0,4,ARS,True,0.69,1.5484639679780239,0.0,0.0,0.5997374238007206,0.0,0.0,0.0,1.3108334058037463,0.21732378427651458,2.244435887987069,0.689912318844077,0.0,0.0,0.0,5.5,a,,False,True
532,Ballard,DEF,20,SUN,5.0,5,MCI,False,0.69,1.1782974435459224,0.0,0.0,0.38082332307715044,0.0,0.0,0.0,1.3108334058037463,0.13799700073308085,1.707894483635423,0.689912318844077,0.0,0.0,0.0,5.5,a,,False,True
532,Ballard,DEF,20,SUN,5.0,6,BHA,True,0.69,1.762689147004532,0.0,0.0,0.7440426221609384,0.0,0.0,0.0,1.3108334058037463,0.26961492128722775,2.554946619822434,0.689912318844077,0.0,0.0,0.0,5.5,a,,False,True
533,Mukiele,DEF,20,SUN,5.5,1,IPS,False,0.759,2.06414832025353,0.0,0.0,0.90756336488313,0.0,0.0,0.0,1.4419826797901985,0.2989582360186245,2.7197842688736884,0.7589382525211571,0.0,0.0,0.0,2.8,a,,False,True
533,Mukiele,DEF,20,SUN,5.5,2,FUL,True,0.759,2.155130500429048,0.0,0.0,0.974234579733348,0.0,0.0,0.0,1.4419826797901985,0.3209202384044376,2.8396651417553485,0.7589382525211571,0.0,0.0,0.0,2.8,a,,False,True
533,Mukiele,DEF,20,SUN,5.5,3,BRE,False,0.759,1.5861611391136838,0.0,0.0,0.5857064241152166,0.0,0.0,0.0,1.4419826797901985,0.19293612562337167,2.0899738995162407,0.7589382525211571,0.0,0.0,0.0,2.8,a,,False,True
533,Mukiele,DEF,20,SUN,5.5,4,ARS,True,0.759,1.7033882507246776,0.0,0.0,0.6597413322804115,0.0,0.0,0.0,1.4419826797901985,0.21732378427651458,2.244435887987069,0.7589382525211571,0.0,0.0,0.0,2.8,a,,False,True
533,Mukiele,DEF,20,SUN,5.5,5,MCI,False,0.759,1.296186454900792,0.0,0.0,0.41892481035810086,0.0,0.0,0.0,1.4419826797901985,0.13799700073308085,1.707894483635423,0.7589382525211571,0.0,0.0,0.0,2.8,a,,False,True
533,Mukiele,DEF,20,SUN,5.5,6,BHA,True,0.759,1.9390467229328752,0.0,0.0,0.8184843088614318,0.0,0.0,0.0,1.4419826797901985,0.26961492128722775,2.554946619822434,0.7589382525211571,0.0,0.0,0.0,2.8,a,,False,True
534,Hume,DEF,20,SUN,4.5,1,IPS,False,0.482,1.30984631147322,0.0,0.0,0.5759123577778466,0.0,0.0,0.0,0.9150387478451504,0.2989582360186245,2.7197842688736884,0.48159934097113183,0.0,0.0,0.0,6.8,a,,False,True
534,Hume,DEF,20,SUN,4.5,2,FUL,True,0.482,1.3675808608480713,0.0,0.0,0.6182199012795027,0.0,0.0,0.0,0.9150387478451504,0.3209202384044376,2.8396651417553485,0.48159934097113183,0.0,0.0,0.0,6.8,a,,False,True
534,Hume,DEF,20,SUN,4.5,3,BRE,False,0.482,1.0065300526538878,0.0,0.0,0.3716716437989572,0.0,0.0,0.0,0.9150387478451504,0.19293612562337167,2.0899738995162407,0.48159934097113183,0.0,0.0,0.0,6.8,a,,False,True
534,Hume,DEF,20,SUN,4.5,4,ARS,True,0.482,1.0809188445065294,0.0,0.0,0.4186519651396874,0.0,0.0,0.0,0.9150387478451504,0.21732378427651458,2.244435887987069,0.48159934097113183,0.0,0.0,0.0,6.8,a,,False,True
534,Hume,DEF,20,SUN,4.5,5,MCI,False,0.482,0.8225208577670512,0.0,0.0,0.26583705843617816,0.0,0.0,0.0,0.9150387478451504,0.13799700073308085,1.707894483635423,0.48159934097113183,0.0,0.0,0.0,6.8,a,,False,True
534,Hume,DEF,20,SUN,4.5,6,BHA,True,0.482,1.230460608322905,0.0,0.0,0.5193854736316499,0.0,0.0,0.0,0.9150387478451504,0.26961492128722775,2.554946619822434,0.48159934097113183,0.0,0.0,0.0,6.8,a,,False,True
535,Alderete,DEF,20,SUN,5.0,1,IPS,False,0.656,1.7850873895907475,0.0,0.0,0.7848660399115286,0.0,0.0,0.0,1.2470349501752835,0.2989582360186245,2.7197842688736884,0.6563341843027809,0.0,0.0,0.0,0.5,a,,False,True
535,Alderete,DEF,20,SUN,5.0,2,FUL,True,0.656,1.8637693045070374,0.0,0.0,0.8425236915977222,0.0,0.0,0.0,1.2470349501752835,0.3209202384044376,2.8396651417553485,0.6563341843027809,0.0,0.0,0.0,0.5,a,,False,True
535,Alderete,DEF,20,SUN,5.0,3,BRE,False,0.656,1.3717213145530938,0.0,0.0,0.506522298534218,0.0,0.0,0.0,1.2470349501752835,0.19293612562337167,2.0899738995162407,0.6563341843027809,0.0,0.0,0.0,0.5,a,,False,True
535,Alderete,DEF,20,SUN,5.0,4,ARS,True,0.656,1.4730999977618804,0.0,0.0,0.5705481147308789,0.0,0.0,0.0,1.2470349501752835,0.21732378427651458,2.244435887987069,0.6563341843027809,0.0,0.0,0.0,0.5,a,,False,True
535,Alderete,DEF,20,SUN,5.0,5,MCI,False,0.656,1.1209495327920744,0.0,0.0,0.3622885956495075,0.0,0.0,0.0,1.2470349501752835,0.13799700073308085,1.707894483635423,0.6563341843027809,0.0,0.0,0.0,0.5,a,,False,True
535,Alderete,DEF,20,SUN,5.0,6,BHA,True,0.656,1.6768988056583043,0.0,0.0,0.7078299577556444,0.0,0.0,0.0,1.2470349501752835,0.26961492128722775,2.554946619822434,0.6563341843027809,0.0,0.0,0.0,0.5,a,,False,True
536,Reinildo,DEF,20,SUN,4.5,1,IPS,False,0.374,1.01853437086193,0.0,0.0,0.4478285168747163,0.0,0.0,0.0,0.7115326486681515,0.2989582360186245,2.7197842688736884,0.3744908677200797,0.0,0.0,0.0,0.5,a,,False,True
536,Reinildo,DEF,20,SUN,4.5,2,FUL,True,0.374,1.0634286629704237,0.0,0.0,0.4807267941960508,0.0,0.0,0.0,0.7115326486681515,0.3209202384044376,2.8396651417553485,0.3744908677200797,0.0,0.0,0.0,0.5,a,,False,True
536,Reinildo,DEF,20,SUN,4.5,3,BRE,False,0.374,0.7826761391421556,0.0,0.0,0.28901126839698704,0.0,0.0,0.0,0.7115326486681515,0.19293612562337167,2.0899738995162407,0.3744908677200797,0.0,0.0,0.0,0.5,a,,False,True
536,Reinildo,DEF,20,SUN,4.5,4,ARS,True,0.374,0.8405207432343651,0.0,0.0,0.32554309019969346,0.0,0.0,0.0,0.7115326486681515,0.21732378427651458,2.244435887987069,0.3744908677200797,0.0,0.0,0.0,0.5,a,,False,True
536,Reinildo,DEF,20,SUN,4.5,5,MCI,False,0.374,0.6395908871509671,0.0,0.0,0.2067144661891997,0.0,0.0,0.0,0.7115326486681515,0.13799700073308085,1.707894483635423,0.3744908677200797,0.0,0.0,0.0,0.5,a,,False,True
536,Reinildo,DEF,20,SUN,4.5,6,BHA,True,0.374,0.956804176635788,0.0,0.0,0.4038733032925397,0.0,0.0,0.0,0.7115326486681515,0.26961492128722775,2.554946619822434,0.3744908677200797,0.0,0.0,0.0,0.5,a,,False,True
537,Seelt,DEF,20,SUN,4.5,1,IPS,False,0.284,0.7720438590628083,0.0,0.0,0.33945173207433954,0.0,0.0,0.0,0.5393381192056084,0.2989582360186245,2.7197842688736884,0.2838621680029518,0.0,0.0,0.0,0.0,a,,False,True
537,Seelt,DEF,20,SUN,4.5,2,FUL,True,0.284,0.8060735035410826,0.0,0.0,0.36438845851803126,0.0,0.0,0.0,0.5393381192056084,0.3209202384044376,2.8396651417553485,0.2838621680029518,0.0,0.0,0.0,0.0,a,,False,True
537,Seelt,DEF,20,SUN,4.5,3,BRE,False,0.284,0.5932645221862634,0.0,0.0,0.21906906762216055,0.0,0.0,0.0,0.5393381192056084,0.19293612562337167,2.0899738995162407,0.2838621680029518,0.0,0.0,0.0,0.0,a,,False,True
537,Seelt,DEF,20,SUN,4.5,4,ARS,True,0.284,0.6371104371076396,0.0,0.0,0.24676000225334893,0.0,0.0,0.0,0.5393381192056084,0.21732378427651458,2.244435887987069,0.2838621680029518,0.0,0.0,0.0,0.0,a,,False,True
537,Seelt,DEF,20,SUN,4.5,5,MCI,False,0.284,0.48480663084503306,0.0,0.0,0.15668851122398902,0.0,0.0,0.0,0.5393381192056084,0.13799700073308085,1.707894483635423,0.2838621680029518,0.0,0.0,0.0,0.0,a,,False,True
537,Seelt,DEF,20,SUN,4.5,6,BHA,True,0.284,0.7252526866346095,0.0,0.0,0.30613390433015064,0.0,0.0,0.0,0.5393381192056084,0.26961492128722775,2.554946619822434,0.2838621680029518,0.0,0.0,0.0,0.0,a,,False,True
538,Hjelde,DEF,20,SUN,4.0,1,IPS,False,0.0,0.0,0.0,0.0,0.0,0.0,0.0,0.0,0.0,0.2989582360186245,2.7197842688736884,0.09024732934392043,0.0,0.0,0.0,0.1,u,Has joined KV Mechelen on loan for the rest of the season,False,True
538,Hjelde,DEF,20,SUN,4.0,2,FUL,True,0.0,0.0,0.0,0.0,0.0,0.0,0.0,0.0,0.0,0.3209202384044376,2.8396651417553485,0.09024732934392043,0.0,0.0,0.0,0.1,u,Has joined KV Mechelen on loan for the rest of the season,False,True
538,Hjelde,DEF,20,SUN,4.0,3,BRE,False,0.054,0.1131687376979039,0.0,0.0,0.04178872817153383,0.0,0.0,0.0,0.1028819554520693,0.19293612562337167,2.0899738995162407,0.09024732934392043,0.0,0.0,0.0,0.1,u,Has joined KV Mechelen on loan for the rest of the season,False,True
538,Hjelde,DEF,20,SUN,4.0,4,ARS,True,0.054,0.12153260686469011,0.0,0.0,0.04707093872128735,0.0,0.0,0.0,0.1028819554520693,0.21732378427651458,2.244435887987069,0.09024732934392043,0.0,0.0,0.0,0.1,u,Has joined KV Mechelen on loan for the rest of the season,False,True
538,Hjelde,DEF,20,SUN,4.0,5,MCI,False,0.054,0.09247974956958657,0.0,0.0,0.029889265856715787,0.0,0.0,0.0,0.1028819554520693,0.13799700073308085,1.707894483635423,0.09024732934392043,0.0,0.0,0.0,0.1,u,Has joined KV Mechelen on loan for the rest of the season,False,True
538,Hjelde,DEF,20,SUN,4.0,6,BHA,True,0.054,0.13834626543315087,0.0,0.0,0.05839686383386471,0.0,0.0,0.0,0.1028819554520693,0.26961492128722775,2.554946619822434,0.09024732934392043,0.0,0.0,0.0,0.1,u,Has joined KV Mechelen on loan for the rest of the season,False,True
539,O'Nien,DEF,20,SUN,4.0,1,IPS,False,0.084,0.22741569534298295,0.0,0.0,0.09998998214787391,0.0,0.0,0.0,0.15886915226942017,0.2989582360186245,2.7197842688736884,0.08361534329969483,0.0,0.0,0.0,3.7,a,,False,True
539,O'Nien,DEF,20,SUN,4.0,2,FUL,True,0.084,0.23743957568405005,0.0,0.0,0.10733542362402784,0.0,0.0,0.0,0.15886915226942017,0.3209202384044376,2.8396651417553485,0.08361534329969483,0.0,0.0,0.0,3.7,a,,False,True
539,O'Nien,DEF,20,SUN,4.0,3,BRE,False,0.084,0.17475388509545234,0.0,0.0,0.06452968151564509,0.0,0.0,0.0,0.15886915226942017,0.19293612562337167,2.0899738995162407,0.08361534329969483,0.0,0.0,0.0,3.7,a,,False,True
539,O'Nien,DEF,20,SUN,4.0,4,ARS,True,0.084,0.18766927728819416,0.0,0.0,0.07268641131787835,0.0,0.0,0.0,0.15886915226942017,0.21732378427651458,2.244435887987069,0.08361534329969483,0.0,0.0,0.0,3.7,a,,False,True
539,O'Nien,DEF,20,SUN,4.0,5,MCI,False,0.084,0.14280618356883093,0.0,0.0,0.04615466636249918,0.0,0.0,0.0,0.15886915226942017,0.13799700073308085,1.707894483635423,0.08361534329969483,0.0,0.0,0.0,3.7,a,,False,True
539,O'Nien,DEF,20,SUN,4.0,6,BHA,True,0.084,0.2136327387288477,0.0,0.0,0.090175776808607,0.0,0.0,0.0,0.15886915226942017,0.26961492128722775,2.554946619822434,0.08361534329969483,0.0,0.0,0.0,3.7,a,,False,True
540,Masuaku,DEF,20,SUN,4.0,1,IPS,False,0.0,0.0,0.0,0.0,0.0,0.0,0.0,0.0,0.0,0.2989582360186245,2.7197842688736884,0.08138251901623299,0.0,0.0,0.0,0.2,u,Has joined Konyaspor permanently,False,True
540,Masuaku,DEF,20,SUN,4.0,2,FUL,True,0.0,0.0,0.0,0.0,0.0,0.0,0.0,0.0,0.0,0.3209202384044376,2.8396651417553485,0.08138251901623299,0.0,0.0,0.0,0.2,u,Has joined Konyaspor permanently,False,True
540,Masuaku,DEF,20,SUN,4.0,3,BRE,False,0.049,0.10205240437248662,0.0,0.0,0.037683906989909664,0.0,0.0,0.0,0.0927760716785056,0.19293612562337167,2.0899738995162407,0.08138251901623299,0.0,0.0,0.0,0.2,u,Has joined Konyaspor permanently,False,True
540,Masuaku,DEF,20,SUN,4.0,4,ARS,True,0.049,0.10959470780089403,0.0,0.0,0.04244725681575159,0.0,0.0,0.0,0.0927760716785056,0.21732378427651458,2.244435887987069,0.08138251901623299,0.0,0.0,0.0,0.2,u,Has joined Konyaspor permanently,False,True
540,Masuaku,DEF,20,SUN,4.0,5,MCI,False,0.049,0.08339565317530755,0.0,0.0,0.026953304487223367,0.0,0.0,0.0,0.0927760716785056,0.13799700073308085,1.707894483635423,0.08138251901623299,0.0,0.0,0.0,0.2,u,Has joined Konyaspor permanently,False,True
540,Masuaku,DEF,20,SUN,4.0,6,BHA,True,0.049,0.12475679512389565,0.0,0.0,0.05266065950092313,0.0,0.0,0.0,0.0927760716785056,0.26961492128722775,2.554946619822434,0.08138251901623299,0.0,0.0,0.0,0.2,u,Has joined Konyaspor permanently,False,True
541,Meunier,DEF,20,SUN,4.5,1,IPS,False,0.236,0.6427954670611091,0.0,0.0,0.28262388477294587,0.0,0.0,0.0,0.44904715472961915,0.2989582360186245,2.7197842688736884,0.23634060775243115,0.0,0.0,0.0,0.3,a,,False,True
541,Meunier,DEF,20,SUN,4.5,2,FUL,True,0.236,0.6711281854158526,0.0,0.0,0.30338593673823955,0.0,0.0,0.0,0.44904715472961915,0.3209202384044376,2.8396651417553485,0.23634060775243115,0.0,0.0,0.0,0.3,a,,False,True
541,Meunier,DEF,20,SUN,4.5,3,BRE,False,0.236,0.49394570159838674,0.0,0.0,0.18239456474890828,0.0,0.0,0.0,0.44904715472961915,0.19293612562337167,2.0899738995162407,0.23634060775243115,0.0,0.0,0.0,0.3,a,,False,True
541,Meunier,DEF,20,SUN,4.5,4,ARS,True,0.236,0.5304513418282313,0.0,0.0,0.20544974101987878,0.0,0.0,0.0,0.44904715472961915,0.21732378427651458,2.244435887987069,0.23634060775243115,0.0,0.0,0.0,0.3,a,,False,True
541,Meunier,DEF,20,SUN,4.5,5,MCI,False,0.236,0.40364482023942044,0.0,0.0,0.13045718008507606,0.0,0.0,0.0,0.44904715472961915,0.13799700073308085,1.707894483635423,0.23634060775243115,0.0,0.0,0.0,0.3,a,,False,True
541,Meunier,DEF,20,SUN,4.5,6,BHA,True,0.236,0.6038376369038537,0.0,0.0,0.25488381742458915,0.0,0.0,0.0,0.44904715472961915,0.26961492128722775,2.554946619822434,0.23634060775243115,0.0,0.0,0.0,0.3,a,,False,True
542,E.Le Fée,MID,20,SUN,6.0,1,IPS,False,0.726,1.5973352921532797,0.0,0.0,0.21716489810968567,0.0,0.0,0.0,1.380170394043594,0.2989582360186245,2.1989582360186244,0.7264054705492601,0.0,0.0,0.0,9.8,a,,False,True
542,E.Le Fée,MID,20,SUN,6.0,2,FUL,True,0.726,1.6132886108305504,0.0,0.0,0.23311821678695624,0.0,0.0,0.0,1.380170394043594,0.3209202384044376,2.2209202384044375,0.7264054705492601,0.0,0.0,0.0,9.8,a,,False,True
542,E.Le Fée,MID,20,SUN,6.0,3,BRE,False,0.726,1.5203202511629905,0.0,0.0,0.14014985711939645,0.0,0.0,0.0,1.380170394043594,0.19293612562337167,2.0929361256233716,0.7264054705492601,0.0,0.0,0.0,9.8,a,,False,True
542,E.Le Fée,MID,20,SUN,6.0,4,ARS,True,0.726,1.5380355798225216,0.0,0.0,0.15786518577892747,0.0,0.0,0.0,1.380170394043594,0.21732378427651458,2.1173237842765147,0.7264054705492601,0.0,0.0,0.0,9.8,a,,False,True
542,E.Le Fée,MID,20,SUN,6.0,5,MCI,False,0.726,1.4804121702954942,0.0,0.0,0.10024177625190019,0.0,0.0,0.0,1.380170394043594,0.13799700073308085,2.037997000733081,0.7264054705492601,0.0,0.0,0.0,9.8,a,,False,True
542,E.Le Fée,MID,20,SUN,6.0,6,BHA,True,0.726,1.5760201478083444,0.0,0.0,0.1958497537647504,0.0,0.0,0.0,1.380170394043594,0.26961492128722775,2.1696149212872275,0.7264054705492601,0.0,0.0,0.0,9.8,a,,False,True
543,Diarra,MID,20,SUN,5.5,1,IPS,False,0.65,1.6223917134857526,0.1921666733819653,0.0,0.19444550973976446,0.0,0.0,0.0,1.2357795303640229,0.2989582360186245,2.49441278147317,0.6504102791389594,0.0590909090909091,0.0,0.0,0.1,a,,True,True
543,Diarra,MID,20,SUN,5.5,2,FUL,True,0.65,1.6207205574226098,0.17621120521661512,0.0,0.20872982184197167,0.0,0.0,0.0,1.2357795303640229,0.3209202384044376,2.4918433939392655,0.6504102791389594,0.05418463110696558,0.0,0.0,0.1,a,,True,True
543,Diarra,MID,20,SUN,5.5,3,BRE,False,0.65,1.5104113289925207,0.1491441593058113,0.0,0.1254876393226865,0.0,0.0,0.0,1.2357795303640229,0.19293612562337167,2.3222439396131116,0.6504102791389594,0.04586156279794797,0.0,0.0,0.1,a,,True,True
543,Diarra,MID,20,SUN,5.5,4,ARS,True,0.65,1.4867903562626807,0.10966120270383496,0.0,0.14134962319482286,0.0,0.0,0.0,1.2357795303640229,0.21732378427651458,2.2859269048314497,0.6504102791389594,0.033720624110987016,0.0,0.0,0.1,a,,True,True
543,Diarra,MID,20,SUN,5.5,5,MCI,False,0.65,1.448158788169817,0.12262459003865188,0.0,0.0897546677671423,0.0,0.0,0.0,1.2357795303640229,0.13799700073308085,2.226531213631726,0.6504102791389594,0.037706842579729054,0.0,0.0,0.1,a,,True,True
543,Diarra,MID,20,SUN,5.5,6,BHA,True,0.65,1.5749957651347288,0.1638559185562516,0.0,0.1753603162144544,0.0,0.0,0.0,1.2357795303640229,0.26961492128722775,2.4215419338387068,0.6504102791389594,0.0503854025102958,0.0,0.0,0.1,a,,True,True
544,Xhaka,MID,20,SUN,5.5,1,IPS,False,0.617,1.3563881246040626,0.0,0.0,0.1844070498685025,0.0,0.0,0.0,1.1719810747355601,0.2989582360186245,2.1989582360186244,0.6168321445976632,0.0,0.0,0.0,4.5,a,,False,True
544,Xhaka,MID,20,SUN,5.5,2,FUL,True,0.617,1.3699349936353626,0.0,0.0,0.19795391889980263,0.0,0.0,0.0,1.1719810747355601,0.3209202384044376,2.2209202384044375,0.6168321445976632,0.0,0.0,0.0,4.5,a,,False,True
544,Xhaka,MID,20,SUN,5.5,3,BRE,False,0.617,1.2909902788741887,0.0,0.0,0.11900920413862852,0.0,0.0,0.0,1.1719810747355601,0.19293612562337167,2.0929361256233716,0.6168321445976632,0.0,0.0,0.0,4.5,a,,False,True
544,Xhaka,MID,20,SUN,5.5,4,ARS,True,0.617,1.3060333706629226,0.0,0.0,0.13405229592736242,0.0,0.0,0.0,1.1719810747355601,0.21732378427651458,2.1173237842765147,0.6168321445976632,0.0,0.0,0.0,4.5,a,,False,True
544,Xhaka,MID,20,SUN,5.5,5,MCI,False,0.617,1.2571020606457917,0.0,0.0,0.08512098591023157,0.0,0.0,0.0,1.1719810747355601,0.13799700073308085,2.037997000733081,0.6168321445976632,0.0,0.0,0.0,4.5,a,,False,True
544,Xhaka,MID,20,SUN,5.5,6,BHA,True,0.617,1.338288224848691,0.0,0.0,0.16630715011313085,0.0,0.0,0.0,1.1719810747355601,0.26961492128722775,2.1696149212872275,0.6168321445976632,0.0,0.0,0.0,4.5,a,,False,True
545,Sadiki,MID,20,SUN,5.0,1,IPS,False,0.32,0.7032157754513042,0.0,0.0,0.09560533907639455,0.0,0.0,0.0,0.6076104363749096,0.2989582360186245,2.1989582360186244,0.31979496651311035,0.0,0.0,0.0,0.4,a,,False,True
545,Sadiki,MID,20,SUN,5.0,2,FUL,True,0.32,0.7102391132688362,0.0,0.0,0.10262867689392652,0.0,0.0,0.0,0.6076104363749096,0.3209202384044376,2.2209202384044375,0.31979496651311035,0.0,0.0,0.0,0.4,a,,False,True
545,Sadiki,MID,20,SUN,5.0,3,BRE,False,0.32,0.669310438207805,0.0,0.0,0.061700001832895396,0.0,0.0,0.0,0.6076104363749096,0.19293612562337167,2.0929361256233716,0.31979496651311035,0.0,0.0,0.0,0.4,a,,False,True
545,Sadiki,MID,20,SUN,5.0,4,ARS,True,0.32,0.67710948869012,0.0,0.0,0.06949905231521039,0.0,0.0,0.0,0.6076104363749096,0.21732378427651458,2.1173237842765147,0.31979496651311035,0.0,0.0,0.0,0.4,a,,False,True
545,Sadiki,MID,20,SUN,5.0,5,MCI,False,0.32,0.6517411826032549,0.0,0.0,0.04413074622834526,0.0,0.0,0.0,0.6076104363749096,0.13799700073308085,2.037997000733081,0.31979496651311035,0.0,0.0,0.0,0.4,a,,False,True
545,Sadiki,MID,20,SUN,5.0,6,BHA,True,0.32,0.6938319310993936,0.0,0.0,0.08622149472448389,0.0,0.0,0.0,0.6076104363749096,0.26961492128722775,2.1696149212872275,0.31979496651311035,0.0,0.0,0.0,0.4,a,,False,True
546,Adingra,MID,20,SUN,5.0,1,IPS,False,0.0,0.0,0.0,0.0,0.0,0.0,0.0,0.0,0.0,0.2989582360186245,2.1989582360186244,0.2291662667959824,0.0,0.0,0.0,0.1,i,Ankle injury - Unknown return date,False,True
546,Adingra,MID,20,SUN,5.0,2,FUL,True,0.0,0.0,0.0,0.0,0.0,0.0,0.0,0.0,0.0,0.3209202384044376,2.2209202384044375,0.2291662667959824,0.0,0.0,0.0,0.1,i,Ankle injury - Unknown return date,False,True
546,Adingra,MID,20,SUN,5.0,3,BRE,False,0.137,0.28777821513093316,0.0,0.0,0.02652867098351326,0.0,0.0,0.0,0.2612495441474199,0.19293612562337167,2.0929361256233716,0.2291662667959824,0.0,0.0,0.0,0.1,i,Ankle injury - Unknown return date,False,True
546,Adingra,MID,20,SUN,5.0,4,ARS,True,0.137,0.29113151234459445,0.0,0.0,0.029881968197174556,0.0,0.0,0.0,0.2612495441474199,0.21732378427651458,2.1173237842765147,0.2291662667959824,0.0,0.0,0.0,0.1,i,Ankle injury - Unknown return date,False,True
546,Adingra,MID,20,SUN,5.0,5,MCI,False,0.137,0.2802240986396455,0.0,0.0,0.01897455449222555,0.0,0.0,0.0,0.2612495441474199,0.13799700073308085,2.037997000733081,0.2291662667959824,0.0,0.0,0.0,0.1,i,Ankle injury - Unknown return date,False,True
546,Adingra,MID,20,SUN,5.0,6,BHA,True,0.137,0.2983215311377519,0.0,0.0,0.03707198699033198,0.0,0.0,0.0,0.2612495441474199,0.26961492128722775,2.1696149212872275,0.2291662667959824,0.0,0.0,0.0,0.1,i,Ankle injury - Unknown return date,False,True
547,Mundle,MID,20,SUN,5.0,1,IPS,False,0.182,0.39942912348732945,0.0,0.0,0.05430418105095196,0.0,0.0,0.0,0.3451249424363775,0.2989582360186245,2.1989582360186244,0.18164470654546183,0.0,0.0,0.0,0.0,a,,False,True
547,Mundle,MID,20,SUN,5.0,2,FUL,True,0.182,0.4034184049658512,0.0,0.0,0.05829346252947372,0.0,0.0,0.0,0.3451249424363775,0.3209202384044376,2.2209202384044375,0.18164470654546183,0.0,0.0,0.0,0.0,a,,False,True
547,Mundle,MID,20,SUN,5.0,3,BRE,False,0.182,0.38017076835725316,0.0,0.0,0.035045825920875705,0.0,0.0,0.0,0.3451249424363775,0.19293612562337167,2.0929361256233716,0.18164470654546183,0.0,0.0,0.0,0.0,a,,False,True
547,Mundle,MID,20,SUN,5.0,4,ARS,True,0.182,0.38460065745663424,0.0,0.0,0.03947571502025674,0.0,0.0,0.0,0.3451249424363775,0.21732378427651458,2.1173237842765147,0.18164470654546183,0.0,0.0,0.0,0.0,a,,False,True
547,Mundle,MID,20,SUN,5.0,5,MCI,False,0.182,0.37019136713869183,0.0,0.0,0.025066424702314353,0.0,0.0,0.0,0.3451249424363775,0.13799700073308085,2.037997000733081,0.18164470654546183,0.0,0.0,0.0,0.0,a,,False,True
547,Mundle,MID,20,SUN,5.0,6,BHA,True,0.182,0.39409906569387376,0.0,0.0,0.048974123257496276,0.0,0.0,0.0,0.3451249424363775,0.26961492128722775,2.1696149212872275,0.18164470654546183,0.0,0.0,0.0,0.0,a,,False,True
548,Rigg,MID,20,SUN,5.0,1,IPS,False,0.163,0.3579746117690908,0.0,0.0,0.04866825423101528,0.0,0.0,0.0,0.3093063575380755,0.2989582360186245,2.1989582360186244,0.16279281975688184,0.0,0.0,0.0,0.1,a,,False,True
548,Rigg,MID,20,SUN,5.0,2,FUL,True,0.163,0.3615498680649847,0.0,0.0,0.05224351052690916,0.0,0.0,0.0,0.3093063575380755,0.3209202384044376,2.2209202384044375,0.16279281975688184,0.0,0.0,0.0,0.1,a,,False,True
548,Rigg,MID,20,SUN,5.0,3,BRE,False,0.163,0.34071497346127216,0.0,0.0,0.03140861592319666,0.0,0.0,0.0,0.3093063575380755,0.19293612562337167,2.0929361256233716,0.16279281975688184,0.0,0.0,0.0,0.1,a,,False,True
548,Rigg,MID,20,SUN,5.0,4,ARS,True,0.163,0.3446851091806856,0.0,0.0,0.03537875164261011,0.0,0.0,0.0,0.3093063575380755,0.21732378427651458,2.1173237842765147,0.16279281975688184,0.0,0.0,0.0,0.1,a,,False,True
548,Rigg,MID,20,SUN,5.0,5,MCI,False,0.163,0.3317712784054062,0.0,0.0,0.022464920867330724,0.0,0.0,0.0,0.3093063575380755,0.13799700073308085,2.037997000733081,0.16279281975688184,0.0,0.0,0.0,0.1,a,,False,True
548,Rigg,MID,20,SUN,5.0,6,BHA,True,0.163,0.353197730822953,0.0,0.0,0.04389137328487755,0.0,0.0,0.0,0.3093063575380755,0.26961492128722775,2.1696149212872275,0.16279281975688184,0.0,0.0,0.0,0.1,a,,False,True
549,Talbi,MID,20,SUN,5.5,1,IPS,False,0.543,1.1950480838524917,0.0,0.0,0.16247214760787854,0.0,0.0,0.0,1.0325759362446132,0.2989582360186245,2.1989582360186244,0.5434610190761122,0.0,0.0,0.0,0.2,a,,False,True
549,Talbi,MID,20,SUN,5.5,2,FUL,True,0.543,1.2069835760500378,0.0,0.0,0.17440763980542456,0.0,0.0,0.0,1.0325759362446132,0.3209202384044376,2.2209202384044375,0.5434610190761122,0.0,0.0,0.0,0.2,a,,False,True
549,Talbi,MID,20,SUN,5.5,3,BRE,False,0.543,1.1374291996924875,0.0,0.0,0.10485326344787438,0.0,0.0,0.0,1.0325759362446132,0.19293612562337167,2.0929361256233716,0.5434610190761122,0.0,0.0,0.0,0.2,a,,False,True
549,Talbi,MID,20,SUN,5.5,4,ARS,True,0.543,1.150682941517005,0.0,0.0,0.11810700527239179,0.0,0.0,0.0,1.0325759362446132,0.21732378427651458,2.1173237842765147,0.5434610190761122,0.0,0.0,0.0,0.2,a,,False,True
549,Talbi,MID,20,SUN,5.5,5,MCI,False,0.543,1.1075719268924602,0.0,0.0,0.07499599064784712,0.0,0.0,0.0,1.0325759362446132,0.13799700073308085,2.037997000733081,0.5434610190761122,0.0,0.0,0.0,0.2,a,,False,True
549,Talbi,MID,20,SUN,5.5,6,BHA,True,0.543,1.1791011361254957,0.0,0.0,0.14652519988088258,0.0,0.0,0.0,1.0325759362446132,0.26961492128722775,2.1696149212872275,0.5434610190761122,0.0,0.0,0.0,0.2,a,,False,True
550,Jocelin.T,MID,20,SUN,5.0,1,IPS,False,0.156,0.3433911514359803,0.0,0.0,0.046685567381933454,0.0,0.0,0.0,0.29670558405404684,0.2989582360186245,2.1989582360186244,0.15616083371265624,0.0,0.0,0.0,0.0,a,,False,True
550,Jocelin.T,MID,20,SUN,5.0,2,FUL,True,0.156,0.34682075603854823,0.0,0.0,0.050115171984501376,0.0,0.0,0.0,0.29670558405404684,0.3209202384044376,2.2209202384044375,0.15616083371265624,0.0,0.0,0.0,0.0,a,,False,True
550,Jocelin.T,MID,20,SUN,5.0,3,BRE,False,0.156,0.32683465028468234,0.0,0.0,0.0301290662306355,0.0,0.0,0.0,0.29670558405404684,0.19293612562337167,2.0929361256233716,0.15616083371265624,0.0,0.0,0.0,0.0,a,,False,True
550,Jocelin.T,MID,20,SUN,5.0,4,ARS,True,0.156,0.3306430473922568,0.0,0.0,0.03393746333820997,0.0,0.0,0.0,0.29670558405404684,0.21732378427651458,2.1173237842765147,0.15616083371265624,0.0,0.0,0.0,0.0,a,,False,True
550,Jocelin.T,MID,20,SUN,5.0,5,MCI,False,0.156,0.31825531073837077,0.0,0.0,0.02154972668432394,0.0,0.0,0.0,0.29670558405404684,0.13799700073308085,2.037997000733081,0.15616083371265624,0.0,0.0,0.0,0.0,a,,False,True
550,Jocelin.T,MID,20,SUN,5.0,6,BHA,True,0.156,0.33880887494363254,0.0,0.0,0.04210329088958567,0.0,0.0,0.0,0.29670558405404684,0.26961492128722775,2.1696149212872275,0.15616083371265624,0.0,0.0,0.0,0.0,a,,False,True
551,Angulo,MID,20,SUN,5.0,1,IPS,False,0.154,0.33848126408827944,0.0,0.0,0.04601804617281015,0.0,0.0,0.0,0.2924632179154693,0.2989582360186245,2.1989582360186244,0.15392800942919438,0.0,0.0,0.0,0.1,a,,False,True
551,Angulo,MID,20,SUN,5.0,2,FUL,True,0.154,0.3418618313986069,0.0,0.0,0.04939861348313758,0.0,0.0,0.0,0.2924632179154693,0.3209202384044376,2.2209202384044375,0.15392800942919438,0.0,0.0,0.0,0.1,a,,False,True
551,Angulo,MID,20,SUN,5.0,3,BRE,False,0.154,0.3221614916796559,0.0,0.0,0.029698273764186586,0.0,0.0,0.0,0.2924632179154693,0.19293612562337167,2.0929361256233716,0.15392800942919438,0.0,0.0,0.0,0.1,a,,False,True
551,Angulo,MID,20,SUN,5.0,4,ARS,True,0.154,0.32591543543077284,0.0,0.0,0.03345221751530354,0.0,0.0,0.0,0.2924632179154693,0.21732378427651458,2.1173237842765147,0.15392800942919438,0.0,0.0,0.0,0.1,a,,False,True
551,Angulo,MID,20,SUN,5.0,5,MCI,False,0.154,0.31370482154551155,0.0,0.0,0.021241603630042214,0.0,0.0,0.0,0.2924632179154693,0.13799700073308085,2.037997000733081,0.15392800942919438,0.0,0.0,0.0,0.1,a,,False,True
551,Angulo,MID,20,SUN,5.0,6,BHA,True,0.154,0.3339645060616212,0.0,0.0,0.04150128814615189,0.0,0.0,0.0,0.2924632179154693,0.26961492128722775,2.1696149212872275,0.15392800942919438,0.0,0.0,0.0,0.1,a,,False,True
552,Brobbey,FWD,20,SUN,6.0,1,IPS,False,0.621,1.1797699745720818,0.0,0.0,0.0,0.0,0.0,0.0,1.1797699745720818,0.2989582360186245,1.9,0.6209315655642536,0.0,0.0,0.0,13.9,a,,False,True
552,Brobbey,FWD,20,SUN,6.0,2,FUL,True,0.621,1.1797699745720818,0.0,0.0,0.0,0.0,0.0,0.0,1.1797699745720818,0.3209202384044376,1.9,0.6209315655642536,0.0,0.0,0.0,13.9,a,,False,True
552,Brobbey,FWD,20,SUN,6.0,3,BRE,False,0.621,1.1797699745720818,0.0,0.0,0.0,0.0,0.0,0.0,1.1797699745720818,0.19293612562337167,1.9,0.6209315655642536,0.0,0.0,0.0,13.9,a,,False,True
552,Brobbey,FWD,20,SUN,6.0,4,ARS,True,0.621,1.1797699745720818,0.0,0.0,0.0,0.0,0.0,0.0,1.1797699745720818,0.21732378427651458,1.9,0.6209315655642536,0.0,0.0,0.0,13.9,a,,False,True
552,Brobbey,FWD,20,SUN,6.0,5,MCI,False,0.621,1.1797699745720818,0.0,0.0,0.0,0.0,0.0,0.0,1.1797699745720818,0.13799700073308085,1.9,0.6209315655642536,0.0,0.0,0.0,13.9,a,,False,True
552,Brobbey,FWD,20,SUN,6.0,6,BHA,True,0.621,1.1797699745720818,0.0,0.0,0.0,0.0,0.0,0.0,1.1797699745720818,0.26961492128722775,1.9,0.6209315655642536,0.0,0.0,0.0,13.9,a,,False,True
553,Isidor,FWD,20,SUN,5.5,1,IPS,False,0.436,0.828001049170755,0.0,0.0,0.0,0.0,0.0,0.0,0.828001049170755,0.2989582360186245,1.9,0.4357900258793448,0.0,0.0,0.0,1.0,a,,False,True
553,Isidor,FWD,20,SUN,5.5,2,FUL,True,0.436,0.828001049170755,0.0,0.0,0.0,0.0,0.0,0.0,0.828001049170755,0.3209202384044376,1.9,0.4357900258793448,0.0,0.0,0.0,1.0,a,,False,True
553,Isidor,FWD,20,SUN,5.5,3,BRE,False,0.436,0.828001049170755,0.0,0.0,0.0,0.0,0.0,0.0,0.828001049170755,0.19293612562337167,1.9,0.4357900258793448,0.0,0.0,0.0,1.0,a,,False,True
553,Isidor,FWD,20,SUN,5.5,4,ARS,True,0.436,0.828001049170755,0.0,0.0,0.0,0.0,0.0,0.0,0.828001049170755,0.21732378427651458,1.9,0.4357900258793448,0.0,0.0,0.0,1.0,a,,False,True
553,Isidor,FWD,20,SUN,5.5,5,MCI,False,0.436,0.828001049170755,0.0,0.0,0.0,0.0,0.0,0.0,0.828001049170755,0.13799700073308085,1.9,0.4357900258793448,0.0,0.0,0.0,1.0,a,,False,True
553,Isidor,FWD,20,SUN,5.5,6,BHA,True,0.436,0.828001049170755,0.0,0.0,0.0,0.0,0.0,0.0,0.828001049170755,0.26961492128722775,1.9,0.4357900258793448,0.0,0.0,0.0,1.0,a,,False,True
